"Binalonan, Pangasinan — Central Agricultural Production Dataset",,,,,,,,,,,,,,,,,,,,,,,,,,,,
,,,,,,,,,,,,,,,,,,,,,,,,,,,,
"Crop
Type",Barangay,Month,Year,"Season /
Period",Phase,"Rainfall
(mm/day)","Avg Temp
(°C)","Min Temp
(°C)","Max Temp
(°C)","Humidity
(%)","Surface
Pressure (kPa)","Solar Rad.
(MJ/m²/day)","Climate
Type","Climate
Season",Soil Type,Terrain Type,"Elevation
(m asl)","Nearest
Water Body","Land Size
(ha)","Irrigated
Area (ha)","Rainfed
Area (ha)","Total Area
Planted (ha)","Area
Harvested (ha)","Production
(MT)","Yield
(MT/ha)","Primary Planting
Technique",Tillage Method,Water Management
Palay,Pasileng Norte,January,2007,DS 2007-2008,Planting,0.40,24.24,16.82,31.18,79.65,98.68,16.49,Type I – Tropical Monsoon (PAGASA),Dry (Cool),Sandy Loam,Flat / Lowland,30,Tagamusing River,140.28,6.00,26.40,69.00,,,,Transplanting (Pindot) or Direct Seeding (Pinaghandaan),Conventional Tillage: 2 plowings + 2 harrowings; soil workable when moist,Intermittent irrigation (Alternate Wetting and Drying — AWD); moderate retention
Palay,Tabuyoc,January,2007,DS 2007-2008,Planting,0.40,24.24,16.82,31.18,79.65,98.68,16.49,Type I – Tropical Monsoon (PAGASA),Dry (Cool),Silty Clay Loam,Flat / Lowland,30,—,277.20,10.00,81.66,59.00,,,,Transplanting (Pindot) — optimal for clay-loam paddy fields,Wet Tillage (Puddling): 2 plowings + thorough harrowing under flooded condition,Continuous flooding 2–5 cm depth during vegetative stage; drain 2 weeks before harvest
Palay,Bued,January,2007,DS 2007-2008,Planting,0.40,24.24,16.82,31.18,79.65,98.68,16.49,Type I – Tropical Monsoon (PAGASA),Dry (Cool),Silty Clay Loam,Flat / Lowland,30,Tagamusing River,210.84,2.00,35.32,34.10,,,,Transplanting (Pindot) — optimal for clay-loam paddy fields,Wet Tillage (Puddling): 2 plowings + thorough harrowing under flooded condition,Continuous flooding 2–5 cm depth during vegetative stage; drain 2 weeks before harvest
Palay,Dumayat,January,2007,DS 2007-2008,Planting,0.40,24.24,16.82,31.18,79.65,98.68,16.49,Type I – Tropical Monsoon (PAGASA),Dry (Cool),Silty Clay Loam,Flat / Lowland,30,—,266.28,2.00,35.32,12.25,,,,Transplanting (Pindot) — optimal for clay-loam paddy fields,Wet Tillage (Puddling): 2 plowings + thorough harrowing under flooded condition,Continuous flooding 2–5 cm depth during vegetative stage; drain 2 weeks before harvest
Palay,Camanggaan,January,2007,DS 2007-2008,Planting,0.40,24.24,16.82,31.18,79.65,98.68,16.49,Type I – Tropical Monsoon (PAGASA),Dry (Cool),Sandy Loam,Flat / Lowland,30,—,244.44,5.43,52.42,38.83,,,,Transplanting (Pindot) or Direct Seeding (Pinaghandaan),Conventional Tillage: 2 plowings + 2 harrowings; soil workable when moist,Intermittent irrigation (Alternate Wetting and Drying — AWD); moderate retention
Palay,Bugayong,January,2007,DS 2007-2008,Planting,0.40,24.24,16.82,31.18,79.65,98.68,16.49,Type I – Tropical Monsoon (PAGASA),Dry (Cool),Sandy Loam / Silty Clay Loam,Flat / Lowland,30,Aloragat River,346.08,2.00,41.02,20.00,,,,Transplanting (Pindot) — recommended; Direct Seeding possible in dry season,Conventional Tillage: 2 plowings + harrowing; puddle thoroughly for transplanting,Intermittent to continuous flooding; manage according to drainage section present
Palay,Vacante,January,2007,DS 2007-2008,Planting,0.40,24.24,16.82,31.18,79.65,98.68,16.49,Type I – Tropical Monsoon (PAGASA),Dry (Cool),Silty Clay Loam,Flat / Lowland,30,Aloragat River,484.68,20.06,81.66,33.83,,,,Transplanting (Pindot) — optimal for clay-loam paddy fields,Wet Tillage (Puddling): 2 plowings + thorough harrowing under flooded condition,Continuous flooding 2–5 cm depth during vegetative stage; drain 2 weeks before harvest
Palay,Sta. Catalina,January,2007,DS 2007-2008,Planting,0.40,24.24,16.82,31.18,79.65,98.68,16.49,Type I – Tropical Monsoon (PAGASA),Dry (Cool),Fine Sand / Sandy Loam,Moderately Sloping / Highland,90,—,709.80,2.00,145.04,41.37,,,,Transplanting (Pindot),Minimum Tillage (avoid compaction; sandy structure fragile),Continuous flooding or frequent irrigation; high percolation risk; terrace or bund-assisted water retention essential on slopes
Palay,Moreno,January,2007,DS 2007-2008,Planting,0.40,24.24,16.82,31.18,79.65,98.68,16.49,Type I – Tropical Monsoon (PAGASA),Dry (Cool),Sandy Loam,Moderately Sloping / Highland,90,Alibeng River,641.76,2.00,135.56,28.92,,,,Transplanting (Pindot) or Direct Seeding (Pinaghandaan),Conventional Tillage: 2 plowings + 2 harrowings; soil workable when moist,Intermittent irrigation (Alternate Wetting and Drying — AWD); moderate retention; terrace or bund-assisted water retention essential on slopes
Palay,Cili,January,2007,DS 2007-2008,Planting,0.40,24.24,16.82,31.18,79.65,98.68,16.49,Type I – Tropical Monsoon (PAGASA),Dry (Cool),Silty Clay Loam,Flat / Lowland,30,Alibeng River,264.60,2.00,35.32,14.00,,,,Transplanting (Pindot) — optimal for clay-loam paddy fields,Wet Tillage (Puddling): 2 plowings + thorough harrowing under flooded condition,Continuous flooding 2–5 cm depth during vegetative stage; drain 2 weeks before harvest
Palay,San Pablo,January,2007,DS 2007-2008,Planting,0.40,24.24,16.82,31.18,79.65,98.68,16.49,Type I – Tropical Monsoon (PAGASA),Dry (Cool),Sandy Loam,Flat / Lowland,30,San Pablo Creek,215.04,5.00,20.70,39.00,,,,Transplanting (Pindot) or Direct Seeding (Pinaghandaan),Conventional Tillage: 2 plowings + 2 harrowings; soil workable when moist,Intermittent irrigation (Alternate Wetting and Drying — AWD); moderate retention
Palay,Balangobong,January,2007,DS 2007-2008,Planting,0.40,24.24,16.82,31.18,79.65,98.68,16.49,Type I – Tropical Monsoon (PAGASA),Dry (Cool),Silty Clay Loam,Flat / Lowland,30,—,281.40,4.00,35.32,24.00,,,,Transplanting (Pindot) — optimal for clay-loam paddy fields,Wet Tillage (Puddling): 2 plowings + thorough harrowing under flooded condition,Continuous flooding 2–5 cm depth during vegetative stage; drain 2 weeks before harvest
Palay,San Felipe Central,January,2007,DS 2007-2008,Planting,0.40,24.24,16.82,31.18,79.65,98.68,16.49,Type I – Tropical Monsoon (PAGASA),Dry (Cool),Sandy Loam,Flat / Lowland,30,—,452.76,12.00,41.02,36.00,,,,Transplanting (Pindot) or Direct Seeding (Pinaghandaan),Conventional Tillage: 2 plowings + 2 harrowings; soil workable when moist,Intermittent irrigation (Alternate Wetting and Drying — AWD); moderate retention
Palay,Sumabnit,January,2007,DS 2007-2008,Planting,0.40,24.24,16.82,31.18,79.65,98.68,16.49,Type I – Tropical Monsoon (PAGASA),Dry (Cool),Silty Clay Loam / Fine Sandy Loam,Flat / Lowland,30,Tagamusing River,406.56,15.72,81.66,21.13,,,,Transplanting (Pindot),Minimum Tillage (avoid compaction; sandy structure fragile),Continuous flooding or frequent irrigation; high percolation risk
Palay,San Felipe Sur,January,2007,DS 2007-2008,Planting,0.40,24.24,16.82,31.18,79.65,98.68,16.49,Type I – Tropical Monsoon (PAGASA),Dry (Cool),Sandy Loam,Flat / Lowland,30,Tagamusing River,504.00,2.00,26.40,56.00,,,,Transplanting (Pindot) or Direct Seeding (Pinaghandaan),Conventional Tillage: 2 plowings + 2 harrowings; soil workable when moist,Intermittent irrigation (Alternate Wetting and Drying — AWD); moderate retention
Palay,Linmansangan,January,2007,DS 2007-2008,Planting,0.40,24.24,16.82,31.18,79.65,98.68,16.49,Type I – Tropical Monsoon (PAGASA),Dry (Cool),Silty Clay Loam,Flat / Lowland,30,—,492.24,2.00,81.66,12.25,,,,Transplanting (Pindot) — optimal for clay-loam paddy fields,Wet Tillage (Puddling): 2 plowings + thorough harrowing under flooded condition,Continuous flooding 2–5 cm depth during vegetative stage; drain 2 weeks before harvest
Palay,Pasileng Sur,January,2007,DS 2007-2008,Planting,0.40,24.24,16.82,31.18,79.65,98.68,16.49,Type I – Tropical Monsoon (PAGASA),Dry (Cool),Sandy Loam,Flat / Lowland,30,Tagamusing River,414.96,41.00,41.02,95.00,,,,Transplanting (Pindot) or Direct Seeding (Pinaghandaan),Conventional Tillage: 2 plowings + 2 harrowings; soil workable when moist,Intermittent irrigation (Alternate Wetting and Drying — AWD); moderate retention
Palay,Capas,January,2007,DS 2007-2008,Planting,0.40,24.24,16.82,31.18,79.65,98.68,16.49,Type I – Tropical Monsoon (PAGASA),Dry (Cool),Sandy Loam,Flat / Lowland,30,—,377.16,4.00,52.42,58.00,,,,Transplanting (Pindot) or Direct Seeding (Pinaghandaan),Conventional Tillage: 2 plowings + 2 harrowings; soil workable when moist,Intermittent irrigation (Alternate Wetting and Drying — AWD); moderate retention
Palay,Sta. Maria Norte,January,2007,DS 2007-2008,Planting,0.40,24.24,16.82,31.18,79.65,98.68,16.49,Type I – Tropical Monsoon (PAGASA),Dry (Cool),Sandy Loam,Flat / Lowland,30,Tagamusing River,157.08,5.61,20.70,30.73,,,,Transplanting (Pindot) or Direct Seeding (Pinaghandaan),Conventional Tillage: 2 plowings + 2 harrowings; soil workable when moist,Intermittent irrigation (Alternate Wetting and Drying — AWD); moderate retention
Palay,Mangkasuy,January,2007,DS 2007-2008,Planting,0.40,24.24,16.82,31.18,79.65,98.68,16.49,Type I – Tropical Monsoon (PAGASA),Dry (Cool),Sandy Loam,Flat / Lowland,30,Tagamusing River,802.20,2.00,70.82,12.25,,,,Transplanting (Pindot) or Direct Seeding (Pinaghandaan),Conventional Tillage: 2 plowings + 2 harrowings; soil workable when moist,Intermittent irrigation (Alternate Wetting and Drying — AWD); moderate retention
Palay,Santiago,January,2007,DS 2007-2008,Planting,0.40,24.24,16.82,31.18,79.65,98.68,16.49,Type I – Tropical Monsoon (PAGASA),Dry (Cool),Silty Clay Loam,Flat / Lowland,30,—,283.08,20.16,81.66,81.13,,,,Transplanting (Pindot) — optimal for clay-loam paddy fields,Wet Tillage (Puddling): 2 plowings + thorough harrowing under flooded condition,Continuous flooding 2–5 cm depth during vegetative stage; drain 2 weeks before harvest
Palay,Pasileng Norte,January,2008,DS 2008-2009,Planting,1.45,23.94,17.59,30.50,81.62,98.54,16.06,Type I – Tropical Monsoon (PAGASA),Dry (Cool),Sandy Loam,Flat / Lowland,30,Tagamusing River,140.28,9.34,26.40,74.50,,,,Transplanting (Pindot) or Direct Seeding (Pinaghandaan),Conventional Tillage: 2 plowings + 2 harrowings; soil workable when moist,Intermittent irrigation (Alternate Wetting and Drying — AWD); moderate retention
Palay,Tabuyoc,January,2008,DS 2008-2009,Planting,1.45,23.94,17.59,30.50,81.62,98.54,16.06,Type I – Tropical Monsoon (PAGASA),Dry (Cool),Silty Clay Loam,Flat / Lowland,30,—,277.20,2.00,81.66,126.90,,,,Transplanting (Pindot) — optimal for clay-loam paddy fields,Wet Tillage (Puddling): 2 plowings + thorough harrowing under flooded condition,Continuous flooding 2–5 cm depth during vegetative stage; drain 2 weeks before harvest
Palay,Bued,January,2008,DS 2008-2009,Planting,1.45,23.94,17.59,30.50,81.62,98.54,16.06,Type I – Tropical Monsoon (PAGASA),Dry (Cool),Silty Clay Loam,Flat / Lowland,30,Tagamusing River,210.84,2.00,35.32,37.89,,,,Transplanting (Pindot) — optimal for clay-loam paddy fields,Wet Tillage (Puddling): 2 plowings + thorough harrowing under flooded condition,Continuous flooding 2–5 cm depth during vegetative stage; drain 2 weeks before harvest
Palay,Dumayat,January,2008,DS 2008-2009,Planting,1.45,23.94,17.59,30.50,81.62,98.54,16.06,Type I – Tropical Monsoon (PAGASA),Dry (Cool),Silty Clay Loam,Flat / Lowland,30,—,266.28,2.00,35.32,12.25,,,,Transplanting (Pindot) — optimal for clay-loam paddy fields,Wet Tillage (Puddling): 2 plowings + thorough harrowing under flooded condition,Continuous flooding 2–5 cm depth during vegetative stage; drain 2 weeks before harvest
Palay,Camanggaan,January,2008,DS 2008-2009,Planting,1.45,23.94,17.59,30.50,81.62,98.54,16.06,Type I – Tropical Monsoon (PAGASA),Dry (Cool),Sandy Loam,Flat / Lowland,30,—,244.44,2.00,52.42,13.00,,,,Transplanting (Pindot) or Direct Seeding (Pinaghandaan),Conventional Tillage: 2 plowings + 2 harrowings; soil workable when moist,Intermittent irrigation (Alternate Wetting and Drying — AWD); moderate retention
Palay,Bugayong,January,2008,DS 2008-2009,Planting,1.45,23.94,17.59,30.50,81.62,98.54,16.06,Type I – Tropical Monsoon (PAGASA),Dry (Cool),Sandy Loam / Silty Clay Loam,Flat / Lowland,30,Aloragat River,346.08,2.00,41.02,10.50,,,,Transplanting (Pindot) — recommended; Direct Seeding possible in dry season,Conventional Tillage: 2 plowings + harrowing; puddle thoroughly for transplanting,Intermittent to continuous flooding; manage according to drainage section present
Palay,Vacante,January,2008,DS 2008-2009,Planting,1.45,23.94,17.59,30.50,81.62,98.54,16.06,Type I – Tropical Monsoon (PAGASA),Dry (Cool),Silty Clay Loam,Flat / Lowland,30,Aloragat River,484.68,10.95,81.66,47.18,,,,Transplanting (Pindot) — optimal for clay-loam paddy fields,Wet Tillage (Puddling): 2 plowings + thorough harrowing under flooded condition,Continuous flooding 2–5 cm depth during vegetative stage; drain 2 weeks before harvest
Palay,Sta. Catalina,January,2008,DS 2008-2009,Planting,1.45,23.94,17.59,30.50,81.62,98.54,16.06,Type I – Tropical Monsoon (PAGASA),Dry (Cool),Fine Sand / Sandy Loam,Moderately Sloping / Highland,90,—,709.80,2.00,145.04,40.06,,,,Transplanting (Pindot),Minimum Tillage (avoid compaction; sandy structure fragile),Continuous flooding or frequent irrigation; high percolation risk; terrace or bund-assisted water retention essential on slopes
Palay,Moreno,January,2008,DS 2008-2009,Planting,1.45,23.94,17.59,30.50,81.62,98.54,16.06,Type I – Tropical Monsoon (PAGASA),Dry (Cool),Sandy Loam,Moderately Sloping / Highland,90,Alibeng River,641.76,2.00,135.56,28.18,,,,Transplanting (Pindot) or Direct Seeding (Pinaghandaan),Conventional Tillage: 2 plowings + 2 harrowings; soil workable when moist,Intermittent irrigation (Alternate Wetting and Drying — AWD); moderate retention; terrace or bund-assisted water retention essential on slopes
Palay,Cili,January,2008,DS 2008-2009,Planting,1.45,23.94,17.59,30.50,81.62,98.54,16.06,Type I – Tropical Monsoon (PAGASA),Dry (Cool),Silty Clay Loam,Flat / Lowland,30,Alibeng River,264.60,2.00,35.32,12.50,,,,Transplanting (Pindot) — optimal for clay-loam paddy fields,Wet Tillage (Puddling): 2 plowings + thorough harrowing under flooded condition,Continuous flooding 2–5 cm depth during vegetative stage; drain 2 weeks before harvest
Palay,San Pablo,January,2008,DS 2008-2009,Planting,1.45,23.94,17.59,30.50,81.62,98.54,16.06,Type I – Tropical Monsoon (PAGASA),Dry (Cool),Sandy Loam,Flat / Lowland,30,San Pablo Creek,215.04,4.37,20.70,134.00,,,,Transplanting (Pindot) or Direct Seeding (Pinaghandaan),Conventional Tillage: 2 plowings + 2 harrowings; soil workable when moist,Intermittent irrigation (Alternate Wetting and Drying — AWD); moderate retention
Palay,Balangobong,January,2008,DS 2008-2009,Planting,1.45,23.94,17.59,30.50,81.62,98.54,16.06,Type I – Tropical Monsoon (PAGASA),Dry (Cool),Silty Clay Loam,Flat / Lowland,30,—,281.40,1.00,35.32,122.00,,,,Transplanting (Pindot) — optimal for clay-loam paddy fields,Wet Tillage (Puddling): 2 plowings + thorough harrowing under flooded condition,Continuous flooding 2–5 cm depth during vegetative stage; drain 2 weeks before harvest
Palay,San Felipe Central,January,2008,DS 2008-2009,Planting,1.45,23.94,17.59,30.50,81.62,98.54,16.06,Type I – Tropical Monsoon (PAGASA),Dry (Cool),Sandy Loam,Flat / Lowland,30,—,452.76,10.77,41.02,169.20,,,,Transplanting (Pindot) or Direct Seeding (Pinaghandaan),Conventional Tillage: 2 plowings + 2 harrowings; soil workable when moist,Intermittent irrigation (Alternate Wetting and Drying — AWD); moderate retention
Palay,Sumabnit,January,2008,DS 2008-2009,Planting,1.45,23.94,17.59,30.50,81.62,98.54,16.06,Type I – Tropical Monsoon (PAGASA),Dry (Cool),Silty Clay Loam / Fine Sandy Loam,Flat / Lowland,30,Tagamusing River,406.56,10.68,81.66,10.50,,,,Transplanting (Pindot),Minimum Tillage (avoid compaction; sandy structure fragile),Continuous flooding or frequent irrigation; high percolation risk
Palay,San Felipe Sur,January,2008,DS 2008-2009,Planting,1.45,23.94,17.59,30.50,81.62,98.54,16.06,Type I – Tropical Monsoon (PAGASA),Dry (Cool),Sandy Loam,Flat / Lowland,30,Tagamusing River,504.00,2.00,26.40,168.00,,,,Transplanting (Pindot) or Direct Seeding (Pinaghandaan),Conventional Tillage: 2 plowings + 2 harrowings; soil workable when moist,Intermittent irrigation (Alternate Wetting and Drying — AWD); moderate retention
Palay,Linmansangan,January,2008,DS 2008-2009,Planting,1.45,23.94,17.59,30.50,81.62,98.54,16.06,Type I – Tropical Monsoon (PAGASA),Dry (Cool),Silty Clay Loam,Flat / Lowland,30,—,492.24,2.00,81.66,12.25,,,,Transplanting (Pindot) — optimal for clay-loam paddy fields,Wet Tillage (Puddling): 2 plowings + thorough harrowing under flooded condition,Continuous flooding 2–5 cm depth during vegetative stage; drain 2 weeks before harvest
Palay,Pasileng Sur,January,2008,DS 2008-2009,Planting,1.45,23.94,17.59,30.50,81.62,98.54,16.06,Type I – Tropical Monsoon (PAGASA),Dry (Cool),Sandy Loam,Flat / Lowland,30,Tagamusing River,414.96,15.52,41.02,102.00,,,,Transplanting (Pindot) or Direct Seeding (Pinaghandaan),Conventional Tillage: 2 plowings + 2 harrowings; soil workable when moist,Intermittent irrigation (Alternate Wetting and Drying — AWD); moderate retention
Palay,Capas,January,2008,DS 2008-2009,Planting,1.45,23.94,17.59,30.50,81.62,98.54,16.06,Type I – Tropical Monsoon (PAGASA),Dry (Cool),Sandy Loam,Flat / Lowland,30,—,377.16,3.47,52.42,179.00,,,,Transplanting (Pindot) or Direct Seeding (Pinaghandaan),Conventional Tillage: 2 plowings + 2 harrowings; soil workable when moist,Intermittent irrigation (Alternate Wetting and Drying — AWD); moderate retention
Palay,Sta. Maria Norte,January,2008,DS 2008-2009,Planting,1.45,23.94,17.59,30.50,81.62,98.54,16.06,Type I – Tropical Monsoon (PAGASA),Dry (Cool),Sandy Loam,Flat / Lowland,30,Tagamusing River,157.08,2.00,20.70,25.50,,,,Transplanting (Pindot) or Direct Seeding (Pinaghandaan),Conventional Tillage: 2 plowings + 2 harrowings; soil workable when moist,Intermittent irrigation (Alternate Wetting and Drying — AWD); moderate retention
Palay,Mangkasuy,January,2008,DS 2008-2009,Planting,1.45,23.94,17.59,30.50,81.62,98.54,16.06,Type I – Tropical Monsoon (PAGASA),Dry (Cool),Sandy Loam,Flat / Lowland,30,Tagamusing River,802.20,2.00,70.82,18.00,,,,Transplanting (Pindot) or Direct Seeding (Pinaghandaan),Conventional Tillage: 2 plowings + 2 harrowings; soil workable when moist,Intermittent irrigation (Alternate Wetting and Drying — AWD); moderate retention
Palay,Santiago,January,2008,DS 2008-2009,Planting,1.45,23.94,17.59,30.50,81.62,98.54,16.06,Type I – Tropical Monsoon (PAGASA),Dry (Cool),Silty Clay Loam,Flat / Lowland,30,—,283.08,15.54,81.66,85.18,,,,Transplanting (Pindot) — optimal for clay-loam paddy fields,Wet Tillage (Puddling): 2 plowings + thorough harrowing under flooded condition,Continuous flooding 2–5 cm depth during vegetative stage; drain 2 weeks before harvest
Palay,Pasileng Norte,January,2009,DS 2009-2010,Planting,0.37,23.05,14.10,31.33,77.60,98.60,15.67,Type I – Tropical Monsoon (PAGASA),Dry (Cool),Sandy Loam,Flat / Lowland,30,Tagamusing River,140.28,2.00,26.40,86.00,,,,Transplanting (Pindot) or Direct Seeding (Pinaghandaan),Conventional Tillage: 2 plowings + 2 harrowings; soil workable when moist,Intermittent irrigation (Alternate Wetting and Drying — AWD); moderate retention
Palay,Tabuyoc,January,2009,DS 2009-2010,Planting,0.37,23.05,14.10,31.33,77.60,98.60,15.67,Type I – Tropical Monsoon (PAGASA),Dry (Cool),Silty Clay Loam,Flat / Lowland,30,—,277.20,2.00,81.66,2.00,,,,Transplanting (Pindot) — optimal for clay-loam paddy fields,Wet Tillage (Puddling): 2 plowings + thorough harrowing under flooded condition,Continuous flooding 2–5 cm depth during vegetative stage; drain 2 weeks before harvest
Palay,Balangobong,January,2009,DS 2009-2010,Planting,0.37,23.05,14.10,31.33,77.60,98.60,15.67,Type I – Tropical Monsoon (PAGASA),Dry (Cool),Silty Clay Loam,Flat / Lowland,30,—,281.40,5.00,35.32,2.00,,,,Transplanting (Pindot) — optimal for clay-loam paddy fields,Wet Tillage (Puddling): 2 plowings + thorough harrowing under flooded condition,Continuous flooding 2–5 cm depth during vegetative stage; drain 2 weeks before harvest
Palay,San Pablo,January,2009,DS 2009-2010,Planting,0.37,23.05,14.10,31.33,77.60,98.60,15.67,Type I – Tropical Monsoon (PAGASA),Dry (Cool),Sandy Loam,Flat / Lowland,30,San Pablo Creek,215.04,1.00,20.70,5.00,,,,Transplanting (Pindot) or Direct Seeding (Pinaghandaan),Conventional Tillage: 2 plowings + 2 harrowings; soil workable when moist,Intermittent irrigation (Alternate Wetting and Drying — AWD); moderate retention
Palay,San Felipe Central,January,2009,DS 2009-2010,Planting,0.37,23.05,14.10,31.33,77.60,98.60,15.67,Type I – Tropical Monsoon (PAGASA),Dry (Cool),Sandy Loam,Flat / Lowland,30,—,452.76,5.00,41.02,4.00,,,,Transplanting (Pindot) or Direct Seeding (Pinaghandaan),Conventional Tillage: 2 plowings + 2 harrowings; soil workable when moist,Intermittent irrigation (Alternate Wetting and Drying — AWD); moderate retention
Palay,Pasileng Sur,January,2009,DS 2009-2010,Planting,0.37,23.05,14.10,31.33,77.60,98.60,15.67,Type I – Tropical Monsoon (PAGASA),Dry (Cool),Sandy Loam,Flat / Lowland,30,Tagamusing River,414.96,3.00,41.02,5.00,,,,Transplanting (Pindot) or Direct Seeding (Pinaghandaan),Conventional Tillage: 2 plowings + 2 harrowings; soil workable when moist,Intermittent irrigation (Alternate Wetting and Drying — AWD); moderate retention
Palay,San Felipe Sur,January,2009,DS 2009-2010,Planting,0.37,23.05,14.10,31.33,77.60,98.60,15.67,Type I – Tropical Monsoon (PAGASA),Dry (Cool),Sandy Loam,Flat / Lowland,30,Tagamusing River,504.00,3.00,26.40,3.00,,,,Transplanting (Pindot) or Direct Seeding (Pinaghandaan),Conventional Tillage: 2 plowings + 2 harrowings; soil workable when moist,Intermittent irrigation (Alternate Wetting and Drying — AWD); moderate retention
Palay,Camanggaan,January,2009,DS 2009-2010,Planting,0.37,23.05,14.10,31.33,77.60,98.60,15.67,Type I – Tropical Monsoon (PAGASA),Dry (Cool),Sandy Loam,Flat / Lowland,30,—,244.44,2.00,52.42,4.00,,,,Transplanting (Pindot) or Direct Seeding (Pinaghandaan),Conventional Tillage: 2 plowings + 2 harrowings; soil workable when moist,Intermittent irrigation (Alternate Wetting and Drying — AWD); moderate retention
Palay,Bugayong,January,2009,DS 2009-2010,Planting,0.37,23.05,14.10,31.33,77.60,98.60,15.67,Type I – Tropical Monsoon (PAGASA),Dry (Cool),Sandy Loam / Silty Clay Loam,Flat / Lowland,30,Aloragat River,346.08,2.00,41.02,3.00,,,,Transplanting (Pindot) — recommended; Direct Seeding possible in dry season,Conventional Tillage: 2 plowings + harrowing; puddle thoroughly for transplanting,Intermittent to continuous flooding; manage according to drainage section present
Palay,Mangkasuy,January,2009,DS 2009-2010,Planting,0.37,23.05,14.10,31.33,77.60,98.60,15.67,Type I – Tropical Monsoon (PAGASA),Dry (Cool),Sandy Loam,Flat / Lowland,30,Tagamusing River,802.20,2.00,70.82,12.25,,,,Transplanting (Pindot) or Direct Seeding (Pinaghandaan),Conventional Tillage: 2 plowings + 2 harrowings; soil workable when moist,Intermittent irrigation (Alternate Wetting and Drying — AWD); moderate retention
Palay,Sta. Maria Norte,January,2009,DS 2009-2010,Planting,0.37,23.05,14.10,31.33,77.60,98.60,15.67,Type I – Tropical Monsoon (PAGASA),Dry (Cool),Sandy Loam,Flat / Lowland,30,Tagamusing River,157.08,2.00,20.70,12.25,,,,Transplanting (Pindot) or Direct Seeding (Pinaghandaan),Conventional Tillage: 2 plowings + 2 harrowings; soil workable when moist,Intermittent irrigation (Alternate Wetting and Drying — AWD); moderate retention
Palay,Capas,January,2009,DS 2009-2010,Planting,0.37,23.05,14.10,31.33,77.60,98.60,15.67,Type I – Tropical Monsoon (PAGASA),Dry (Cool),Sandy Loam,Flat / Lowland,30,—,377.16,1.00,52.42,13.00,,,,Transplanting (Pindot) or Direct Seeding (Pinaghandaan),Conventional Tillage: 2 plowings + 2 harrowings; soil workable when moist,Intermittent irrigation (Alternate Wetting and Drying — AWD); moderate retention
Palay,Cili,January,2009,DS 2009-2010,Planting,0.37,23.05,14.10,31.33,77.60,98.60,15.67,Type I – Tropical Monsoon (PAGASA),Dry (Cool),Silty Clay Loam,Flat / Lowland,30,Alibeng River,264.60,2.00,35.32,2.00,,,,Transplanting (Pindot) — optimal for clay-loam paddy fields,Wet Tillage (Puddling): 2 plowings + thorough harrowing under flooded condition,Continuous flooding 2–5 cm depth during vegetative stage; drain 2 weeks before harvest
Palay,Sumabnit,January,2009,DS 2009-2010,Planting,0.37,23.05,14.10,31.33,77.60,98.60,15.67,Type I – Tropical Monsoon (PAGASA),Dry (Cool),Silty Clay Loam / Fine Sandy Loam,Flat / Lowland,30,Tagamusing River,406.56,2.00,81.66,35.22,,,,Transplanting (Pindot),Minimum Tillage (avoid compaction; sandy structure fragile),Continuous flooding or frequent irrigation; high percolation risk
Palay,Pasileng Norte,January,2011,DS 2011-2012,Planting,1.50,23.26,16.59,29.76,81.59,98.46,15.11,Type I – Tropical Monsoon (PAGASA),Dry (Cool),Sandy Loam,Flat / Lowland,30,Tagamusing River,140.28,2.00,26.40,74.00,,,,Transplanting (Pindot) or Direct Seeding (Pinaghandaan),Conventional Tillage: 2 plowings + 2 harrowings; soil workable when moist,Intermittent irrigation (Alternate Wetting and Drying — AWD); moderate retention
Palay,Tabuyoc,January,2011,DS 2011-2012,Planting,1.50,23.26,16.59,29.76,81.59,98.46,15.11,Type I – Tropical Monsoon (PAGASA),Dry (Cool),Silty Clay Loam,Flat / Lowland,30,—,277.20,7.00,81.66,125.00,,,,Transplanting (Pindot) — optimal for clay-loam paddy fields,Wet Tillage (Puddling): 2 plowings + thorough harrowing under flooded condition,Continuous flooding 2–5 cm depth during vegetative stage; drain 2 weeks before harvest
Palay,Bued,January,2011,DS 2011-2012,Planting,1.50,23.26,16.59,29.76,81.59,98.46,15.11,Type I – Tropical Monsoon (PAGASA),Dry (Cool),Silty Clay Loam,Flat / Lowland,30,Tagamusing River,210.84,2.00,35.32,105.40,,,,Transplanting (Pindot) — optimal for clay-loam paddy fields,Wet Tillage (Puddling): 2 plowings + thorough harrowing under flooded condition,Continuous flooding 2–5 cm depth during vegetative stage; drain 2 weeks before harvest
Palay,Dumayat,January,2011,DS 2011-2012,Planting,1.50,23.26,16.59,29.76,81.59,98.46,15.11,Type I – Tropical Monsoon (PAGASA),Dry (Cool),Silty Clay Loam,Flat / Lowland,30,—,266.28,2.00,35.32,12.25,,,,Transplanting (Pindot) — optimal for clay-loam paddy fields,Wet Tillage (Puddling): 2 plowings + thorough harrowing under flooded condition,Continuous flooding 2–5 cm depth during vegetative stage; drain 2 weeks before harvest
Palay,Camanggaan,January,2011,DS 2011-2012,Planting,1.50,23.26,16.59,29.76,81.59,98.46,15.11,Type I – Tropical Monsoon (PAGASA),Dry (Cool),Sandy Loam,Flat / Lowland,30,—,244.44,2.00,72.74,10.00,,,,Transplanting (Pindot) or Direct Seeding (Pinaghandaan),Conventional Tillage: 2 plowings + 2 harrowings; soil workable when moist,Intermittent irrigation (Alternate Wetting and Drying — AWD); moderate retention
Palay,Vacante,January,2011,DS 2011-2012,Planting,1.50,23.26,16.59,29.76,81.59,98.46,15.11,Type I – Tropical Monsoon (PAGASA),Dry (Cool),Silty Clay Loam,Flat / Lowland,30,Aloragat River,484.68,2.00,81.66,43.79,,,,Transplanting (Pindot) — optimal for clay-loam paddy fields,Wet Tillage (Puddling): 2 plowings + thorough harrowing under flooded condition,Continuous flooding 2–5 cm depth during vegetative stage; drain 2 weeks before harvest
Palay,Sta. Catalina,January,2011,DS 2011-2012,Planting,1.50,23.26,16.59,29.76,81.59,98.46,15.11,Type I – Tropical Monsoon (PAGASA),Dry (Cool),Fine Sand / Sandy Loam,Moderately Sloping / Highland,90,—,709.80,31.07,145.04,35.80,,,,Transplanting (Pindot),Minimum Tillage (avoid compaction; sandy structure fragile),Continuous flooding or frequent irrigation; high percolation risk; terrace or bund-assisted water retention essential on slopes
Palay,Moreno,January,2011,DS 2011-2012,Planting,1.50,23.26,16.59,29.76,81.59,98.46,15.11,Type I – Tropical Monsoon (PAGASA),Dry (Cool),Sandy Loam,Moderately Sloping / Highland,90,Alibeng River,641.76,12.14,135.56,25.69,,,,Transplanting (Pindot) or Direct Seeding (Pinaghandaan),Conventional Tillage: 2 plowings + 2 harrowings; soil workable when moist,Intermittent irrigation (Alternate Wetting and Drying — AWD); moderate retention; terrace or bund-assisted water retention essential on slopes
Palay,Cili,January,2011,DS 2011-2012,Planting,1.50,23.26,16.59,29.76,81.59,98.46,15.11,Type I – Tropical Monsoon (PAGASA),Dry (Cool),Silty Clay Loam,Flat / Lowland,30,Alibeng River,264.60,2.00,35.32,14.00,,,,Transplanting (Pindot) — optimal for clay-loam paddy fields,Wet Tillage (Puddling): 2 plowings + thorough harrowing under flooded condition,Continuous flooding 2–5 cm depth during vegetative stage; drain 2 weeks before harvest
Palay,Sumabnit,January,2011,DS 2011-2012,Planting,1.50,23.26,16.59,29.76,81.59,98.46,15.11,Type I – Tropical Monsoon (PAGASA),Dry (Cool),Silty Clay Loam / Fine Sandy Loam,Flat / Lowland,30,Tagamusing River,406.56,2.00,81.66,63.60,,,,Transplanting (Pindot),Minimum Tillage (avoid compaction; sandy structure fragile),Continuous flooding or frequent irrigation; high percolation risk
Palay,Capas,January,2011,DS 2011-2012,Planting,1.50,23.26,16.59,29.76,81.59,98.46,15.11,Type I – Tropical Monsoon (PAGASA),Dry (Cool),Sandy Loam,Flat / Lowland,30,—,377.16,2.00,52.42,179.00,,,,Transplanting (Pindot) or Direct Seeding (Pinaghandaan),Conventional Tillage: 2 plowings + 2 harrowings; soil workable when moist,Intermittent irrigation (Alternate Wetting and Drying — AWD); moderate retention
Palay,San Pablo,January,2011,DS 2011-2012,Planting,1.50,23.26,16.59,29.76,81.59,98.46,15.11,Type I – Tropical Monsoon (PAGASA),Dry (Cool),Sandy Loam,Flat / Lowland,30,San Pablo Creek,215.04,2.00,20.70,115.00,,,,Transplanting (Pindot) or Direct Seeding (Pinaghandaan),Conventional Tillage: 2 plowings + 2 harrowings; soil workable when moist,Intermittent irrigation (Alternate Wetting and Drying — AWD); moderate retention
Palay,Balangobong,January,2011,DS 2011-2012,Planting,1.50,23.26,16.59,29.76,81.59,98.46,15.11,Type I – Tropical Monsoon (PAGASA),Dry (Cool),Silty Clay Loam,Flat / Lowland,30,—,281.40,2.00,35.32,120.00,,,,Transplanting (Pindot) — optimal for clay-loam paddy fields,Wet Tillage (Puddling): 2 plowings + thorough harrowing under flooded condition,Continuous flooding 2–5 cm depth during vegetative stage; drain 2 weeks before harvest
Palay,San Felipe Central,January,2011,DS 2011-2012,Planting,1.50,23.26,16.59,29.76,81.59,98.46,15.11,Type I – Tropical Monsoon (PAGASA),Dry (Cool),Sandy Loam,Flat / Lowland,30,—,452.76,6.00,26.40,129.00,,,,Transplanting (Pindot) or Direct Seeding (Pinaghandaan),Conventional Tillage: 2 plowings + 2 harrowings; soil workable when moist,Intermittent irrigation (Alternate Wetting and Drying — AWD); moderate retention
Palay,San Felipe Sur,January,2011,DS 2011-2012,Planting,1.50,23.26,16.59,29.76,81.59,98.46,15.11,Type I – Tropical Monsoon (PAGASA),Dry (Cool),Sandy Loam,Flat / Lowland,30,Tagamusing River,504.00,7.28,32.10,150.00,,,,Transplanting (Pindot) or Direct Seeding (Pinaghandaan),Conventional Tillage: 2 plowings + 2 harrowings; soil workable when moist,Intermittent irrigation (Alternate Wetting and Drying — AWD); moderate retention
Palay,Linmansangan,January,2011,DS 2011-2012,Planting,1.50,23.26,16.59,29.76,81.59,98.46,15.11,Type I – Tropical Monsoon (PAGASA),Dry (Cool),Silty Clay Loam,Flat / Lowland,30,—,492.24,2.00,81.66,12.25,,,,Transplanting (Pindot) — optimal for clay-loam paddy fields,Wet Tillage (Puddling): 2 plowings + thorough harrowing under flooded condition,Continuous flooding 2–5 cm depth during vegetative stage; drain 2 weeks before harvest
Palay,Pasileng Sur,January,2011,DS 2011-2012,Planting,1.50,23.26,16.59,29.76,81.59,98.46,15.11,Type I – Tropical Monsoon (PAGASA),Dry (Cool),Sandy Loam,Flat / Lowland,30,Tagamusing River,414.96,7.89,41.02,160.00,,,,Transplanting (Pindot) or Direct Seeding (Pinaghandaan),Conventional Tillage: 2 plowings + 2 harrowings; soil workable when moist,Intermittent irrigation (Alternate Wetting and Drying — AWD); moderate retention
Palay,Sta. Maria Norte,January,2011,DS 2011-2012,Planting,1.50,23.26,16.59,29.76,81.59,98.46,15.11,Type I – Tropical Monsoon (PAGASA),Dry (Cool),Sandy Loam,Flat / Lowland,30,Tagamusing River,157.08,2.00,26.40,25.50,,,,Transplanting (Pindot) or Direct Seeding (Pinaghandaan),Conventional Tillage: 2 plowings + 2 harrowings; soil workable when moist,Intermittent irrigation (Alternate Wetting and Drying — AWD); moderate retention
Palay,Bugayong,January,2011,DS 2011-2012,Planting,1.50,23.26,16.59,29.76,81.59,98.46,15.11,Type I – Tropical Monsoon (PAGASA),Dry (Cool),Sandy Loam / Silty Clay Loam,Flat / Lowland,30,Aloragat River,346.08,2.00,41.02,16.60,,,,Transplanting (Pindot) — recommended; Direct Seeding possible in dry season,Conventional Tillage: 2 plowings + harrowing; puddle thoroughly for transplanting,Intermittent to continuous flooding; manage according to drainage section present
Palay,Mangkasuy,January,2011,DS 2011-2012,Planting,1.50,23.26,16.59,29.76,81.59,98.46,15.11,Type I – Tropical Monsoon (PAGASA),Dry (Cool),Sandy Loam,Flat / Lowland,30,Tagamusing River,802.20,2.00,80.30,16.90,,,,Transplanting (Pindot) or Direct Seeding (Pinaghandaan),Conventional Tillage: 2 plowings + 2 harrowings; soil workable when moist,Intermittent irrigation (Alternate Wetting and Drying — AWD); moderate retention
Palay,Santiago,January,2011,DS 2011-2012,Planting,1.50,23.26,16.59,29.76,81.59,98.46,15.11,Type I – Tropical Monsoon (PAGASA),Dry (Cool),Silty Clay Loam,Flat / Lowland,30,—,283.08,5.30,81.66,12.00,,,,Transplanting (Pindot) — optimal for clay-loam paddy fields,Wet Tillage (Puddling): 2 plowings + thorough harrowing under flooded condition,Continuous flooding 2–5 cm depth during vegetative stage; drain 2 weeks before harvest
Palay,Pasileng Norte,January,2012,DS 2012-2013,Planting,0.85,24.57,18.71,31.08,80.65,98.53,16.80,Type I – Tropical Monsoon (PAGASA),Dry (Cool),Sandy Loam,Flat / Lowland,30,Tagamusing River,140.28,2.00,26.40,74.00,,,,Transplanting (Pindot) or Direct Seeding (Pinaghandaan),Conventional Tillage: 2 plowings + 2 harrowings; soil workable when moist,Intermittent irrigation (Alternate Wetting and Drying — AWD); moderate retention
Palay,Tabuyoc,January,2012,DS 2012-2013,Planting,0.85,24.57,18.71,31.08,80.65,98.53,16.80,Type I – Tropical Monsoon (PAGASA),Dry (Cool),Silty Clay Loam,Flat / Lowland,30,—,277.20,1.00,81.66,121.00,,,,Transplanting (Pindot) — optimal for clay-loam paddy fields,Wet Tillage (Puddling): 2 plowings + thorough harrowing under flooded condition,Continuous flooding 2–5 cm depth during vegetative stage; drain 2 weeks before harvest
Palay,Camanggaan,January,2012,DS 2012-2013,Planting,0.85,24.57,18.71,31.08,80.65,98.53,16.80,Type I – Tropical Monsoon (PAGASA),Dry (Cool),Sandy Loam,Flat / Lowland,30,—,244.44,2.00,72.74,10.00,,,,Transplanting (Pindot) or Direct Seeding (Pinaghandaan),Conventional Tillage: 2 plowings + 2 harrowings; soil workable when moist,Intermittent irrigation (Alternate Wetting and Drying — AWD); moderate retention
Palay,Cili,January,2012,DS 2012-2013,Planting,0.85,24.57,18.71,31.08,80.65,98.53,16.80,Type I – Tropical Monsoon (PAGASA),Dry (Cool),Silty Clay Loam,Flat / Lowland,30,Alibeng River,264.60,2.00,35.32,14.00,,,,Transplanting (Pindot) — optimal for clay-loam paddy fields,Wet Tillage (Puddling): 2 plowings + thorough harrowing under flooded condition,Continuous flooding 2–5 cm depth during vegetative stage; drain 2 weeks before harvest
Palay,Sumabnit,January,2012,DS 2012-2013,Planting,0.85,24.57,18.71,31.08,80.65,98.53,16.80,Type I – Tropical Monsoon (PAGASA),Dry (Cool),Silty Clay Loam / Fine Sandy Loam,Flat / Lowland,30,Tagamusing River,406.56,1.50,81.66,63.60,,,,Transplanting (Pindot),Minimum Tillage (avoid compaction; sandy structure fragile),Continuous flooding or frequent irrigation; high percolation risk
Palay,Capas,January,2012,DS 2012-2013,Planting,0.85,24.57,18.71,31.08,80.65,98.53,16.80,Type I – Tropical Monsoon (PAGASA),Dry (Cool),Sandy Loam,Flat / Lowland,30,—,377.16,2.00,52.42,179.00,,,,Transplanting (Pindot) or Direct Seeding (Pinaghandaan),Conventional Tillage: 2 plowings + 2 harrowings; soil workable when moist,Intermittent irrigation (Alternate Wetting and Drying — AWD); moderate retention
Palay,San Pablo,January,2012,DS 2012-2013,Planting,0.85,24.57,18.71,31.08,80.65,98.53,16.80,Type I – Tropical Monsoon (PAGASA),Dry (Cool),Sandy Loam,Flat / Lowland,30,San Pablo Creek,215.04,0.50,26.40,115.00,,,,Transplanting (Pindot) or Direct Seeding (Pinaghandaan),Conventional Tillage: 2 plowings + 2 harrowings; soil workable when moist,Intermittent irrigation (Alternate Wetting and Drying — AWD); moderate retention
Palay,Balangobong,January,2012,DS 2012-2013,Planting,0.85,24.57,18.71,31.08,80.65,98.53,16.80,Type I – Tropical Monsoon (PAGASA),Dry (Cool),Silty Clay Loam,Flat / Lowland,30,—,281.40,2.00,35.32,100.00,,,,Transplanting (Pindot) — optimal for clay-loam paddy fields,Wet Tillage (Puddling): 2 plowings + thorough harrowing under flooded condition,Continuous flooding 2–5 cm depth during vegetative stage; drain 2 weeks before harvest
Palay,San Felipe Central,January,2012,DS 2012-2013,Planting,0.85,24.57,18.71,31.08,80.65,98.53,16.80,Type I – Tropical Monsoon (PAGASA),Dry (Cool),Sandy Loam,Flat / Lowland,30,—,452.76,1.50,26.40,129.00,,,,Transplanting (Pindot) or Direct Seeding (Pinaghandaan),Conventional Tillage: 2 plowings + 2 harrowings; soil workable when moist,Intermittent irrigation (Alternate Wetting and Drying — AWD); moderate retention
Palay,San Felipe Sur,January,2012,DS 2012-2013,Planting,0.85,24.57,18.71,31.08,80.65,98.53,16.80,Type I – Tropical Monsoon (PAGASA),Dry (Cool),Sandy Loam,Flat / Lowland,30,Tagamusing River,504.00,1.00,32.10,150.00,,,,Transplanting (Pindot) or Direct Seeding (Pinaghandaan),Conventional Tillage: 2 plowings + 2 harrowings; soil workable when moist,Intermittent irrigation (Alternate Wetting and Drying — AWD); moderate retention
Palay,Pasileng Sur,January,2012,DS 2012-2013,Planting,0.85,24.57,18.71,31.08,80.65,98.53,16.80,Type I – Tropical Monsoon (PAGASA),Dry (Cool),Sandy Loam,Flat / Lowland,30,Tagamusing River,414.96,2.00,41.02,160.00,,,,Transplanting (Pindot) or Direct Seeding (Pinaghandaan),Conventional Tillage: 2 plowings + 2 harrowings; soil workable when moist,Intermittent irrigation (Alternate Wetting and Drying — AWD); moderate retention
Palay,Sta. Maria Norte,January,2012,DS 2012-2013,Planting,0.85,24.57,18.71,31.08,80.65,98.53,16.80,Type I – Tropical Monsoon (PAGASA),Dry (Cool),Sandy Loam,Flat / Lowland,30,Tagamusing River,157.08,6.97,26.40,25.50,,,,Transplanting (Pindot) or Direct Seeding (Pinaghandaan),Conventional Tillage: 2 plowings + 2 harrowings; soil workable when moist,Intermittent irrigation (Alternate Wetting and Drying — AWD); moderate retention
Palay,Bugayong,January,2012,DS 2012-2013,Planting,0.85,24.57,18.71,31.08,80.65,98.53,16.80,Type I – Tropical Monsoon (PAGASA),Dry (Cool),Sandy Loam / Silty Clay Loam,Flat / Lowland,30,Aloragat River,346.08,2.00,41.02,16.00,,,,Transplanting (Pindot) — recommended; Direct Seeding possible in dry season,Conventional Tillage: 2 plowings + harrowing; puddle thoroughly for transplanting,Intermittent to continuous flooding; manage according to drainage section present
Palay,Mangkasuy,January,2012,DS 2012-2013,Planting,0.85,24.57,18.71,31.08,80.65,98.53,16.80,Type I – Tropical Monsoon (PAGASA),Dry (Cool),Sandy Loam,Flat / Lowland,30,Tagamusing River,802.20,0.50,80.30,16.90,,,,Transplanting (Pindot) or Direct Seeding (Pinaghandaan),Conventional Tillage: 2 plowings + 2 harrowings; soil workable when moist,Intermittent irrigation (Alternate Wetting and Drying — AWD); moderate retention
Palay,Santiago,January,2012,DS 2012-2013,Planting,0.85,24.57,18.71,31.08,80.65,98.53,16.80,Type I – Tropical Monsoon (PAGASA),Dry (Cool),Silty Clay Loam,Flat / Lowland,30,—,283.08,0.50,81.66,14.00,,,,Transplanting (Pindot) — optimal for clay-loam paddy fields,Wet Tillage (Puddling): 2 plowings + thorough harrowing under flooded condition,Continuous flooding 2–5 cm depth during vegetative stage; drain 2 weeks before harvest
Palay,Pasileng Norte,January,2013,DS 2013-2014,Planting,0.58,24.32,16.94,31.93,74.94,98.60,16.43,Type I – Tropical Monsoon (PAGASA),Dry (Cool),Sandy Loam,Flat / Lowland,30,Tagamusing River,140.28,5.00,26.40,75.00,,,,Transplanting (Pindot) or Direct Seeding (Pinaghandaan),Conventional Tillage: 2 plowings + 2 harrowings; soil workable when moist,Intermittent irrigation (Alternate Wetting and Drying — AWD); moderate retention
Palay,Tabuyoc,January,2013,DS 2013-2014,Planting,0.58,24.32,16.94,31.93,74.94,98.60,16.43,Type I – Tropical Monsoon (PAGASA),Dry (Cool),Silty Clay Loam,Flat / Lowland,30,—,277.20,2.00,81.66,125.00,,,,Transplanting (Pindot) — optimal for clay-loam paddy fields,Wet Tillage (Puddling): 2 plowings + thorough harrowing under flooded condition,Continuous flooding 2–5 cm depth during vegetative stage; drain 2 weeks before harvest
Palay,Camanggaan,January,2013,DS 2013-2014,Planting,0.58,24.32,16.94,31.93,74.94,98.60,16.43,Type I – Tropical Monsoon (PAGASA),Dry (Cool),Sandy Loam,Flat / Lowland,30,—,244.44,2.00,72.74,5.00,,,,Transplanting (Pindot) or Direct Seeding (Pinaghandaan),Conventional Tillage: 2 plowings + 2 harrowings; soil workable when moist,Intermittent irrigation (Alternate Wetting and Drying — AWD); moderate retention
Palay,Sumabnit,January,2013,DS 2013-2014,Planting,0.58,24.32,16.94,31.93,74.94,98.60,16.43,Type I – Tropical Monsoon (PAGASA),Dry (Cool),Silty Clay Loam / Fine Sandy Loam,Flat / Lowland,30,Tagamusing River,406.56,3.00,81.66,60.00,,,,Transplanting (Pindot),Minimum Tillage (avoid compaction; sandy structure fragile),Continuous flooding or frequent irrigation; high percolation risk
Palay,Capas,January,2013,DS 2013-2014,Planting,0.58,24.32,16.94,31.93,74.94,98.60,16.43,Type I – Tropical Monsoon (PAGASA),Dry (Cool),Sandy Loam,Flat / Lowland,30,—,377.16,4.00,67.04,179.00,,,,Transplanting (Pindot) or Direct Seeding (Pinaghandaan),Conventional Tillage: 2 plowings + 2 harrowings; soil workable when moist,Intermittent irrigation (Alternate Wetting and Drying — AWD); moderate retention
Palay,San Pablo,January,2013,DS 2013-2014,Planting,0.58,24.32,16.94,31.93,74.94,98.60,16.43,Type I – Tropical Monsoon (PAGASA),Dry (Cool),Sandy Loam,Flat / Lowland,30,San Pablo Creek,215.04,10.50,26.40,120.00,,,,Transplanting (Pindot) or Direct Seeding (Pinaghandaan),Conventional Tillage: 2 plowings + 2 harrowings; soil workable when moist,Intermittent irrigation (Alternate Wetting and Drying — AWD); moderate retention
Palay,Balangobong,January,2013,DS 2013-2014,Planting,0.58,24.32,16.94,31.93,74.94,98.60,16.43,Type I – Tropical Monsoon (PAGASA),Dry (Cool),Silty Clay Loam,Flat / Lowland,30,—,281.40,2.00,35.32,120.00,,,,Transplanting (Pindot) — optimal for clay-loam paddy fields,Wet Tillage (Puddling): 2 plowings + thorough harrowing under flooded condition,Continuous flooding 2–5 cm depth during vegetative stage; drain 2 weeks before harvest
Palay,San Felipe Sur,January,2013,DS 2013-2014,Planting,0.58,24.32,16.94,31.93,74.94,98.60,16.43,Type I – Tropical Monsoon (PAGASA),Dry (Cool),Sandy Loam,Flat / Lowland,30,Tagamusing River,504.00,1.50,32.10,125.00,,,,Transplanting (Pindot) or Direct Seeding (Pinaghandaan),Conventional Tillage: 2 plowings + 2 harrowings; soil workable when moist,Intermittent irrigation (Alternate Wetting and Drying — AWD); moderate retention
Palay,Pasileng Sur,January,2013,DS 2013-2014,Planting,0.58,24.32,16.94,31.93,74.94,98.60,16.43,Type I – Tropical Monsoon (PAGASA),Dry (Cool),Sandy Loam,Flat / Lowland,30,Tagamusing River,414.96,1.50,26.40,160.00,,,,Transplanting (Pindot) or Direct Seeding (Pinaghandaan),Conventional Tillage: 2 plowings + 2 harrowings; soil workable when moist,Intermittent irrigation (Alternate Wetting and Drying — AWD); moderate retention
Palay,Sta. Maria Norte,January,2013,DS 2013-2014,Planting,0.58,24.32,16.94,31.93,74.94,98.60,16.43,Type I – Tropical Monsoon (PAGASA),Dry (Cool),Sandy Loam,Flat / Lowland,30,Tagamusing River,157.08,8.19,26.40,12.00,,,,Transplanting (Pindot) or Direct Seeding (Pinaghandaan),Conventional Tillage: 2 plowings + 2 harrowings; soil workable when moist,Intermittent irrigation (Alternate Wetting and Drying — AWD); moderate retention
Palay,Bugayong,January,2013,DS 2013-2014,Planting,0.58,24.32,16.94,31.93,74.94,98.60,16.43,Type I – Tropical Monsoon (PAGASA),Dry (Cool),Sandy Loam / Silty Clay Loam,Flat / Lowland,30,Aloragat River,346.08,2.00,41.02,7.00,,,,Transplanting (Pindot) — recommended; Direct Seeding possible in dry season,Conventional Tillage: 2 plowings + harrowing; puddle thoroughly for transplanting,Intermittent to continuous flooding; manage according to drainage section present
Palay,Mangkasuy,January,2013,DS 2013-2014,Planting,0.58,24.32,16.94,31.93,74.94,98.60,16.43,Type I – Tropical Monsoon (PAGASA),Dry (Cool),Sandy Loam,Flat / Lowland,30,Tagamusing River,802.20,1.00,110.10,14.00,,,,Transplanting (Pindot) or Direct Seeding (Pinaghandaan),Conventional Tillage: 2 plowings + 2 harrowings; soil workable when moist,Intermittent irrigation (Alternate Wetting and Drying — AWD); moderate retention
Palay,Santiago,January,2013,DS 2013-2014,Planting,0.58,24.32,16.94,31.93,74.94,98.60,16.43,Type I – Tropical Monsoon (PAGASA),Dry (Cool),Silty Clay Loam,Flat / Lowland,30,—,283.08,2.00,81.66,13.00,,,,Transplanting (Pindot) — optimal for clay-loam paddy fields,Wet Tillage (Puddling): 2 plowings + thorough harrowing under flooded condition,Continuous flooding 2–5 cm depth during vegetative stage; drain 2 weeks before harvest
Palay,Pasileng Norte,January,2018,DS 2018-2019,Planting,1.05,24.53,17.85,31.12,80.86,98.43,15.71,Type I – Tropical Monsoon (PAGASA),Dry (Cool),Sandy Loam,Flat / Lowland,30,Tagamusing River,140.28,2.00,26.40,65.00,,,,Transplanting (Pindot) or Direct Seeding (Pinaghandaan),Conventional Tillage: 2 plowings + 2 harrowings; soil workable when moist,Intermittent irrigation (Alternate Wetting and Drying — AWD); moderate retention
Palay,Tabuyoc,January,2018,DS 2018-2019,Planting,1.05,24.53,17.85,31.12,80.86,98.43,15.71,Type I – Tropical Monsoon (PAGASA),Dry (Cool),Silty Clay Loam,Flat / Lowland,30,—,277.20,2.00,61.34,110.00,,,,Transplanting (Pindot) — optimal for clay-loam paddy fields,Wet Tillage (Puddling): 2 plowings + thorough harrowing under flooded condition,Continuous flooding 2–5 cm depth during vegetative stage; drain 2 weeks before harvest
Palay,Sumabnit,January,2018,DS 2018-2019,Planting,1.05,24.53,17.85,31.12,80.86,98.43,15.71,Type I – Tropical Monsoon (PAGASA),Dry (Cool),Silty Clay Loam / Fine Sandy Loam,Flat / Lowland,30,Tagamusing River,406.56,2.00,81.66,60.00,,,,Transplanting (Pindot),Minimum Tillage (avoid compaction; sandy structure fragile),Continuous flooding or frequent irrigation; high percolation risk
Palay,Capas,January,2018,DS 2018-2019,Planting,1.05,24.53,17.85,31.12,80.86,98.43,15.71,Type I – Tropical Monsoon (PAGASA),Dry (Cool),Sandy Loam,Flat / Lowland,30,—,377.16,6.17,67.04,105.00,,,,Transplanting (Pindot) or Direct Seeding (Pinaghandaan),Conventional Tillage: 2 plowings + 2 harrowings; soil workable when moist,Intermittent irrigation (Alternate Wetting and Drying — AWD); moderate retention
Palay,Mangkasuy,January,2018,DS 2018-2019,Planting,1.05,24.53,17.85,31.12,80.86,98.43,15.71,Type I – Tropical Monsoon (PAGASA),Dry (Cool),Sandy Loam,Flat / Lowland,30,Tagamusing River,802.20,2.00,134.20,50.00,,,,Transplanting (Pindot) or Direct Seeding (Pinaghandaan),Conventional Tillage: 2 plowings + 2 harrowings; soil workable when moist,Intermittent irrigation (Alternate Wetting and Drying — AWD); moderate retention
Palay,San Pablo,January,2018,DS 2018-2019,Planting,1.05,24.53,17.85,31.12,80.86,98.43,15.71,Type I – Tropical Monsoon (PAGASA),Dry (Cool),Sandy Loam,Flat / Lowland,30,San Pablo Creek,215.04,2.00,26.40,90.00,,,,Transplanting (Pindot) or Direct Seeding (Pinaghandaan),Conventional Tillage: 2 plowings + 2 harrowings; soil workable when moist,Intermittent irrigation (Alternate Wetting and Drying — AWD); moderate retention
Palay,Balangobong,January,2018,DS 2018-2019,Planting,1.05,24.53,17.85,31.12,80.86,98.43,15.71,Type I – Tropical Monsoon (PAGASA),Dry (Cool),Silty Clay Loam,Flat / Lowland,30,—,281.40,7.44,35.32,110.00,,,,Transplanting (Pindot) — optimal for clay-loam paddy fields,Wet Tillage (Puddling): 2 plowings + thorough harrowing under flooded condition,Continuous flooding 2–5 cm depth during vegetative stage; drain 2 weeks before harvest
Palay,San Felipe Central,January,2018,DS 2018-2019,Planting,1.05,24.53,17.85,31.12,80.86,98.43,15.71,Type I – Tropical Monsoon (PAGASA),Dry (Cool),Sandy Loam,Flat / Lowland,30,—,452.76,2.00,32.10,98.00,,,,Transplanting (Pindot) or Direct Seeding (Pinaghandaan),Conventional Tillage: 2 plowings + 2 harrowings; soil workable when moist,Intermittent irrigation (Alternate Wetting and Drying — AWD); moderate retention
Palay,San Felipe Sur,January,2018,DS 2018-2019,Planting,1.05,24.53,17.85,31.12,80.86,98.43,15.71,Type I – Tropical Monsoon (PAGASA),Dry (Cool),Sandy Loam,Flat / Lowland,30,Tagamusing River,504.00,2.00,32.10,115.00,,,,Transplanting (Pindot) or Direct Seeding (Pinaghandaan),Conventional Tillage: 2 plowings + 2 harrowings; soil workable when moist,Intermittent irrigation (Alternate Wetting and Drying — AWD); moderate retention
Palay,Pasileng Sur,January,2018,DS 2018-2019,Planting,1.05,24.53,17.85,31.12,80.86,98.43,15.71,Type I – Tropical Monsoon (PAGASA),Dry (Cool),Sandy Loam,Flat / Lowland,30,Tagamusing River,414.96,2.00,32.10,119.00,,,,Transplanting (Pindot) or Direct Seeding (Pinaghandaan),Conventional Tillage: 2 plowings + 2 harrowings; soil workable when moist,Intermittent irrigation (Alternate Wetting and Drying — AWD); moderate retention
Palay,Santiago,January,2018,DS 2018-2019,Planting,1.05,24.53,17.85,31.12,80.86,98.43,15.71,Type I – Tropical Monsoon (PAGASA),Dry (Cool),Silty Clay Loam,Flat / Lowland,30,—,283.08,2.00,105.76,18.00,,,,Transplanting (Pindot) — optimal for clay-loam paddy fields,Wet Tillage (Puddling): 2 plowings + thorough harrowing under flooded condition,Continuous flooding 2–5 cm depth during vegetative stage; drain 2 weeks before harvest
Palay,Moreno,January,2018,DS 2018-2019,Planting,1.05,24.53,17.85,31.12,80.86,98.43,15.71,Type I – Tropical Monsoon (PAGASA),Dry (Cool),Sandy Loam,Moderately Sloping / Highland,90,Alibeng River,641.76,26.19,135.56,16.56,,,,Transplanting (Pindot) or Direct Seeding (Pinaghandaan),Conventional Tillage: 2 plowings + 2 harrowings; soil workable when moist,Intermittent irrigation (Alternate Wetting and Drying — AWD); moderate retention; terrace or bund-assisted water retention essential on slopes
Palay,Camanggaan,January,2018,DS 2018-2019,Planting,1.05,24.53,17.85,31.12,80.86,98.43,15.71,Type I – Tropical Monsoon (PAGASA),Dry (Cool),Sandy Loam,Flat / Lowland,30,—,244.44,2.00,87.36,22.63,,,,Transplanting (Pindot) or Direct Seeding (Pinaghandaan),Conventional Tillage: 2 plowings + 2 harrowings; soil workable when moist,Intermittent irrigation (Alternate Wetting and Drying — AWD); moderate retention
Palay,Bugayong,January,2018,DS 2018-2019,Planting,1.05,24.53,17.85,31.12,80.86,98.43,15.71,Type I – Tropical Monsoon (PAGASA),Dry (Cool),Sandy Loam / Silty Clay Loam,Flat / Lowland,30,Aloragat River,346.08,2.00,41.02,12.25,,,,Transplanting (Pindot) — recommended; Direct Seeding possible in dry season,Conventional Tillage: 2 plowings + harrowing; puddle thoroughly for transplanting,Intermittent to continuous flooding; manage according to drainage section present
Palay,Sta. Maria Norte,January,2018,DS 2018-2019,Planting,1.05,24.53,17.85,31.12,80.86,98.43,15.71,Type I – Tropical Monsoon (PAGASA),Dry (Cool),Sandy Loam,Flat / Lowland,30,Tagamusing River,157.08,2.00,32.10,40.47,,,,Transplanting (Pindot) or Direct Seeding (Pinaghandaan),Conventional Tillage: 2 plowings + 2 harrowings; soil workable when moist,Intermittent irrigation (Alternate Wetting and Drying — AWD); moderate retention
Palay,Pasileng Norte,January,2019,DS 2019-2020,Planting,1.35,24.09,15.40,31.54,75.31,98.76,18.07,Type I – Tropical Monsoon (PAGASA),Dry (Cool),Sandy Loam,Flat / Lowland,30,Tagamusing River,140.28,1.85,20.70,65.00,,,,Transplanting (Pindot) or Direct Seeding (Pinaghandaan),Conventional Tillage: 2 plowings + 2 harrowings; soil workable when moist,Intermittent irrigation (Alternate Wetting and Drying — AWD); moderate retention
Palay,Tabuyoc,January,2019,DS 2019-2020,Planting,1.35,24.09,15.40,31.54,75.31,98.76,18.07,Type I – Tropical Monsoon (PAGASA),Dry (Cool),Silty Clay Loam,Flat / Lowland,30,—,277.20,1.55,55.64,110.00,,,,Transplanting (Pindot) — optimal for clay-loam paddy fields,Wet Tillage (Puddling): 2 plowings + thorough harrowing under flooded condition,Continuous flooding 2–5 cm depth during vegetative stage; drain 2 weeks before harvest
Palay,Sumabnit,January,2019,DS 2019-2020,Planting,1.35,24.09,15.40,31.54,75.31,98.76,18.07,Type I – Tropical Monsoon (PAGASA),Dry (Cool),Silty Clay Loam / Fine Sandy Loam,Flat / Lowland,30,Tagamusing River,406.56,1.45,81.66,60.00,,,,Transplanting (Pindot),Minimum Tillage (avoid compaction; sandy structure fragile),Continuous flooding or frequent irrigation; high percolation risk
Palay,Capas,January,2019,DS 2019-2020,Planting,1.35,24.09,15.40,31.54,75.31,98.76,18.07,Type I – Tropical Monsoon (PAGASA),Dry (Cool),Sandy Loam,Flat / Lowland,30,—,377.16,6.28,96.84,105.00,,,,Transplanting (Pindot) or Direct Seeding (Pinaghandaan),Conventional Tillage: 2 plowings + 2 harrowings; soil workable when moist,Intermittent irrigation (Alternate Wetting and Drying — AWD); moderate retention
Palay,Mangkasuy,January,2019,DS 2019-2020,Planting,1.35,24.09,15.40,31.54,75.31,98.76,18.07,Type I – Tropical Monsoon (PAGASA),Dry (Cool),Sandy Loam,Flat / Lowland,30,Tagamusing River,802.20,1.40,164.00,50.00,,,,Transplanting (Pindot) or Direct Seeding (Pinaghandaan),Conventional Tillage: 2 plowings + 2 harrowings; soil workable when moist,Intermittent irrigation (Alternate Wetting and Drying — AWD); moderate retention
Palay,San Pablo,January,2019,DS 2019-2020,Planting,1.35,24.09,15.40,31.54,75.31,98.76,18.07,Type I – Tropical Monsoon (PAGASA),Dry (Cool),Sandy Loam,Flat / Lowland,30,San Pablo Creek,215.04,2.00,32.10,90.00,,,,Transplanting (Pindot) or Direct Seeding (Pinaghandaan),Conventional Tillage: 2 plowings + 2 harrowings; soil workable when moist,Intermittent irrigation (Alternate Wetting and Drying — AWD); moderate retention
Palay,Balangobong,January,2019,DS 2019-2020,Planting,1.35,24.09,15.40,31.54,75.31,98.76,18.07,Type I – Tropical Monsoon (PAGASA),Dry (Cool),Silty Clay Loam,Flat / Lowland,30,—,281.40,1.00,15.00,110.00,,,,Transplanting (Pindot) — optimal for clay-loam paddy fields,Wet Tillage (Puddling): 2 plowings + thorough harrowing under flooded condition,Continuous flooding 2–5 cm depth during vegetative stage; drain 2 weeks before harvest
Palay,San Felipe Central,January,2019,DS 2019-2020,Planting,1.35,24.09,15.40,31.54,75.31,98.76,18.07,Type I – Tropical Monsoon (PAGASA),Dry (Cool),Sandy Loam,Flat / Lowland,30,—,452.76,2.00,32.10,98.00,,,,Transplanting (Pindot) or Direct Seeding (Pinaghandaan),Conventional Tillage: 2 plowings + 2 harrowings; soil workable when moist,Intermittent irrigation (Alternate Wetting and Drying — AWD); moderate retention
Palay,San Felipe Sur,January,2019,DS 2019-2020,Planting,1.35,24.09,15.40,31.54,75.31,98.76,18.07,Type I – Tropical Monsoon (PAGASA),Dry (Cool),Sandy Loam,Flat / Lowland,30,Tagamusing River,504.00,3.40,32.10,115.00,,,,Transplanting (Pindot) or Direct Seeding (Pinaghandaan),Conventional Tillage: 2 plowings + 2 harrowings; soil workable when moist,Intermittent irrigation (Alternate Wetting and Drying — AWD); moderate retention
Palay,Pasileng Sur,January,2019,DS 2019-2020,Planting,1.35,24.09,15.40,31.54,75.31,98.76,18.07,Type I – Tropical Monsoon (PAGASA),Dry (Cool),Sandy Loam,Flat / Lowland,30,Tagamusing River,414.96,3.00,32.10,119.00,,,,Transplanting (Pindot) or Direct Seeding (Pinaghandaan),Conventional Tillage: 2 plowings + 2 harrowings; soil workable when moist,Intermittent irrigation (Alternate Wetting and Drying — AWD); moderate retention
Palay,Santiago,January,2019,DS 2019-2020,Planting,1.35,24.09,15.40,31.54,75.31,98.76,18.07,Type I – Tropical Monsoon (PAGASA),Dry (Cool),Silty Clay Loam,Flat / Lowland,30,—,283.08,2.00,85.44,18.00,,,,Transplanting (Pindot) — optimal for clay-loam paddy fields,Wet Tillage (Puddling): 2 plowings + thorough harrowing under flooded condition,Continuous flooding 2–5 cm depth during vegetative stage; drain 2 weeks before harvest
Palay,Camanggaan,January,2019,DS 2019-2020,Planting,1.35,24.09,15.40,31.54,75.31,98.76,18.07,Type I – Tropical Monsoon (PAGASA),Dry (Cool),Sandy Loam,Flat / Lowland,30,—,244.44,4.78,87.36,7.25,,,,Transplanting (Pindot) or Direct Seeding (Pinaghandaan),Conventional Tillage: 2 plowings + 2 harrowings; soil workable when moist,Intermittent irrigation (Alternate Wetting and Drying — AWD); moderate retention
Palay,Cili,January,2019,DS 2019-2020,Planting,1.35,24.09,15.40,31.54,75.31,98.76,18.07,Type I – Tropical Monsoon (PAGASA),Dry (Cool),Silty Clay Loam,Flat / Lowland,30,Alibeng River,264.60,12.07,35.32,4.75,,,,Transplanting (Pindot) — optimal for clay-loam paddy fields,Wet Tillage (Puddling): 2 plowings + thorough harrowing under flooded condition,Continuous flooding 2–5 cm depth during vegetative stage; drain 2 weeks before harvest
Palay,Moreno,January,2019,DS 2019-2020,Planting,1.35,24.09,15.40,31.54,75.31,98.76,18.07,Type I – Tropical Monsoon (PAGASA),Dry (Cool),Sandy Loam,Moderately Sloping / Highland,90,Alibeng River,641.76,25.35,135.56,4.78,,,,Transplanting (Pindot) or Direct Seeding (Pinaghandaan),Conventional Tillage: 2 plowings + 2 harrowings; soil workable when moist,Intermittent irrigation (Alternate Wetting and Drying — AWD); moderate retention; terrace or bund-assisted water retention essential on slopes
Palay,Bugayong,January,2019,DS 2019-2020,Planting,1.35,24.09,15.40,31.54,75.31,98.76,18.07,Type I – Tropical Monsoon (PAGASA),Dry (Cool),Sandy Loam / Silty Clay Loam,Flat / Lowland,30,Aloragat River,346.08,10.81,41.02,1.36,,,,Transplanting (Pindot) — recommended; Direct Seeding possible in dry season,Conventional Tillage: 2 plowings + harrowing; puddle thoroughly for transplanting,Intermittent to continuous flooding; manage according to drainage section present
Palay,Sta. Maria Norte,January,2019,DS 2019-2020,Planting,1.35,24.09,15.40,31.54,75.31,98.76,18.07,Type I – Tropical Monsoon (PAGASA),Dry (Cool),Sandy Loam,Flat / Lowland,30,Tagamusing River,157.08,2.00,32.10,2.57,,,,Transplanting (Pindot) or Direct Seeding (Pinaghandaan),Conventional Tillage: 2 plowings + 2 harrowings; soil workable when moist,Intermittent irrigation (Alternate Wetting and Drying — AWD); moderate retention
Palay,Balangobong,January,2022,DS 2022-2023,Planting,3.07,23.99,16.71,31.67,78.95,98.57,16.75,Type I – Tropical Monsoon (PAGASA),Dry (Cool),Silty Clay Loam,Flat / Lowland,30,—,281.40,75.50,32.10,110.00,,,,Transplanting (Pindot) — optimal for clay-loam paddy fields,Wet Tillage (Puddling): 2 plowings + thorough harrowing under flooded condition,Continuous flooding 2–5 cm depth during vegetative stage; drain 2 weeks before harvest
Palay,Bugayong,January,2022,DS 2022-2023,Planting,3.07,23.99,16.71,31.67,78.95,98.57,16.75,Type I – Tropical Monsoon (PAGASA),Dry (Cool),Sandy Loam / Silty Clay Loam,Flat / Lowland,30,Aloragat River,346.08,21.90,43.50,2.00,,,,Transplanting (Pindot) — recommended; Direct Seeding possible in dry season,Conventional Tillage: 2 plowings + harrowing; puddle thoroughly for transplanting,Intermittent to continuous flooding; manage according to drainage section present
Palay,Camanggaan,January,2022,DS 2022-2023,Planting,3.07,23.99,16.71,31.67,78.95,98.57,16.75,Type I – Tropical Monsoon (PAGASA),Dry (Cool),Sandy Loam,Flat / Lowland,30,—,244.44,4.72,116.60,7.00,,,,Transplanting (Pindot) or Direct Seeding (Pinaghandaan),Conventional Tillage: 2 plowings + 2 harrowings; soil workable when moist,Intermittent irrigation (Alternate Wetting and Drying — AWD); moderate retention
Palay,Capas,January,2022,DS 2022-2023,Planting,3.07,23.99,16.71,31.67,78.95,98.57,16.75,Type I – Tropical Monsoon (PAGASA),Dry (Cool),Sandy Loam,Flat / Lowland,30,—,377.16,19.40,164.00,105.00,,,,Transplanting (Pindot) or Direct Seeding (Pinaghandaan),Conventional Tillage: 2 plowings + 2 harrowings; soil workable when moist,Intermittent irrigation (Alternate Wetting and Drying — AWD); moderate retention
Palay,Mangkasuy,January,2022,DS 2022-2023,Planting,3.07,23.99,16.71,31.67,78.95,98.57,16.75,Type I – Tropical Monsoon (PAGASA),Dry (Cool),Sandy Loam,Flat / Lowland,30,Tagamusing River,802.20,3.00,164.00,50.00,,,,Transplanting (Pindot) or Direct Seeding (Pinaghandaan),Conventional Tillage: 2 plowings + 2 harrowings; soil workable when moist,Intermittent irrigation (Alternate Wetting and Drying — AWD); moderate retention
Palay,Pasileng Norte,January,2022,DS 2022-2023,Planting,3.07,23.99,16.71,31.67,78.95,98.57,16.75,Type I – Tropical Monsoon (PAGASA),Dry (Cool),Sandy Loam,Flat / Lowland,30,Tagamusing River,140.28,19.55,20.70,75.00,,,,Transplanting (Pindot) or Direct Seeding (Pinaghandaan),Conventional Tillage: 2 plowings + 2 harrowings; soil workable when moist,Intermittent irrigation (Alternate Wetting and Drying — AWD); moderate retention
Palay,Pasileng Sur,January,2022,DS 2022-2023,Planting,3.07,23.99,16.71,31.67,78.95,98.57,16.75,Type I – Tropical Monsoon (PAGASA),Dry (Cool),Sandy Loam,Flat / Lowland,30,Tagamusing River,414.96,31.77,26.40,120.00,,,,Transplanting (Pindot) or Direct Seeding (Pinaghandaan),Conventional Tillage: 2 plowings + 2 harrowings; soil workable when moist,Intermittent irrigation (Alternate Wetting and Drying — AWD); moderate retention
Palay,San Felipe Central,January,2022,DS 2022-2023,Planting,3.07,23.99,16.71,31.67,78.95,98.57,16.75,Type I – Tropical Monsoon (PAGASA),Dry (Cool),Sandy Loam,Flat / Lowland,30,—,452.76,10.00,32.10,100.00,,,,Transplanting (Pindot) or Direct Seeding (Pinaghandaan),Conventional Tillage: 2 plowings + 2 harrowings; soil workable when moist,Intermittent irrigation (Alternate Wetting and Drying — AWD); moderate retention
Palay,San Felipe Sur,January,2022,DS 2022-2023,Planting,3.07,23.99,16.71,31.67,78.95,98.57,16.75,Type I – Tropical Monsoon (PAGASA),Dry (Cool),Sandy Loam,Flat / Lowland,30,Tagamusing River,504.00,6.80,37.80,115.00,,,,Transplanting (Pindot) or Direct Seeding (Pinaghandaan),Conventional Tillage: 2 plowings + 2 harrowings; soil workable when moist,Intermittent irrigation (Alternate Wetting and Drying — AWD); moderate retention
Palay,San Pablo,January,2022,DS 2022-2023,Planting,3.07,23.99,16.71,31.67,78.95,98.57,16.75,Type I – Tropical Monsoon (PAGASA),Dry (Cool),Sandy Loam,Flat / Lowland,30,San Pablo Creek,215.04,8.80,43.50,103.00,,,,Transplanting (Pindot) or Direct Seeding (Pinaghandaan),Conventional Tillage: 2 plowings + 2 harrowings; soil workable when moist,Intermittent irrigation (Alternate Wetting and Drying — AWD); moderate retention
Palay,Santiago,January,2022,DS 2022-2023,Planting,3.07,23.99,16.71,31.67,78.95,98.57,16.75,Type I – Tropical Monsoon (PAGASA),Dry (Cool),Silty Clay Loam,Flat / Lowland,30,—,283.08,7.80,134.20,18.00,,,,Transplanting (Pindot) — optimal for clay-loam paddy fields,Wet Tillage (Puddling): 2 plowings + thorough harrowing under flooded condition,Continuous flooding 2–5 cm depth during vegetative stage; drain 2 weeks before harvest
Palay,Sta. Catalina,January,2022,DS 2022-2023,Planting,3.07,23.99,16.71,31.67,78.95,98.57,16.75,Type I – Tropical Monsoon (PAGASA),Dry (Cool),Fine Sand / Sandy Loam,Moderately Sloping / Highland,90,—,709.80,10.24,164.00,9.00,,,,Transplanting (Pindot),Minimum Tillage (avoid compaction; sandy structure fragile),Continuous flooding or frequent irrigation; high percolation risk; terrace or bund-assisted water retention essential on slopes
Palay,Sumabnit,January,2022,DS 2022-2023,Planting,3.07,23.99,16.71,31.67,78.95,98.57,16.75,Type I – Tropical Monsoon (PAGASA),Dry (Cool),Silty Clay Loam / Fine Sandy Loam,Flat / Lowland,30,Tagamusing River,406.56,10.55,116.60,72.00,,,,Transplanting (Pindot),Minimum Tillage (avoid compaction; sandy structure fragile),Continuous flooding or frequent irrigation; high percolation risk
Palay,Tabuyoc,January,2022,DS 2022-2023,Planting,3.07,23.99,16.71,31.67,78.95,98.57,16.75,Type I – Tropical Monsoon (PAGASA),Dry (Cool),Silty Clay Loam,Flat / Lowland,30,—,277.20,1.36,44.80,130.00,,,,Transplanting (Pindot) — optimal for clay-loam paddy fields,Wet Tillage (Puddling): 2 plowings + thorough harrowing under flooded condition,Continuous flooding 2–5 cm depth during vegetative stage; drain 2 weeks before harvest
Palay,Pasileng Norte,May,2008,DS 2007-2008,Harvest,14.07,26.24,22.11,33.01,84.31,98.03,19.34,Type I – Tropical Monsoon (PAGASA),Wet,Sandy Loam,Flat / Lowland,30,Tagamusing River,140.28,,,,1.00,6.00,6.00,Transplanting (Pindot) or Direct Seeding (Pinaghandaan),Conventional Tillage: 2 plowings + 2 harrowings; soil workable when moist,Intermittent irrigation (Alternate Wetting and Drying — AWD); moderate retention
Palay,Tabuyoc,May,2008,DS 2007-2008,Harvest,14.07,26.24,22.11,33.01,84.31,98.03,19.34,Type I – Tropical Monsoon (PAGASA),Wet,Silty Clay Loam,Flat / Lowland,30,—,277.20,,,,1.00,6.10,6.10,Transplanting (Pindot) — optimal for clay-loam paddy fields,Wet Tillage (Puddling): 2 plowings + thorough harrowing under flooded condition,Continuous flooding 2–5 cm depth during vegetative stage; drain 2 weeks before harvest
Palay,Bued,May,2008,DS 2007-2008,Harvest,14.07,26.24,22.11,33.01,84.31,98.03,19.34,Type I – Tropical Monsoon (PAGASA),Wet,Silty Clay Loam,Flat / Lowland,30,Tagamusing River,210.84,,,,1.05,8.40,8.00,Transplanting (Pindot) — optimal for clay-loam paddy fields,Wet Tillage (Puddling): 2 plowings + thorough harrowing under flooded condition,Continuous flooding 2–5 cm depth during vegetative stage; drain 2 weeks before harvest
Palay,Dumayat,May,2008,DS 2007-2008,Harvest,14.07,26.24,22.11,33.01,84.31,98.03,19.34,Type I – Tropical Monsoon (PAGASA),Wet,Silty Clay Loam,Flat / Lowland,30,—,266.28,,,,1.05,8.40,8.00,Transplanting (Pindot) — optimal for clay-loam paddy fields,Wet Tillage (Puddling): 2 plowings + thorough harrowing under flooded condition,Continuous flooding 2–5 cm depth during vegetative stage; drain 2 weeks before harvest
Palay,Camanggaan,May,2008,DS 2007-2008,Harvest,14.07,26.24,22.11,33.01,84.31,98.03,19.34,Type I – Tropical Monsoon (PAGASA),Wet,Sandy Loam,Flat / Lowland,30,—,244.44,,,,1.05,8.40,8.00,Transplanting (Pindot) or Direct Seeding (Pinaghandaan),Conventional Tillage: 2 plowings + 2 harrowings; soil workable when moist,Intermittent irrigation (Alternate Wetting and Drying — AWD); moderate retention
Palay,Bugayong,May,2008,DS 2007-2008,Harvest,14.07,26.24,22.11,33.01,84.31,98.03,19.34,Type I – Tropical Monsoon (PAGASA),Wet,Sandy Loam / Silty Clay Loam,Flat / Lowland,30,Aloragat River,346.08,,,,2.00,11.50,5.75,Transplanting (Pindot) — recommended; Direct Seeding possible in dry season,Conventional Tillage: 2 plowings + harrowing; puddle thoroughly for transplanting,Intermittent to continuous flooding; manage according to drainage section present
Palay,Vacante,May,2008,DS 2007-2008,Harvest,14.07,26.24,22.11,33.01,84.31,98.03,19.34,Type I – Tropical Monsoon (PAGASA),Wet,Silty Clay Loam,Flat / Lowland,30,Aloragat River,484.68,,,,2.01,16.08,8.00,Transplanting (Pindot) — optimal for clay-loam paddy fields,Wet Tillage (Puddling): 2 plowings + thorough harrowing under flooded condition,Continuous flooding 2–5 cm depth during vegetative stage; drain 2 weeks before harvest
Palay,Sta. Catalina,May,2008,DS 2007-2008,Harvest,14.07,26.24,22.11,33.01,84.31,98.03,19.34,Type I – Tropical Monsoon (PAGASA),Wet,Fine Sand / Sandy Loam,Moderately Sloping / Highland,90,—,709.80,,,,3.39,27.12,8.00,Transplanting (Pindot),Minimum Tillage (avoid compaction; sandy structure fragile),Continuous flooding or frequent irrigation; high percolation risk; terrace or bund-assisted water retention essential on slopes
Palay,Moreno,May,2008,DS 2007-2008,Harvest,14.07,26.24,22.11,33.01,84.31,98.03,19.34,Type I – Tropical Monsoon (PAGASA),Wet,Sandy Loam,Moderately Sloping / Highland,90,Alibeng River,641.76,,,,3.37,26.96,8.00,Transplanting (Pindot) or Direct Seeding (Pinaghandaan),Conventional Tillage: 2 plowings + 2 harrowings; soil workable when moist,Intermittent irrigation (Alternate Wetting and Drying — AWD); moderate retention; terrace or bund-assisted water retention essential on slopes
Palay,Cili,May,2008,DS 2007-2008,Harvest,14.07,26.24,22.11,33.01,84.31,98.03,19.34,Type I – Tropical Monsoon (PAGASA),Wet,Silty Clay Loam,Flat / Lowland,30,Alibeng River,264.60,,,,1.05,8.40,8.00,Transplanting (Pindot) — optimal for clay-loam paddy fields,Wet Tillage (Puddling): 2 plowings + thorough harrowing under flooded condition,Continuous flooding 2–5 cm depth during vegetative stage; drain 2 weeks before harvest
Palay,San Pablo,May,2008,DS 2007-2008,Harvest,14.07,26.24,22.11,33.01,84.31,98.03,19.34,Type I – Tropical Monsoon (PAGASA),Wet,Sandy Loam,Flat / Lowland,30,San Pablo Creek,215.04,,,,3.00,19.50,6.50,Transplanting (Pindot) or Direct Seeding (Pinaghandaan),Conventional Tillage: 2 plowings + 2 harrowings; soil workable when moist,Intermittent irrigation (Alternate Wetting and Drying — AWD); moderate retention
Palay,Balangobong,May,2008,DS 2007-2008,Harvest,14.07,26.24,22.11,33.01,84.31,98.03,19.34,Type I – Tropical Monsoon (PAGASA),Wet,Silty Clay Loam,Flat / Lowland,30,—,281.40,,,,2.00,13.00,6.50,Transplanting (Pindot) — optimal for clay-loam paddy fields,Wet Tillage (Puddling): 2 plowings + thorough harrowing under flooded condition,Continuous flooding 2–5 cm depth during vegetative stage; drain 2 weeks before harvest
Palay,San Felipe Central,May,2008,DS 2007-2008,Harvest,14.07,26.24,22.11,33.01,84.31,98.03,19.34,Type I – Tropical Monsoon (PAGASA),Wet,Sandy Loam,Flat / Lowland,30,—,452.76,,,,5.00,30.00,6.00,Transplanting (Pindot) or Direct Seeding (Pinaghandaan),Conventional Tillage: 2 plowings + 2 harrowings; soil workable when moist,Intermittent irrigation (Alternate Wetting and Drying — AWD); moderate retention
Palay,Sumabnit,May,2008,DS 2007-2008,Harvest,14.07,26.24,22.11,33.01,84.31,98.03,19.34,Type I – Tropical Monsoon (PAGASA),Wet,Silty Clay Loam / Fine Sandy Loam,Flat / Lowland,30,Tagamusing River,406.56,,,,1.89,15.12,8.00,Transplanting (Pindot),Minimum Tillage (avoid compaction; sandy structure fragile),Continuous flooding or frequent irrigation; high percolation risk
Palay,San Felipe Sur,May,2008,DS 2007-2008,Harvest,14.07,26.24,22.11,33.01,84.31,98.03,19.34,Type I – Tropical Monsoon (PAGASA),Wet,Sandy Loam,Flat / Lowland,30,Tagamusing River,504.00,,,,3.00,18.00,6.00,Transplanting (Pindot) or Direct Seeding (Pinaghandaan),Conventional Tillage: 2 plowings + 2 harrowings; soil workable when moist,Intermittent irrigation (Alternate Wetting and Drying — AWD); moderate retention
Palay,Linmansangan,May,2008,DS 2007-2008,Harvest,14.07,26.24,22.11,33.01,84.31,98.03,19.34,Type I – Tropical Monsoon (PAGASA),Wet,Silty Clay Loam,Flat / Lowland,30,—,492.24,,,,6.00,33.00,5.50,Transplanting (Pindot) — optimal for clay-loam paddy fields,Wet Tillage (Puddling): 2 plowings + thorough harrowing under flooded condition,Continuous flooding 2–5 cm depth during vegetative stage; drain 2 weeks before harvest
Palay,Pasileng Sur,May,2008,DS 2007-2008,Harvest,14.07,26.24,22.11,33.01,84.31,98.03,19.34,Type I – Tropical Monsoon (PAGASA),Wet,Sandy Loam,Flat / Lowland,30,Tagamusing River,414.96,,,,16.00,120.00,7.50,Transplanting (Pindot) or Direct Seeding (Pinaghandaan),Conventional Tillage: 2 plowings + 2 harrowings; soil workable when moist,Intermittent irrigation (Alternate Wetting and Drying — AWD); moderate retention
Palay,Capas,May,2008,DS 2007-2008,Harvest,14.07,26.24,22.11,33.01,84.31,98.03,19.34,Type I – Tropical Monsoon (PAGASA),Wet,Sandy Loam,Flat / Lowland,30,—,377.16,,,,1.00,5.50,5.50,Transplanting (Pindot) or Direct Seeding (Pinaghandaan),Conventional Tillage: 2 plowings + 2 harrowings; soil workable when moist,Intermittent irrigation (Alternate Wetting and Drying — AWD); moderate retention
Palay,Sta. Maria Norte,May,2008,DS 2007-2008,Harvest,14.07,26.24,22.11,33.01,84.31,98.03,19.34,Type I – Tropical Monsoon (PAGASA),Wet,Sandy Loam,Flat / Lowland,30,Tagamusing River,157.08,,,,5.34,19.64,3.68,Transplanting (Pindot) or Direct Seeding (Pinaghandaan),Conventional Tillage: 2 plowings + 2 harrowings; soil workable when moist,Intermittent irrigation (Alternate Wetting and Drying — AWD); moderate retention
Palay,Mangkasuy,May,2008,DS 2007-2008,Harvest,14.07,26.24,22.11,33.01,84.31,98.03,19.34,Type I – Tropical Monsoon (PAGASA),Wet,Sandy Loam,Flat / Lowland,30,Tagamusing River,802.20,,,,5.11,29.92,5.86,Transplanting (Pindot) or Direct Seeding (Pinaghandaan),Conventional Tillage: 2 plowings + 2 harrowings; soil workable when moist,Intermittent irrigation (Alternate Wetting and Drying — AWD); moderate retention
Palay,Santiago,May,2008,DS 2007-2008,Harvest,14.07,26.24,22.11,33.01,84.31,98.03,19.34,Type I – Tropical Monsoon (PAGASA),Wet,Silty Clay Loam,Flat / Lowland,30,—,283.08,,,,1.71,13.68,8.00,Transplanting (Pindot) — optimal for clay-loam paddy fields,Wet Tillage (Puddling): 2 plowings + thorough harrowing under flooded condition,Continuous flooding 2–5 cm depth during vegetative stage; drain 2 weeks before harvest
Palay,Pasileng Norte,May,2009,DS 2008-2009,Harvest,9.42,26.41,21.86,32.12,82.65,98.18,19.49,Type I – Tropical Monsoon (PAGASA),Wet,Sandy Loam,Flat / Lowland,30,Tagamusing River,140.28,,,,3.83,15.85,4.14,Transplanting (Pindot) or Direct Seeding (Pinaghandaan),Conventional Tillage: 2 plowings + 2 harrowings; soil workable when moist,Intermittent irrigation (Alternate Wetting and Drying — AWD); moderate retention
Palay,Tabuyoc,May,2009,DS 2008-2009,Harvest,9.42,26.41,21.86,32.12,82.65,98.18,19.49,Type I – Tropical Monsoon (PAGASA),Wet,Silty Clay Loam,Flat / Lowland,30,—,277.20,,,,1.29,10.32,8.00,Transplanting (Pindot) — optimal for clay-loam paddy fields,Wet Tillage (Puddling): 2 plowings + thorough harrowing under flooded condition,Continuous flooding 2–5 cm depth during vegetative stage; drain 2 weeks before harvest
Palay,Bued,May,2009,DS 2008-2009,Harvest,9.42,26.41,21.86,32.12,82.65,98.18,19.49,Type I – Tropical Monsoon (PAGASA),Wet,Silty Clay Loam,Flat / Lowland,30,Tagamusing River,210.84,,,,1.05,8.40,8.00,Transplanting (Pindot) — optimal for clay-loam paddy fields,Wet Tillage (Puddling): 2 plowings + thorough harrowing under flooded condition,Continuous flooding 2–5 cm depth during vegetative stage; drain 2 weeks before harvest
Palay,Dumayat,May,2009,DS 2008-2009,Harvest,9.42,26.41,21.86,32.12,82.65,98.18,19.49,Type I – Tropical Monsoon (PAGASA),Wet,Silty Clay Loam,Flat / Lowland,30,—,266.28,,,,1.05,8.40,8.00,Transplanting (Pindot) — optimal for clay-loam paddy fields,Wet Tillage (Puddling): 2 plowings + thorough harrowing under flooded condition,Continuous flooding 2–5 cm depth during vegetative stage; drain 2 weeks before harvest
Palay,Camanggaan,May,2009,DS 2008-2009,Harvest,9.42,26.41,21.86,32.12,82.65,98.18,19.49,Type I – Tropical Monsoon (PAGASA),Wet,Sandy Loam,Flat / Lowland,30,—,244.44,,,,1.05,8.40,8.00,Transplanting (Pindot) or Direct Seeding (Pinaghandaan),Conventional Tillage: 2 plowings + 2 harrowings; soil workable when moist,Intermittent irrigation (Alternate Wetting and Drying — AWD); moderate retention
Palay,Bugayong,May,2009,DS 2008-2009,Harvest,9.42,26.41,21.86,32.12,82.65,98.18,19.49,Type I – Tropical Monsoon (PAGASA),Wet,Sandy Loam / Silty Clay Loam,Flat / Lowland,30,Aloragat River,346.08,,,,1.29,10.32,8.00,Transplanting (Pindot) — recommended; Direct Seeding possible in dry season,Conventional Tillage: 2 plowings + harrowing; puddle thoroughly for transplanting,Intermittent to continuous flooding; manage according to drainage section present
Palay,Vacante,May,2009,DS 2008-2009,Harvest,9.42,26.41,21.86,32.12,82.65,98.18,19.49,Type I – Tropical Monsoon (PAGASA),Wet,Silty Clay Loam,Flat / Lowland,30,Aloragat River,484.68,,,,2.02,16.16,8.00,Transplanting (Pindot) — optimal for clay-loam paddy fields,Wet Tillage (Puddling): 2 plowings + thorough harrowing under flooded condition,Continuous flooding 2–5 cm depth during vegetative stage; drain 2 weeks before harvest
Palay,Sta. Catalina,May,2009,DS 2008-2009,Harvest,9.42,26.41,21.86,32.12,82.65,98.18,19.49,Type I – Tropical Monsoon (PAGASA),Wet,Fine Sand / Sandy Loam,Moderately Sloping / Highland,90,—,709.80,,,,3.40,27.20,8.00,Transplanting (Pindot),Minimum Tillage (avoid compaction; sandy structure fragile),Continuous flooding or frequent irrigation; high percolation risk; terrace or bund-assisted water retention essential on slopes
Palay,Moreno,May,2009,DS 2008-2009,Harvest,9.42,26.41,21.86,32.12,82.65,98.18,19.49,Type I – Tropical Monsoon (PAGASA),Wet,Sandy Loam,Moderately Sloping / Highland,90,Alibeng River,641.76,,,,3.37,26.96,8.00,Transplanting (Pindot) or Direct Seeding (Pinaghandaan),Conventional Tillage: 2 plowings + 2 harrowings; soil workable when moist,Intermittent irrigation (Alternate Wetting and Drying — AWD); moderate retention; terrace or bund-assisted water retention essential on slopes
Palay,Cili,May,2009,DS 2008-2009,Harvest,9.42,26.41,21.86,32.12,82.65,98.18,19.49,Type I – Tropical Monsoon (PAGASA),Wet,Silty Clay Loam,Flat / Lowland,30,Alibeng River,264.60,,,,1.05,8.40,8.00,Transplanting (Pindot) — optimal for clay-loam paddy fields,Wet Tillage (Puddling): 2 plowings + thorough harrowing under flooded condition,Continuous flooding 2–5 cm depth during vegetative stage; drain 2 weeks before harvest
Palay,San Pablo,May,2009,DS 2008-2009,Harvest,9.42,26.41,21.86,32.12,82.65,98.18,19.49,Type I – Tropical Monsoon (PAGASA),Wet,Sandy Loam,Flat / Lowland,30,San Pablo Creek,215.04,,,,5.11,18.20,3.56,Transplanting (Pindot) or Direct Seeding (Pinaghandaan),Conventional Tillage: 2 plowings + 2 harrowings; soil workable when moist,Intermittent irrigation (Alternate Wetting and Drying — AWD); moderate retention
Palay,Balangobong,May,2009,DS 2008-2009,Harvest,9.42,26.41,21.86,32.12,82.65,98.18,19.49,Type I – Tropical Monsoon (PAGASA),Wet,Silty Clay Loam,Flat / Lowland,30,—,281.40,,,,1.31,10.48,8.00,Transplanting (Pindot) — optimal for clay-loam paddy fields,Wet Tillage (Puddling): 2 plowings + thorough harrowing under flooded condition,Continuous flooding 2–5 cm depth during vegetative stage; drain 2 weeks before harvest
Palay,San Felipe Central,May,2009,DS 2008-2009,Harvest,9.42,26.41,21.86,32.12,82.65,98.18,19.49,Type I – Tropical Monsoon (PAGASA),Wet,Sandy Loam,Flat / Lowland,30,—,452.76,,,,1.00,8.00,8.00,Transplanting (Pindot) or Direct Seeding (Pinaghandaan),Conventional Tillage: 2 plowings + 2 harrowings; soil workable when moist,Intermittent irrigation (Alternate Wetting and Drying — AWD); moderate retention
Palay,Sumabnit,May,2009,DS 2008-2009,Harvest,9.42,26.41,21.86,32.12,82.65,98.18,19.49,Type I – Tropical Monsoon (PAGASA),Wet,Silty Clay Loam / Fine Sandy Loam,Flat / Lowland,30,Tagamusing River,406.56,,,,1.90,15.20,8.00,Transplanting (Pindot),Minimum Tillage (avoid compaction; sandy structure fragile),Continuous flooding or frequent irrigation; high percolation risk
Palay,San Felipe Sur,May,2009,DS 2008-2009,Harvest,9.42,26.41,21.86,32.12,82.65,98.18,19.49,Type I – Tropical Monsoon (PAGASA),Wet,Sandy Loam,Flat / Lowland,30,Tagamusing River,504.00,,,,4.46,28.22,6.33,Transplanting (Pindot) or Direct Seeding (Pinaghandaan),Conventional Tillage: 2 plowings + 2 harrowings; soil workable when moist,Intermittent irrigation (Alternate Wetting and Drying — AWD); moderate retention
Palay,Linmansangan,May,2009,DS 2008-2009,Harvest,9.42,26.41,21.86,32.12,82.65,98.18,19.49,Type I – Tropical Monsoon (PAGASA),Wet,Silty Clay Loam,Flat / Lowland,30,—,492.24,,,,2.64,21.12,8.00,Transplanting (Pindot) — optimal for clay-loam paddy fields,Wet Tillage (Puddling): 2 plowings + thorough harrowing under flooded condition,Continuous flooding 2–5 cm depth during vegetative stage; drain 2 weeks before harvest
Palay,Pasileng Sur,May,2009,DS 2008-2009,Harvest,9.42,26.41,21.86,32.12,82.65,98.18,19.49,Type I – Tropical Monsoon (PAGASA),Wet,Sandy Loam,Flat / Lowland,30,Tagamusing River,414.96,,,,6.21,33.90,5.46,Transplanting (Pindot) or Direct Seeding (Pinaghandaan),Conventional Tillage: 2 plowings + 2 harrowings; soil workable when moist,Intermittent irrigation (Alternate Wetting and Drying — AWD); moderate retention
Palay,Capas,May,2009,DS 2008-2009,Harvest,9.42,26.41,21.86,32.12,82.65,98.18,19.49,Type I – Tropical Monsoon (PAGASA),Wet,Sandy Loam,Flat / Lowland,30,—,377.16,,,,2.01,15.84,7.88,Transplanting (Pindot) or Direct Seeding (Pinaghandaan),Conventional Tillage: 2 plowings + 2 harrowings; soil workable when moist,Intermittent irrigation (Alternate Wetting and Drying — AWD); moderate retention
Palay,Sta. Maria Norte,May,2009,DS 2008-2009,Harvest,9.42,26.41,21.86,32.12,82.65,98.18,19.49,Type I – Tropical Monsoon (PAGASA),Wet,Sandy Loam,Flat / Lowland,30,Tagamusing River,157.08,,,,5.40,19.94,3.69,Transplanting (Pindot) or Direct Seeding (Pinaghandaan),Conventional Tillage: 2 plowings + 2 harrowings; soil workable when moist,Intermittent irrigation (Alternate Wetting and Drying — AWD); moderate retention
Palay,Mangkasuy,May,2009,DS 2008-2009,Harvest,9.42,26.41,21.86,32.12,82.65,98.18,19.49,Type I – Tropical Monsoon (PAGASA),Wet,Sandy Loam,Flat / Lowland,30,Tagamusing River,802.20,,,,5.10,29.92,5.87,Transplanting (Pindot) or Direct Seeding (Pinaghandaan),Conventional Tillage: 2 plowings + 2 harrowings; soil workable when moist,Intermittent irrigation (Alternate Wetting and Drying — AWD); moderate retention
Palay,Santiago,May,2009,DS 2008-2009,Harvest,9.42,26.41,21.86,32.12,82.65,98.18,19.49,Type I – Tropical Monsoon (PAGASA),Wet,Silty Clay Loam,Flat / Lowland,30,—,283.08,,,,1.74,13.92,8.00,Transplanting (Pindot) — optimal for clay-loam paddy fields,Wet Tillage (Puddling): 2 plowings + thorough harrowing under flooded condition,Continuous flooding 2–5 cm depth during vegetative stage; drain 2 weeks before harvest
Palay,Pasileng Norte,May,2012,DS 2011-2012,Harvest,6.52,27.57,22.98,35.26,79.29,98.15,20.37,Type I – Tropical Monsoon (PAGASA),Wet,Sandy Loam,Flat / Lowland,30,Tagamusing River,140.28,,,,5.51,22.63,4.11,Transplanting (Pindot) or Direct Seeding (Pinaghandaan),Conventional Tillage: 2 plowings + 2 harrowings; soil workable when moist,Intermittent irrigation (Alternate Wetting and Drying — AWD); moderate retention
Palay,Tabuyoc,May,2012,DS 2011-2012,Harvest,6.52,27.57,22.98,35.26,79.29,98.15,20.37,Type I – Tropical Monsoon (PAGASA),Wet,Silty Clay Loam,Flat / Lowland,30,—,277.20,,,,3.56,28.48,8.00,Transplanting (Pindot) — optimal for clay-loam paddy fields,Wet Tillage (Puddling): 2 plowings + thorough harrowing under flooded condition,Continuous flooding 2–5 cm depth during vegetative stage; drain 2 weeks before harvest
Palay,Camanggaan,May,2012,DS 2011-2012,Harvest,6.52,27.57,22.98,35.26,79.29,98.15,20.37,Type I – Tropical Monsoon (PAGASA),Wet,Sandy Loam,Flat / Lowland,30,—,244.44,,,,1.05,8.40,8.00,Transplanting (Pindot) or Direct Seeding (Pinaghandaan),Conventional Tillage: 2 plowings + 2 harrowings; soil workable when moist,Intermittent irrigation (Alternate Wetting and Drying — AWD); moderate retention
Palay,Cili,May,2012,DS 2011-2012,Harvest,6.52,27.57,22.98,35.26,79.29,98.15,20.37,Type I – Tropical Monsoon (PAGASA),Wet,Silty Clay Loam,Flat / Lowland,30,Alibeng River,264.60,,,,1.05,8.40,8.00,Transplanting (Pindot) — optimal for clay-loam paddy fields,Wet Tillage (Puddling): 2 plowings + thorough harrowing under flooded condition,Continuous flooding 2–5 cm depth during vegetative stage; drain 2 weeks before harvest
Palay,Sumabnit,May,2012,DS 2011-2012,Harvest,6.52,27.57,22.98,35.26,79.29,98.15,20.37,Type I – Tropical Monsoon (PAGASA),Wet,Silty Clay Loam / Fine Sandy Loam,Flat / Lowland,30,Tagamusing River,406.56,,,,3.70,29.60,8.00,Transplanting (Pindot),Minimum Tillage (avoid compaction; sandy structure fragile),Continuous flooding or frequent irrigation; high percolation risk
Palay,Capas,May,2012,DS 2011-2012,Harvest,6.52,27.57,22.98,35.26,79.29,98.15,20.37,Type I – Tropical Monsoon (PAGASA),Wet,Sandy Loam,Flat / Lowland,30,—,377.16,,,,1.05,8.40,8.00,Transplanting (Pindot) or Direct Seeding (Pinaghandaan),Conventional Tillage: 2 plowings + 2 harrowings; soil workable when moist,Intermittent irrigation (Alternate Wetting and Drying — AWD); moderate retention
Palay,San Pablo,May,2012,DS 2011-2012,Harvest,6.52,27.57,22.98,35.26,79.29,98.15,20.37,Type I – Tropical Monsoon (PAGASA),Wet,Sandy Loam,Flat / Lowland,30,San Pablo Creek,215.04,,,,3.87,23.54,6.08,Transplanting (Pindot) or Direct Seeding (Pinaghandaan),Conventional Tillage: 2 plowings + 2 harrowings; soil workable when moist,Intermittent irrigation (Alternate Wetting and Drying — AWD); moderate retention
Palay,Balangobong,May,2012,DS 2011-2012,Harvest,6.52,27.57,22.98,35.26,79.29,98.15,20.37,Type I – Tropical Monsoon (PAGASA),Wet,Silty Clay Loam,Flat / Lowland,30,—,281.40,,,,1.49,11.92,8.00,Transplanting (Pindot) — optimal for clay-loam paddy fields,Wet Tillage (Puddling): 2 plowings + thorough harrowing under flooded condition,Continuous flooding 2–5 cm depth during vegetative stage; drain 2 weeks before harvest
Palay,San Felipe Central,May,2012,DS 2011-2012,Harvest,6.52,27.57,22.98,35.26,79.29,98.15,20.37,Type I – Tropical Monsoon (PAGASA),Wet,Sandy Loam,Flat / Lowland,30,—,452.76,,,,4.31,34.48,8.00,Transplanting (Pindot) or Direct Seeding (Pinaghandaan),Conventional Tillage: 2 plowings + 2 harrowings; soil workable when moist,Intermittent irrigation (Alternate Wetting and Drying — AWD); moderate retention
Palay,San Felipe Sur,May,2012,DS 2011-2012,Harvest,6.52,27.57,22.98,35.26,79.29,98.15,20.37,Type I – Tropical Monsoon (PAGASA),Wet,Sandy Loam,Flat / Lowland,30,Tagamusing River,504.00,,,,3.02,24.16,8.00,Transplanting (Pindot) or Direct Seeding (Pinaghandaan),Conventional Tillage: 2 plowings + 2 harrowings; soil workable when moist,Intermittent irrigation (Alternate Wetting and Drying — AWD); moderate retention
Palay,Pasileng Sur,May,2012,DS 2011-2012,Harvest,6.52,27.57,22.98,35.26,79.29,98.15,20.37,Type I – Tropical Monsoon (PAGASA),Wet,Sandy Loam,Flat / Lowland,30,Tagamusing River,414.96,,,,4.40,35.20,8.00,Transplanting (Pindot) or Direct Seeding (Pinaghandaan),Conventional Tillage: 2 plowings + 2 harrowings; soil workable when moist,Intermittent irrigation (Alternate Wetting and Drying — AWD); moderate retention
Palay,Sta. Maria Norte,May,2012,DS 2011-2012,Harvest,6.52,27.57,22.98,35.26,79.29,98.15,20.37,Type I – Tropical Monsoon (PAGASA),Wet,Sandy Loam,Flat / Lowland,30,Tagamusing River,157.08,,,,1.86,14.88,8.00,Transplanting (Pindot) or Direct Seeding (Pinaghandaan),Conventional Tillage: 2 plowings + 2 harrowings; soil workable when moist,Intermittent irrigation (Alternate Wetting and Drying — AWD); moderate retention
Palay,Bugayong,May,2012,DS 2011-2012,Harvest,6.52,27.57,22.98,35.26,79.29,98.15,20.37,Type I – Tropical Monsoon (PAGASA),Wet,Sandy Loam / Silty Clay Loam,Flat / Lowland,30,Aloragat River,346.08,,,,1.49,11.92,8.00,Transplanting (Pindot) — recommended; Direct Seeding possible in dry season,Conventional Tillage: 2 plowings + harrowing; puddle thoroughly for transplanting,Intermittent to continuous flooding; manage according to drainage section present
Palay,Mangkasuy,May,2012,DS 2011-2012,Harvest,6.52,27.57,22.98,35.26,79.29,98.15,20.37,Type I – Tropical Monsoon (PAGASA),Wet,Sandy Loam,Flat / Lowland,30,Tagamusing River,802.20,,,,5.37,35.25,6.56,Transplanting (Pindot) or Direct Seeding (Pinaghandaan),Conventional Tillage: 2 plowings + 2 harrowings; soil workable when moist,Intermittent irrigation (Alternate Wetting and Drying — AWD); moderate retention
Palay,Santiago,May,2012,DS 2011-2012,Harvest,6.52,27.57,22.98,35.26,79.29,98.15,20.37,Type I – Tropical Monsoon (PAGASA),Wet,Silty Clay Loam,Flat / Lowland,30,—,283.08,,,,3.32,26.56,8.00,Transplanting (Pindot) — optimal for clay-loam paddy fields,Wet Tillage (Puddling): 2 plowings + thorough harrowing under flooded condition,Continuous flooding 2–5 cm depth during vegetative stage; drain 2 weeks before harvest
Palay,Pasileng Norte,May,2013,DS 2012-2013,Harvest,5.60,28.14,23.40,37.44,75.27,98.29,20.34,Type I – Tropical Monsoon (PAGASA),Wet,Sandy Loam,Flat / Lowland,30,Tagamusing River,140.28,,,,2.77,22.16,8.00,Transplanting (Pindot) or Direct Seeding (Pinaghandaan),Conventional Tillage: 2 plowings + 2 harrowings; soil workable when moist,Intermittent irrigation (Alternate Wetting and Drying — AWD); moderate retention
Palay,Tabuyoc,May,2013,DS 2012-2013,Harvest,5.60,28.14,23.40,37.44,75.27,98.29,20.34,Type I – Tropical Monsoon (PAGASA),Wet,Silty Clay Loam,Flat / Lowland,30,—,277.20,,,,6.19,33.89,5.47,Transplanting (Pindot) — optimal for clay-loam paddy fields,Wet Tillage (Puddling): 2 plowings + thorough harrowing under flooded condition,Continuous flooding 2–5 cm depth during vegetative stage; drain 2 weeks before harvest
Palay,Camanggaan,May,2013,DS 2012-2013,Harvest,5.60,28.14,23.40,37.44,75.27,98.29,20.34,Type I – Tropical Monsoon (PAGASA),Wet,Sandy Loam,Flat / Lowland,30,—,244.44,,,,3.19,23.39,7.33,Transplanting (Pindot) or Direct Seeding (Pinaghandaan),Conventional Tillage: 2 plowings + 2 harrowings; soil workable when moist,Intermittent irrigation (Alternate Wetting and Drying — AWD); moderate retention
Palay,Cili,May,2013,DS 2012-2013,Harvest,5.60,28.14,23.40,37.44,75.27,98.29,20.34,Type I – Tropical Monsoon (PAGASA),Wet,Silty Clay Loam,Flat / Lowland,30,Alibeng River,264.60,,,,1.05,8.40,8.00,Transplanting (Pindot) — optimal for clay-loam paddy fields,Wet Tillage (Puddling): 2 plowings + thorough harrowing under flooded condition,Continuous flooding 2–5 cm depth during vegetative stage; drain 2 weeks before harvest
Palay,Sumabnit,May,2013,DS 2012-2013,Harvest,5.60,28.14,23.40,37.44,75.27,98.29,20.34,Type I – Tropical Monsoon (PAGASA),Wet,Silty Clay Loam / Fine Sandy Loam,Flat / Lowland,30,Tagamusing River,406.56,,,,6.13,34.61,5.65,Transplanting (Pindot),Minimum Tillage (avoid compaction; sandy structure fragile),Continuous flooding or frequent irrigation; high percolation risk
Palay,Capas,May,2013,DS 2012-2013,Harvest,5.60,28.14,23.40,37.44,75.27,98.29,20.34,Type I – Tropical Monsoon (PAGASA),Wet,Sandy Loam,Flat / Lowland,30,—,377.16,,,,3.12,23.20,7.44,Transplanting (Pindot) or Direct Seeding (Pinaghandaan),Conventional Tillage: 2 plowings + 2 harrowings; soil workable when moist,Intermittent irrigation (Alternate Wetting and Drying — AWD); moderate retention
Palay,San Pablo,May,2013,DS 2012-2013,Harvest,5.60,28.14,23.40,37.44,75.27,98.29,20.34,Type I – Tropical Monsoon (PAGASA),Wet,Sandy Loam,Flat / Lowland,30,San Pablo Creek,215.04,,,,2.82,22.56,8.00,Transplanting (Pindot) or Direct Seeding (Pinaghandaan),Conventional Tillage: 2 plowings + 2 harrowings; soil workable when moist,Intermittent irrigation (Alternate Wetting and Drying — AWD); moderate retention
Palay,Balangobong,May,2013,DS 2012-2013,Harvest,5.60,28.14,23.40,37.44,75.27,98.29,20.34,Type I – Tropical Monsoon (PAGASA),Wet,Silty Clay Loam,Flat / Lowland,30,—,281.40,,,,7.70,13.50,1.75,Transplanting (Pindot) — optimal for clay-loam paddy fields,Wet Tillage (Puddling): 2 plowings + thorough harrowing under flooded condition,Continuous flooding 2–5 cm depth during vegetative stage; drain 2 weeks before harvest
Palay,San Felipe Central,May,2013,DS 2012-2013,Harvest,5.60,28.14,23.40,37.44,75.27,98.29,20.34,Type I – Tropical Monsoon (PAGASA),Wet,Sandy Loam,Flat / Lowland,30,—,452.76,,,,4.26,34.08,8.00,Transplanting (Pindot) or Direct Seeding (Pinaghandaan),Conventional Tillage: 2 plowings + 2 harrowings; soil workable when moist,Intermittent irrigation (Alternate Wetting and Drying — AWD); moderate retention
Palay,San Felipe Sur,May,2013,DS 2012-2013,Harvest,5.60,28.14,23.40,37.44,75.27,98.29,20.34,Type I – Tropical Monsoon (PAGASA),Wet,Sandy Loam,Flat / Lowland,30,Tagamusing River,504.00,,,,3.41,27.28,8.00,Transplanting (Pindot) or Direct Seeding (Pinaghandaan),Conventional Tillage: 2 plowings + 2 harrowings; soil workable when moist,Intermittent irrigation (Alternate Wetting and Drying — AWD); moderate retention
Palay,Pasileng Sur,May,2013,DS 2012-2013,Harvest,5.60,28.14,23.40,37.44,75.27,98.29,20.34,Type I – Tropical Monsoon (PAGASA),Wet,Sandy Loam,Flat / Lowland,30,Tagamusing River,414.96,,,,4.35,34.80,8.00,Transplanting (Pindot) or Direct Seeding (Pinaghandaan),Conventional Tillage: 2 plowings + 2 harrowings; soil workable when moist,Intermittent irrigation (Alternate Wetting and Drying — AWD); moderate retention
Palay,Sta. Maria Norte,May,2013,DS 2012-2013,Harvest,5.60,28.14,23.40,37.44,75.27,98.29,20.34,Type I – Tropical Monsoon (PAGASA),Wet,Sandy Loam,Flat / Lowland,30,Tagamusing River,157.08,,,,3.95,25.27,6.40,Transplanting (Pindot) or Direct Seeding (Pinaghandaan),Conventional Tillage: 2 plowings + 2 harrowings; soil workable when moist,Intermittent irrigation (Alternate Wetting and Drying — AWD); moderate retention
Palay,Bugayong,May,2013,DS 2012-2013,Harvest,5.60,28.14,23.40,37.44,75.27,98.29,20.34,Type I – Tropical Monsoon (PAGASA),Wet,Sandy Loam / Silty Clay Loam,Flat / Lowland,30,Aloragat River,346.08,,,,3.00,13.50,4.50,Transplanting (Pindot) — recommended; Direct Seeding possible in dry season,Conventional Tillage: 2 plowings + harrowing; puddle thoroughly for transplanting,Intermittent to continuous flooding; manage according to drainage section present
Palay,Mangkasuy,May,2013,DS 2012-2013,Harvest,5.60,28.14,23.40,37.44,75.27,98.29,20.34,Type I – Tropical Monsoon (PAGASA),Wet,Sandy Loam,Flat / Lowland,30,Tagamusing River,802.20,,,,6.14,30.76,5.01,Transplanting (Pindot) or Direct Seeding (Pinaghandaan),Conventional Tillage: 2 plowings + 2 harrowings; soil workable when moist,Intermittent irrigation (Alternate Wetting and Drying — AWD); moderate retention
Palay,Santiago,May,2013,DS 2012-2013,Harvest,5.60,28.14,23.40,37.44,75.27,98.29,20.34,Type I – Tropical Monsoon (PAGASA),Wet,Silty Clay Loam,Flat / Lowland,30,—,283.08,,,,3.80,30.40,8.00,Transplanting (Pindot) — optimal for clay-loam paddy fields,Wet Tillage (Puddling): 2 plowings + thorough harrowing under flooded condition,Continuous flooding 2–5 cm depth during vegetative stage; drain 2 weeks before harvest
Palay,Pasileng Norte,May,2014,DS 2013-2014,Harvest,5.24,28.82,22.25,36.86,72.27,98.33,23.05,Type I – Tropical Monsoon (PAGASA),Wet,Sandy Loam,Flat / Lowland,30,Tagamusing River,140.28,,,,6.85,36.02,5.26,Transplanting (Pindot) or Direct Seeding (Pinaghandaan),Conventional Tillage: 2 plowings + 2 harrowings; soil workable when moist,Intermittent irrigation (Alternate Wetting and Drying — AWD); moderate retention
Palay,Tabuyoc,May,2014,DS 2013-2014,Harvest,5.24,28.82,22.25,36.86,72.27,98.33,23.05,Type I – Tropical Monsoon (PAGASA),Wet,Silty Clay Loam,Flat / Lowland,30,—,277.20,,,,6.75,35.53,5.26,Transplanting (Pindot) — optimal for clay-loam paddy fields,Wet Tillage (Puddling): 2 plowings + thorough harrowing under flooded condition,Continuous flooding 2–5 cm depth during vegetative stage; drain 2 weeks before harvest
Palay,Camanggaan,May,2014,DS 2013-2014,Harvest,5.24,28.82,22.25,36.86,72.27,98.33,23.05,Type I – Tropical Monsoon (PAGASA),Wet,Sandy Loam,Flat / Lowland,30,—,244.44,,,,6.15,29.90,4.86,Transplanting (Pindot) or Direct Seeding (Pinaghandaan),Conventional Tillage: 2 plowings + 2 harrowings; soil workable when moist,Intermittent irrigation (Alternate Wetting and Drying — AWD); moderate retention
Palay,Sumabnit,May,2014,DS 2013-2014,Harvest,5.24,28.82,22.25,36.86,72.27,98.33,23.05,Type I – Tropical Monsoon (PAGASA),Wet,Silty Clay Loam / Fine Sandy Loam,Flat / Lowland,30,Tagamusing River,406.56,,,,6.37,35.79,5.62,Transplanting (Pindot),Minimum Tillage (avoid compaction; sandy structure fragile),Continuous flooding or frequent irrigation; high percolation risk
Palay,Capas,May,2014,DS 2013-2014,Harvest,5.24,28.82,22.25,36.86,72.27,98.33,23.05,Type I – Tropical Monsoon (PAGASA),Wet,Sandy Loam,Flat / Lowland,30,—,377.16,,,,6.20,30.22,4.87,Transplanting (Pindot) or Direct Seeding (Pinaghandaan),Conventional Tillage: 2 plowings + 2 harrowings; soil workable when moist,Intermittent irrigation (Alternate Wetting and Drying — AWD); moderate retention
Palay,San Pablo,May,2014,DS 2013-2014,Harvest,5.24,28.82,22.25,36.86,72.27,98.33,23.05,Type I – Tropical Monsoon (PAGASA),Wet,Sandy Loam,Flat / Lowland,30,San Pablo Creek,215.04,,,,8.97,36.81,4.10,Transplanting (Pindot) or Direct Seeding (Pinaghandaan),Conventional Tillage: 2 plowings + 2 harrowings; soil workable when moist,Intermittent irrigation (Alternate Wetting and Drying — AWD); moderate retention
Palay,Balangobong,May,2014,DS 2013-2014,Harvest,5.24,28.82,22.25,36.86,72.27,98.33,23.05,Type I – Tropical Monsoon (PAGASA),Wet,Silty Clay Loam,Flat / Lowland,30,—,281.40,,,,8.67,19.47,2.25,Transplanting (Pindot) — optimal for clay-loam paddy fields,Wet Tillage (Puddling): 2 plowings + thorough harrowing under flooded condition,Continuous flooding 2–5 cm depth during vegetative stage; drain 2 weeks before harvest
Palay,San Felipe Sur,May,2014,DS 2013-2014,Harvest,5.24,28.82,22.25,36.86,72.27,98.33,23.05,Type I – Tropical Monsoon (PAGASA),Wet,Sandy Loam,Flat / Lowland,30,Tagamusing River,504.00,,,,4.30,34.40,8.00,Transplanting (Pindot) or Direct Seeding (Pinaghandaan),Conventional Tillage: 2 plowings + 2 harrowings; soil workable when moist,Intermittent irrigation (Alternate Wetting and Drying — AWD); moderate retention
Palay,Pasileng Sur,May,2014,DS 2013-2014,Harvest,5.24,28.82,22.25,36.86,72.27,98.33,23.05,Type I – Tropical Monsoon (PAGASA),Wet,Sandy Loam,Flat / Lowland,30,Tagamusing River,414.96,,,,4.36,34.88,8.00,Transplanting (Pindot) or Direct Seeding (Pinaghandaan),Conventional Tillage: 2 plowings + 2 harrowings; soil workable when moist,Intermittent irrigation (Alternate Wetting and Drying — AWD); moderate retention
Palay,Sta. Maria Norte,May,2014,DS 2013-2014,Harvest,5.24,28.82,22.25,36.86,72.27,98.33,23.05,Type I – Tropical Monsoon (PAGASA),Wet,Sandy Loam,Flat / Lowland,30,Tagamusing River,157.08,,,,6.28,31.75,5.06,Transplanting (Pindot) or Direct Seeding (Pinaghandaan),Conventional Tillage: 2 plowings + 2 harrowings; soil workable when moist,Intermittent irrigation (Alternate Wetting and Drying — AWD); moderate retention
Palay,Bugayong,May,2014,DS 2013-2014,Harvest,5.24,28.82,22.25,36.86,72.27,98.33,23.05,Type I – Tropical Monsoon (PAGASA),Wet,Sandy Loam / Silty Clay Loam,Flat / Lowland,30,Aloragat River,346.08,,,,8.20,24.47,2.98,Transplanting (Pindot) — recommended; Direct Seeding possible in dry season,Conventional Tillage: 2 plowings + harrowing; puddle thoroughly for transplanting,Intermittent to continuous flooding; manage according to drainage section present
Palay,Mangkasuy,May,2014,DS 2013-2014,Harvest,5.24,28.82,22.25,36.86,72.27,98.33,23.05,Type I – Tropical Monsoon (PAGASA),Wet,Sandy Loam,Flat / Lowland,30,Tagamusing River,802.20,,,,22.90,113.01,4.93,Transplanting (Pindot) or Direct Seeding (Pinaghandaan),Conventional Tillage: 2 plowings + 2 harrowings; soil workable when moist,Intermittent irrigation (Alternate Wetting and Drying — AWD); moderate retention
Palay,Santiago,May,2014,DS 2013-2014,Harvest,5.24,28.82,22.25,36.86,72.27,98.33,23.05,Type I – Tropical Monsoon (PAGASA),Wet,Silty Clay Loam,Flat / Lowland,30,—,283.08,,,,6.59,35.52,5.39,Transplanting (Pindot) — optimal for clay-loam paddy fields,Wet Tillage (Puddling): 2 plowings + thorough harrowing under flooded condition,Continuous flooding 2–5 cm depth during vegetative stage; drain 2 weeks before harvest
Palay,Pasileng Norte,May,2020,DS 2019-2020,Harvest,6.19,28.48,23.26,36.04,77.87,98.30,21.17,Type I – Tropical Monsoon (PAGASA),Wet,Sandy Loam,Flat / Lowland,30,Tagamusing River,140.28,,,,4.85,29.41,6.06,Transplanting (Pindot) or Direct Seeding (Pinaghandaan),Conventional Tillage: 2 plowings + 2 harrowings; soil workable when moist,Intermittent irrigation (Alternate Wetting and Drying — AWD); moderate retention
Palay,Tabuyoc,May,2020,DS 2019-2020,Harvest,6.19,28.48,23.26,36.04,77.87,98.30,21.17,Type I – Tropical Monsoon (PAGASA),Wet,Silty Clay Loam,Flat / Lowland,30,—,277.20,,,,12.55,68.22,5.44,Transplanting (Pindot) — optimal for clay-loam paddy fields,Wet Tillage (Puddling): 2 plowings + thorough harrowing under flooded condition,Continuous flooding 2–5 cm depth during vegetative stage; drain 2 weeks before harvest
Palay,Sumabnit,May,2020,DS 2019-2020,Harvest,6.19,28.48,23.26,36.04,77.87,98.30,21.17,Type I – Tropical Monsoon (PAGASA),Wet,Silty Clay Loam / Fine Sandy Loam,Flat / Lowland,30,Tagamusing River,406.56,,,,5.45,28.38,5.21,Transplanting (Pindot),Minimum Tillage (avoid compaction; sandy structure fragile),Continuous flooding or frequent irrigation; high percolation risk
Palay,Capas,May,2020,DS 2019-2020,Harvest,6.19,28.48,23.26,36.04,77.87,98.30,21.17,Type I – Tropical Monsoon (PAGASA),Wet,Sandy Loam,Flat / Lowland,30,—,377.16,,,,15.00,74.25,4.95,Transplanting (Pindot) or Direct Seeding (Pinaghandaan),Conventional Tillage: 2 plowings + 2 harrowings; soil workable when moist,Intermittent irrigation (Alternate Wetting and Drying — AWD); moderate retention
Palay,Mangkasuy,May,2020,DS 2019-2020,Harvest,6.19,28.48,23.26,36.04,77.87,98.30,21.17,Type I – Tropical Monsoon (PAGASA),Wet,Sandy Loam,Flat / Lowland,30,Tagamusing River,802.20,,,,6.40,34.79,5.44,Transplanting (Pindot) or Direct Seeding (Pinaghandaan),Conventional Tillage: 2 plowings + 2 harrowings; soil workable when moist,Intermittent irrigation (Alternate Wetting and Drying — AWD); moderate retention
Palay,San Pablo,May,2020,DS 2019-2020,Harvest,6.19,28.48,23.26,36.04,77.87,98.30,21.17,Type I – Tropical Monsoon (PAGASA),Wet,Sandy Loam,Flat / Lowland,30,San Pablo Creek,215.04,,,,7.00,31.99,4.57,Transplanting (Pindot) or Direct Seeding (Pinaghandaan),Conventional Tillage: 2 plowings + 2 harrowings; soil workable when moist,Intermittent irrigation (Alternate Wetting and Drying — AWD); moderate retention
Palay,Balangobong,May,2020,DS 2019-2020,Harvest,6.19,28.48,23.26,36.04,77.87,98.30,21.17,Type I – Tropical Monsoon (PAGASA),Wet,Silty Clay Loam,Flat / Lowland,30,—,281.40,,,,14.00,82.01,5.86,Transplanting (Pindot) — optimal for clay-loam paddy fields,Wet Tillage (Puddling): 2 plowings + thorough harrowing under flooded condition,Continuous flooding 2–5 cm depth during vegetative stage; drain 2 weeks before harvest
Palay,San Felipe Central,May,2020,DS 2019-2020,Harvest,6.19,28.48,23.26,36.04,77.87,98.30,21.17,Type I – Tropical Monsoon (PAGASA),Wet,Sandy Loam,Flat / Lowland,30,—,452.76,,,,5.00,25.00,5.00,Transplanting (Pindot) or Direct Seeding (Pinaghandaan),Conventional Tillage: 2 plowings + 2 harrowings; soil workable when moist,Intermittent irrigation (Alternate Wetting and Drying — AWD); moderate retention
Palay,San Felipe Sur,May,2020,DS 2019-2020,Harvest,6.19,28.48,23.26,36.04,77.87,98.30,21.17,Type I – Tropical Monsoon (PAGASA),Wet,Sandy Loam,Flat / Lowland,30,Tagamusing River,504.00,,,,26.40,131.10,4.97,Transplanting (Pindot) or Direct Seeding (Pinaghandaan),Conventional Tillage: 2 plowings + 2 harrowings; soil workable when moist,Intermittent irrigation (Alternate Wetting and Drying — AWD); moderate retention
Palay,Pasileng Sur,May,2020,DS 2019-2020,Harvest,6.19,28.48,23.26,36.04,77.87,98.30,21.17,Type I – Tropical Monsoon (PAGASA),Wet,Sandy Loam,Flat / Lowland,30,Tagamusing River,414.96,,,,15.00,100.38,6.69,Transplanting (Pindot) or Direct Seeding (Pinaghandaan),Conventional Tillage: 2 plowings + 2 harrowings; soil workable when moist,Intermittent irrigation (Alternate Wetting and Drying — AWD); moderate retention
Palay,Santiago,May,2020,DS 2019-2020,Harvest,6.19,28.48,23.26,36.04,77.87,98.30,21.17,Type I – Tropical Monsoon (PAGASA),Wet,Silty Clay Loam,Flat / Lowland,30,—,283.08,,,,5.57,34.76,6.24,Transplanting (Pindot) — optimal for clay-loam paddy fields,Wet Tillage (Puddling): 2 plowings + thorough harrowing under flooded condition,Continuous flooding 2–5 cm depth during vegetative stage; drain 2 weeks before harvest
Palay,Camanggaan,May,2020,DS 2019-2020,Harvest,6.19,28.48,23.26,36.04,77.87,98.30,21.17,Type I – Tropical Monsoon (PAGASA),Wet,Sandy Loam,Flat / Lowland,30,—,244.44,,,,7.15,18.64,2.61,Transplanting (Pindot) or Direct Seeding (Pinaghandaan),Conventional Tillage: 2 plowings + 2 harrowings; soil workable when moist,Intermittent irrigation (Alternate Wetting and Drying — AWD); moderate retention
Palay,Cili,May,2020,DS 2019-2020,Harvest,6.19,28.48,23.26,36.04,77.87,98.30,21.17,Type I – Tropical Monsoon (PAGASA),Wet,Silty Clay Loam,Flat / Lowland,30,Alibeng River,264.60,,,,8.81,23.95,2.72,Transplanting (Pindot) — optimal for clay-loam paddy fields,Wet Tillage (Puddling): 2 plowings + thorough harrowing under flooded condition,Continuous flooding 2–5 cm depth during vegetative stage; drain 2 weeks before harvest
Palay,Moreno,May,2020,DS 2019-2020,Harvest,6.19,28.48,23.26,36.04,77.87,98.30,21.17,Type I – Tropical Monsoon (PAGASA),Wet,Sandy Loam,Moderately Sloping / Highland,90,Alibeng River,641.76,,,,3.55,28.40,8.00,Transplanting (Pindot) or Direct Seeding (Pinaghandaan),Conventional Tillage: 2 plowings + 2 harrowings; soil workable when moist,Intermittent irrigation (Alternate Wetting and Drying — AWD); moderate retention; terrace or bund-assisted water retention essential on slopes
Palay,Bugayong,May,2020,DS 2019-2020,Harvest,6.19,28.48,23.26,36.04,77.87,98.30,21.17,Type I – Tropical Monsoon (PAGASA),Wet,Sandy Loam / Silty Clay Loam,Flat / Lowland,30,Aloragat River,346.08,,,,7.58,21.83,2.88,Transplanting (Pindot) — recommended; Direct Seeding possible in dry season,Conventional Tillage: 2 plowings + harrowing; puddle thoroughly for transplanting,Intermittent to continuous flooding; manage according to drainage section present
Palay,Sta. Maria Norte,May,2020,DS 2019-2020,Harvest,6.19,28.48,23.26,36.04,77.87,98.30,21.17,Type I – Tropical Monsoon (PAGASA),Wet,Sandy Loam,Flat / Lowland,30,Tagamusing River,157.08,,,,0.50,4.00,8.00,Transplanting (Pindot) or Direct Seeding (Pinaghandaan),Conventional Tillage: 2 plowings + 2 harrowings; soil workable when moist,Intermittent irrigation (Alternate Wetting and Drying — AWD); moderate retention
Palay,Pasileng Norte,May,2021,DS 2020-2021,Harvest,4.18,29.28,22.18,38.38,71.22,98.29,24.03,Type I – Tropical Monsoon (PAGASA),Wet,Sandy Loam,Flat / Lowland,30,Tagamusing River,140.28,,,,1.10,5.23,4.75,Transplanting (Pindot) or Direct Seeding (Pinaghandaan),Conventional Tillage: 2 plowings + 2 harrowings; soil workable when moist,Intermittent irrigation (Alternate Wetting and Drying — AWD); moderate retention
Palay,Tabuyoc,May,2021,DS 2020-2021,Harvest,4.18,29.28,22.18,38.38,71.22,98.29,24.03,Type I – Tropical Monsoon (PAGASA),Wet,Silty Clay Loam,Flat / Lowland,30,—,277.20,,,,12.56,40.76,3.25,Transplanting (Pindot) — optimal for clay-loam paddy fields,Wet Tillage (Puddling): 2 plowings + thorough harrowing under flooded condition,Continuous flooding 2–5 cm depth during vegetative stage; drain 2 weeks before harvest
Palay,Camanggaan,May,2021,DS 2020-2021,Harvest,4.18,29.28,22.18,38.38,71.22,98.29,24.03,Type I – Tropical Monsoon (PAGASA),Wet,Sandy Loam,Flat / Lowland,30,—,244.44,,,,5.46,13.50,2.47,Transplanting (Pindot) or Direct Seeding (Pinaghandaan),Conventional Tillage: 2 plowings + 2 harrowings; soil workable when moist,Intermittent irrigation (Alternate Wetting and Drying — AWD); moderate retention
Palay,Sta. Catalina,May,2021,DS 2020-2021,Harvest,4.18,29.28,22.18,38.38,71.22,98.29,24.03,Type I – Tropical Monsoon (PAGASA),Wet,Fine Sand / Sandy Loam,Moderately Sloping / Highland,90,—,709.80,,,,3.19,25.52,8.00,Transplanting (Pindot),Minimum Tillage (avoid compaction; sandy structure fragile),Continuous flooding or frequent irrigation; high percolation risk; terrace or bund-assisted water retention essential on slopes
Palay,Sumabnit,May,2021,DS 2020-2021,Harvest,4.18,29.28,22.18,38.38,71.22,98.29,24.03,Type I – Tropical Monsoon (PAGASA),Wet,Silty Clay Loam / Fine Sandy Loam,Flat / Lowland,30,Tagamusing River,406.56,,,,19.73,102.68,5.20,Transplanting (Pindot),Minimum Tillage (avoid compaction; sandy structure fragile),Continuous flooding or frequent irrigation; high percolation risk
Palay,Capas,May,2021,DS 2020-2021,Harvest,4.18,29.28,22.18,38.38,71.22,98.29,24.03,Type I – Tropical Monsoon (PAGASA),Wet,Sandy Loam,Flat / Lowland,30,—,377.16,,,,7.87,62.96,8.00,Transplanting (Pindot) or Direct Seeding (Pinaghandaan),Conventional Tillage: 2 plowings + 2 harrowings; soil workable when moist,Intermittent irrigation (Alternate Wetting and Drying — AWD); moderate retention
Palay,Mangkasuy,May,2021,DS 2020-2021,Harvest,4.18,29.28,22.18,38.38,71.22,98.29,24.03,Type I – Tropical Monsoon (PAGASA),Wet,Sandy Loam,Flat / Lowland,30,Tagamusing River,802.20,,,,43.32,110.05,2.54,Transplanting (Pindot) or Direct Seeding (Pinaghandaan),Conventional Tillage: 2 plowings + 2 harrowings; soil workable when moist,Intermittent irrigation (Alternate Wetting and Drying — AWD); moderate retention
Palay,San Pablo,May,2021,DS 2020-2021,Harvest,4.18,29.28,22.18,38.38,71.22,98.29,24.03,Type I – Tropical Monsoon (PAGASA),Wet,Sandy Loam,Flat / Lowland,30,San Pablo Creek,215.04,,,,8.35,66.80,8.00,Transplanting (Pindot) or Direct Seeding (Pinaghandaan),Conventional Tillage: 2 plowings + 2 harrowings; soil workable when moist,Intermittent irrigation (Alternate Wetting and Drying — AWD); moderate retention
Palay,Balangobong,May,2021,DS 2020-2021,Harvest,4.18,29.28,22.18,38.38,71.22,98.29,24.03,Type I – Tropical Monsoon (PAGASA),Wet,Silty Clay Loam,Flat / Lowland,30,—,281.40,,,,8.22,65.76,8.00,Transplanting (Pindot) — optimal for clay-loam paddy fields,Wet Tillage (Puddling): 2 plowings + thorough harrowing under flooded condition,Continuous flooding 2–5 cm depth during vegetative stage; drain 2 weeks before harvest
Palay,San Felipe Central,May,2021,DS 2020-2021,Harvest,4.18,29.28,22.18,38.38,71.22,98.29,24.03,Type I – Tropical Monsoon (PAGASA),Wet,Sandy Loam,Flat / Lowland,30,—,452.76,,,,5.06,23.91,4.73,Transplanting (Pindot) or Direct Seeding (Pinaghandaan),Conventional Tillage: 2 plowings + 2 harrowings; soil workable when moist,Intermittent irrigation (Alternate Wetting and Drying — AWD); moderate retention
Palay,San Felipe Sur,May,2021,DS 2020-2021,Harvest,4.18,29.28,22.18,38.38,71.22,98.29,24.03,Type I – Tropical Monsoon (PAGASA),Wet,Sandy Loam,Flat / Lowland,30,Tagamusing River,504.00,,,,6.05,48.40,8.00,Transplanting (Pindot) or Direct Seeding (Pinaghandaan),Conventional Tillage: 2 plowings + 2 harrowings; soil workable when moist,Intermittent irrigation (Alternate Wetting and Drying — AWD); moderate retention
Palay,Pasileng Sur,May,2021,DS 2020-2021,Harvest,4.18,29.28,22.18,38.38,71.22,98.29,24.03,Type I – Tropical Monsoon (PAGASA),Wet,Sandy Loam,Flat / Lowland,30,Tagamusing River,414.96,,,,6.89,30.26,4.39,Transplanting (Pindot) or Direct Seeding (Pinaghandaan),Conventional Tillage: 2 plowings + 2 harrowings; soil workable when moist,Intermittent irrigation (Alternate Wetting and Drying — AWD); moderate retention
Palay,Bugayong,May,2021,DS 2020-2021,Harvest,4.18,29.28,22.18,38.38,71.22,98.29,24.03,Type I – Tropical Monsoon (PAGASA),Wet,Sandy Loam / Silty Clay Loam,Flat / Lowland,30,Aloragat River,346.08,,,,4.12,16.46,4.00,Transplanting (Pindot) — recommended; Direct Seeding possible in dry season,Conventional Tillage: 2 plowings + harrowing; puddle thoroughly for transplanting,Intermittent to continuous flooding; manage according to drainage section present
Palay,Santiago,May,2021,DS 2020-2021,Harvest,4.18,29.28,22.18,38.38,71.22,98.29,24.03,Type I – Tropical Monsoon (PAGASA),Wet,Silty Clay Loam,Flat / Lowland,30,—,283.08,,,,4.39,31.59,7.20,Transplanting (Pindot) — optimal for clay-loam paddy fields,Wet Tillage (Puddling): 2 plowings + thorough harrowing under flooded condition,Continuous flooding 2–5 cm depth during vegetative stage; drain 2 weeks before harvest
Palay,Pasileng Norte,May,2023,DS 2022-2023,Harvest,7.75,28.52,22.41,37.39,76.47,98.20,21.19,Type I – Tropical Monsoon (PAGASA),Wet,Sandy Loam,Flat / Lowland,30,Tagamusing River,140.28,,,,75.00,397.92,5.31,Transplanting (Pindot) or Direct Seeding (Pinaghandaan),Conventional Tillage: 2 plowings + 2 harrowings; soil workable when moist,Intermittent irrigation (Alternate Wetting and Drying — AWD); moderate retention
Palay,Tabuyoc,May,2023,DS 2022-2023,Harvest,7.75,28.52,22.41,37.39,76.47,98.20,21.19,Type I – Tropical Monsoon (PAGASA),Wet,Silty Clay Loam,Flat / Lowland,30,—,277.20,,,,130.00,724.94,5.58,Transplanting (Pindot) — optimal for clay-loam paddy fields,Wet Tillage (Puddling): 2 plowings + thorough harrowing under flooded condition,Continuous flooding 2–5 cm depth during vegetative stage; drain 2 weeks before harvest
Palay,Camanggaan,May,2023,DS 2022-2023,Harvest,7.75,28.52,22.41,37.39,76.47,98.20,21.19,Type I – Tropical Monsoon (PAGASA),Wet,Sandy Loam,Flat / Lowland,30,—,244.44,,,,9.66,23.18,2.40,Transplanting (Pindot) or Direct Seeding (Pinaghandaan),Conventional Tillage: 2 plowings + 2 harrowings; soil workable when moist,Intermittent irrigation (Alternate Wetting and Drying — AWD); moderate retention
Palay,Sta. Catalina,May,2023,DS 2022-2023,Harvest,7.75,28.52,22.41,37.39,76.47,98.20,21.19,Type I – Tropical Monsoon (PAGASA),Wet,Fine Sand / Sandy Loam,Moderately Sloping / Highland,90,—,709.80,,,,9.00,33.61,3.73,Transplanting (Pindot),Minimum Tillage (avoid compaction; sandy structure fragile),Continuous flooding or frequent irrigation; high percolation risk; terrace or bund-assisted water retention essential on slopes
Palay,Sumabnit,May,2023,DS 2022-2023,Harvest,7.75,28.52,22.41,37.39,76.47,98.20,21.19,Type I – Tropical Monsoon (PAGASA),Wet,Silty Clay Loam / Fine Sandy Loam,Flat / Lowland,30,Tagamusing River,406.56,,,,72.00,358.04,4.97,Transplanting (Pindot),Minimum Tillage (avoid compaction; sandy structure fragile),Continuous flooding or frequent irrigation; high percolation risk
Palay,Capas,May,2023,DS 2022-2023,Harvest,7.75,28.52,22.41,37.39,76.47,98.20,21.19,Type I – Tropical Monsoon (PAGASA),Wet,Sandy Loam,Flat / Lowland,30,—,377.16,,,,105.00,576.44,5.49,Transplanting (Pindot) or Direct Seeding (Pinaghandaan),Conventional Tillage: 2 plowings + 2 harrowings; soil workable when moist,Intermittent irrigation (Alternate Wetting and Drying — AWD); moderate retention
Palay,Mangkasuy,May,2023,DS 2022-2023,Harvest,7.75,28.52,22.41,37.39,76.47,98.20,21.19,Type I – Tropical Monsoon (PAGASA),Wet,Sandy Loam,Flat / Lowland,30,Tagamusing River,802.20,,,,50.00,279.34,5.59,Transplanting (Pindot) or Direct Seeding (Pinaghandaan),Conventional Tillage: 2 plowings + 2 harrowings; soil workable when moist,Intermittent irrigation (Alternate Wetting and Drying — AWD); moderate retention
Palay,San Pablo,May,2023,DS 2022-2023,Harvest,7.75,28.52,22.41,37.39,76.47,98.20,21.19,Type I – Tropical Monsoon (PAGASA),Wet,Sandy Loam,Flat / Lowland,30,San Pablo Creek,215.04,,,,103.00,607.49,5.90,Transplanting (Pindot) or Direct Seeding (Pinaghandaan),Conventional Tillage: 2 plowings + 2 harrowings; soil workable when moist,Intermittent irrigation (Alternate Wetting and Drying — AWD); moderate retention
Palay,Balangobong,May,2023,DS 2022-2023,Harvest,7.75,28.52,22.41,37.39,76.47,98.20,21.19,Type I – Tropical Monsoon (PAGASA),Wet,Silty Clay Loam,Flat / Lowland,30,—,281.40,,,,110.00,569.35,5.18,Transplanting (Pindot) — optimal for clay-loam paddy fields,Wet Tillage (Puddling): 2 plowings + thorough harrowing under flooded condition,Continuous flooding 2–5 cm depth during vegetative stage; drain 2 weeks before harvest
Palay,San Felipe Central,May,2023,DS 2022-2023,Harvest,7.75,28.52,22.41,37.39,76.47,98.20,21.19,Type I – Tropical Monsoon (PAGASA),Wet,Sandy Loam,Flat / Lowland,30,—,452.76,,,,100.00,516.55,5.17,Transplanting (Pindot) or Direct Seeding (Pinaghandaan),Conventional Tillage: 2 plowings + 2 harrowings; soil workable when moist,Intermittent irrigation (Alternate Wetting and Drying — AWD); moderate retention
Palay,San Felipe Sur,May,2023,DS 2022-2023,Harvest,7.75,28.52,22.41,37.39,76.47,98.20,21.19,Type I – Tropical Monsoon (PAGASA),Wet,Sandy Loam,Flat / Lowland,30,Tagamusing River,504.00,,,,115.00,615.52,5.35,Transplanting (Pindot) or Direct Seeding (Pinaghandaan),Conventional Tillage: 2 plowings + 2 harrowings; soil workable when moist,Intermittent irrigation (Alternate Wetting and Drying — AWD); moderate retention
Palay,Pasileng Sur,May,2023,DS 2022-2023,Harvest,7.75,28.52,22.41,37.39,76.47,98.20,21.19,Type I – Tropical Monsoon (PAGASA),Wet,Sandy Loam,Flat / Lowland,30,Tagamusing River,414.96,,,,120.00,649.12,5.41,Transplanting (Pindot) or Direct Seeding (Pinaghandaan),Conventional Tillage: 2 plowings + 2 harrowings; soil workable when moist,Intermittent irrigation (Alternate Wetting and Drying — AWD); moderate retention
Palay,Bugayong,May,2023,DS 2022-2023,Harvest,7.75,28.52,22.41,37.39,76.47,98.20,21.19,Type I – Tropical Monsoon (PAGASA),Wet,Sandy Loam / Silty Clay Loam,Flat / Lowland,30,Aloragat River,346.08,,,,2.00,6.77,3.38,Transplanting (Pindot) — recommended; Direct Seeding possible in dry season,Conventional Tillage: 2 plowings + harrowing; puddle thoroughly for transplanting,Intermittent to continuous flooding; manage according to drainage section present
Palay,Santiago,May,2023,DS 2022-2023,Harvest,7.75,28.52,22.41,37.39,76.47,98.20,21.19,Type I – Tropical Monsoon (PAGASA),Wet,Silty Clay Loam,Flat / Lowland,30,—,283.08,,,,18.00,103.91,5.77,Transplanting (Pindot) — optimal for clay-loam paddy fields,Wet Tillage (Puddling): 2 plowings + thorough harrowing under flooded condition,Continuous flooding 2–5 cm depth during vegetative stage; drain 2 weeks before harvest
Palay,Pasileng Norte,June,2015,WS 2015,Planting,7.21,28.46,23.39,37.03,76.02,98.26,22.25,Type I – Tropical Monsoon (PAGASA),Wet,Sandy Loam,Flat / Lowland,30,Tagamusing River,140.28,2.00,19.81,81.00,,,,Transplanting (Pindot) or Direct Seeding (Pinaghandaan),Conventional Tillage: 2 plowings + 2 harrowings; soil workable when moist,Intermittent irrigation (Alternate Wetting and Drying — AWD); moderate retention
Palay,Tabuyoc,June,2015,WS 2015,Planting,7.21,28.46,23.39,37.03,76.02,98.26,22.25,Type I – Tropical Monsoon (PAGASA),Wet,Silty Clay Loam,Flat / Lowland,30,—,277.20,130.40,5.00,139.00,,,,Transplanting (Pindot) — optimal for clay-loam paddy fields,Wet Tillage (Puddling): 2 plowings + thorough harrowing under flooded condition,Continuous flooding 2–5 cm depth during vegetative stage; drain 2 weeks before harvest
Palay,Bued,June,2015,WS 2015,Planting,7.21,28.46,23.39,37.03,76.02,98.26,22.25,Type I – Tropical Monsoon (PAGASA),Wet,Silty Clay Loam,Flat / Lowland,30,Tagamusing River,210.84,50.80,20.00,94.00,,,,Transplanting (Pindot) — optimal for clay-loam paddy fields,Wet Tillage (Puddling): 2 plowings + thorough harrowing under flooded condition,Continuous flooding 2–5 cm depth during vegetative stage; drain 2 weeks before harvest
Palay,Dumayat,June,2015,WS 2015,Planting,7.21,28.46,23.39,37.03,76.02,98.26,22.25,Type I – Tropical Monsoon (PAGASA),Wet,Silty Clay Loam,Flat / Lowland,30,—,266.28,42.88,16.00,86.00,,,,Transplanting (Pindot) — optimal for clay-loam paddy fields,Wet Tillage (Puddling): 2 plowings + thorough harrowing under flooded condition,Continuous flooding 2–5 cm depth during vegetative stage; drain 2 weeks before harvest
Palay,Camanggaan,June,2015,WS 2015,Planting,7.21,28.46,23.39,37.03,76.02,98.26,22.25,Type I – Tropical Monsoon (PAGASA),Wet,Sandy Loam,Flat / Lowland,30,—,244.44,24.50,38.00,87.00,,,,Transplanting (Pindot) or Direct Seeding (Pinaghandaan),Conventional Tillage: 2 plowings + 2 harrowings; soil workable when moist,Intermittent irrigation (Alternate Wetting and Drying — AWD); moderate retention
Palay,Vacante,June,2015,WS 2015,Planting,7.21,28.46,23.39,37.03,76.02,98.26,22.25,Type I – Tropical Monsoon (PAGASA),Wet,Silty Clay Loam,Flat / Lowland,30,Aloragat River,484.68,24.50,47.00,109.00,,,,Transplanting (Pindot) — optimal for clay-loam paddy fields,Wet Tillage (Puddling): 2 plowings + thorough harrowing under flooded condition,Continuous flooding 2–5 cm depth during vegetative stage; drain 2 weeks before harvest
Palay,Sta. Catalina,June,2015,WS 2015,Planting,7.21,28.46,23.39,37.03,76.02,98.26,22.25,Type I – Tropical Monsoon (PAGASA),Wet,Fine Sand / Sandy Loam,Moderately Sloping / Highland,90,—,709.80,65.50,130.00,229.00,,,,Transplanting (Pindot),Minimum Tillage (avoid compaction; sandy structure fragile),Continuous flooding or frequent irrigation; high percolation risk; terrace or bund-assisted water retention essential on slopes
Palay,Moreno,June,2015,WS 2015,Planting,7.21,28.46,23.39,37.03,76.02,98.26,22.25,Type I – Tropical Monsoon (PAGASA),Wet,Sandy Loam,Moderately Sloping / Highland,90,Alibeng River,641.76,65.50,79.00,164.00,,,,Transplanting (Pindot) or Direct Seeding (Pinaghandaan),Conventional Tillage: 2 plowings + 2 harrowings; soil workable when moist,Intermittent irrigation (Alternate Wetting and Drying — AWD); moderate retention; terrace or bund-assisted water retention essential on slopes
Palay,Cili,June,2015,WS 2015,Planting,7.21,28.46,23.39,37.03,76.02,98.26,22.25,Type I – Tropical Monsoon (PAGASA),Wet,Silty Clay Loam,Flat / Lowland,30,Alibeng River,264.60,35.21,75.00,168.00,,,,Transplanting (Pindot) — optimal for clay-loam paddy fields,Wet Tillage (Puddling): 2 plowings + thorough harrowing under flooded condition,Continuous flooding 2–5 cm depth during vegetative stage; drain 2 weeks before harvest
Palay,Linmansangan,June,2015,WS 2015,Planting,7.21,28.46,23.39,37.03,76.02,98.26,22.25,Type I – Tropical Monsoon (PAGASA),Wet,Silty Clay Loam,Flat / Lowland,30,—,492.24,65.50,83.00,216.00,,,,Transplanting (Pindot) — optimal for clay-loam paddy fields,Wet Tillage (Puddling): 2 plowings + thorough harrowing under flooded condition,Continuous flooding 2–5 cm depth during vegetative stage; drain 2 weeks before harvest
Palay,Sumabnit,June,2015,WS 2015,Planting,7.21,28.46,23.39,37.03,76.02,98.26,22.25,Type I – Tropical Monsoon (PAGASA),Wet,Silty Clay Loam / Fine Sandy Loam,Flat / Lowland,30,Tagamusing River,406.56,130.40,71.00,257.00,,,,Transplanting (Pindot),Minimum Tillage (avoid compaction; sandy structure fragile),Continuous flooding or frequent irrigation; high percolation risk
Palay,Capas,June,2015,WS 2015,Planting,7.21,28.46,23.39,37.03,76.02,98.26,22.25,Type I – Tropical Monsoon (PAGASA),Wet,Sandy Loam,Flat / Lowland,30,—,377.16,3.00,91.00,303.00,,,,Transplanting (Pindot) or Direct Seeding (Pinaghandaan),Conventional Tillage: 2 plowings + 2 harrowings; soil workable when moist,Intermittent irrigation (Alternate Wetting and Drying — AWD); moderate retention
Palay,Mangkasuy,June,2015,WS 2015,Planting,7.21,28.46,23.39,37.03,76.02,98.26,22.25,Type I – Tropical Monsoon (PAGASA),Wet,Sandy Loam,Flat / Lowland,30,Tagamusing River,802.20,5.00,158.00,352.00,,,,Transplanting (Pindot) or Direct Seeding (Pinaghandaan),Conventional Tillage: 2 plowings + 2 harrowings; soil workable when moist,Intermittent irrigation (Alternate Wetting and Drying — AWD); moderate retention
Palay,San Pablo,June,2015,WS 2015,Planting,7.21,28.46,23.39,37.03,76.02,98.26,22.25,Type I – Tropical Monsoon (PAGASA),Wet,Sandy Loam,Flat / Lowland,30,San Pablo Creek,215.04,5.00,19.00,134.00,,,,Transplanting (Pindot) or Direct Seeding (Pinaghandaan),Conventional Tillage: 2 plowings + 2 harrowings; soil workable when moist,Intermittent irrigation (Alternate Wetting and Drying — AWD); moderate retention
Palay,Balangobong,June,2015,WS 2015,Planting,7.21,28.46,23.39,37.03,76.02,98.26,22.25,Type I – Tropical Monsoon (PAGASA),Wet,Silty Clay Loam,Flat / Lowland,30,—,281.40,10.00,10.00,135.00,,,,Transplanting (Pindot) — optimal for clay-loam paddy fields,Wet Tillage (Puddling): 2 plowings + thorough harrowing under flooded condition,Continuous flooding 2–5 cm depth during vegetative stage; drain 2 weeks before harvest
Palay,San Felipe Central,June,2015,WS 2015,Planting,7.21,28.46,23.39,37.03,76.02,98.26,22.25,Type I – Tropical Monsoon (PAGASA),Wet,Sandy Loam,Flat / Lowland,30,—,452.76,5.00,39.00,179.00,,,,Transplanting (Pindot) or Direct Seeding (Pinaghandaan),Conventional Tillage: 2 plowings + 2 harrowings; soil workable when moist,Intermittent irrigation (Alternate Wetting and Drying — AWD); moderate retention
Palay,San Felipe Sur,June,2015,WS 2015,Planting,7.21,28.46,23.39,37.03,76.02,98.26,22.25,Type I – Tropical Monsoon (PAGASA),Wet,Sandy Loam,Flat / Lowland,30,Tagamusing River,504.00,5.00,27.00,178.00,,,,Transplanting (Pindot) or Direct Seeding (Pinaghandaan),Conventional Tillage: 2 plowings + 2 harrowings; soil workable when moist,Intermittent irrigation (Alternate Wetting and Drying — AWD); moderate retention
Palay,Pasileng Sur,June,2015,WS 2015,Planting,7.21,28.46,23.39,37.03,76.02,98.26,22.25,Type I – Tropical Monsoon (PAGASA),Wet,Sandy Loam,Flat / Lowland,30,Tagamusing River,414.96,10.00,15.00,180.00,,,,Transplanting (Pindot) or Direct Seeding (Pinaghandaan),Conventional Tillage: 2 plowings + 2 harrowings; soil workable when moist,Intermittent irrigation (Alternate Wetting and Drying — AWD); moderate retention
Palay,Sta. Maria Norte,June,2015,WS 2015,Planting,7.21,28.46,23.39,37.03,76.02,98.26,22.25,Type I – Tropical Monsoon (PAGASA),Wet,Sandy Loam,Flat / Lowland,30,Tagamusing River,157.08,26.92,28.00,68.00,,,,Transplanting (Pindot) or Direct Seeding (Pinaghandaan),Conventional Tillage: 2 plowings + 2 harrowings; soil workable when moist,Intermittent irrigation (Alternate Wetting and Drying — AWD); moderate retention
Palay,Bugayong,June,2015,WS 2015,Planting,7.21,28.46,23.39,37.03,76.02,98.26,22.25,Type I – Tropical Monsoon (PAGASA),Wet,Sandy Loam / Silty Clay Loam,Flat / Lowland,30,Aloragat River,346.08,24.50,31.00,78.00,,,,Transplanting (Pindot) — recommended; Direct Seeding possible in dry season,Conventional Tillage: 2 plowings + harrowing; puddle thoroughly for transplanting,Intermittent to continuous flooding; manage according to drainage section present
Palay,Santiago,June,2015,WS 2015,Planting,7.21,28.46,23.39,37.03,76.02,98.26,22.25,Type I – Tropical Monsoon (PAGASA),Wet,Silty Clay Loam,Flat / Lowland,30,—,283.08,130.40,84.00,251.00,,,,Transplanting (Pindot) — optimal for clay-loam paddy fields,Wet Tillage (Puddling): 2 plowings + thorough harrowing under flooded condition,Continuous flooding 2–5 cm depth during vegetative stage; drain 2 weeks before harvest
Palay,Pasileng Norte,June,2016,WS 2016,Planting,6.97,27.43,23.57,33.60,81.41,98.33,20.67,Type I – Tropical Monsoon (PAGASA),Wet,Sandy Loam,Flat / Lowland,30,Tagamusing River,140.28,78.35,2.65,81.00,,,,Transplanting (Pindot) or Direct Seeding (Pinaghandaan),Conventional Tillage: 2 plowings + 2 harrowings; soil workable when moist,Intermittent irrigation (Alternate Wetting and Drying — AWD); moderate retention
Palay,Tabuyoc,June,2016,WS 2016,Planting,6.97,27.43,23.57,33.60,81.41,98.33,20.67,Type I – Tropical Monsoon (PAGASA),Wet,Silty Clay Loam,Flat / Lowland,30,—,277.20,134.00,5.00,139.00,,,,Transplanting (Pindot) — optimal for clay-loam paddy fields,Wet Tillage (Puddling): 2 plowings + thorough harrowing under flooded condition,Continuous flooding 2–5 cm depth during vegetative stage; drain 2 weeks before harvest
Palay,Bued,June,2016,WS 2016,Planting,6.97,27.43,23.57,33.60,81.41,98.33,20.67,Type I – Tropical Monsoon (PAGASA),Wet,Silty Clay Loam,Flat / Lowland,30,Tagamusing River,210.84,56.50,37.50,94.00,,,,Transplanting (Pindot) — optimal for clay-loam paddy fields,Wet Tillage (Puddling): 2 plowings + thorough harrowing under flooded condition,Continuous flooding 2–5 cm depth during vegetative stage; drain 2 weeks before harvest
Palay,Dumayat,June,2016,WS 2016,Planting,6.97,27.43,23.57,33.60,81.41,98.33,20.67,Type I – Tropical Monsoon (PAGASA),Wet,Silty Clay Loam,Flat / Lowland,30,—,266.28,56.00,30.00,86.00,,,,Transplanting (Pindot) — optimal for clay-loam paddy fields,Wet Tillage (Puddling): 2 plowings + thorough harrowing under flooded condition,Continuous flooding 2–5 cm depth during vegetative stage; drain 2 weeks before harvest
Palay,Camanggaan,June,2016,WS 2016,Planting,6.97,27.43,23.57,33.60,81.41,98.33,20.67,Type I – Tropical Monsoon (PAGASA),Wet,Sandy Loam,Flat / Lowland,30,—,244.44,19.00,68.00,87.00,,,,Transplanting (Pindot) or Direct Seeding (Pinaghandaan),Conventional Tillage: 2 plowings + 2 harrowings; soil workable when moist,Intermittent irrigation (Alternate Wetting and Drying — AWD); moderate retention
Palay,Vacante,June,2016,WS 2016,Planting,6.97,27.43,23.57,33.60,81.41,98.33,20.67,Type I – Tropical Monsoon (PAGASA),Wet,Silty Clay Loam,Flat / Lowland,30,Aloragat River,484.68,28.00,81.00,109.00,,,,Transplanting (Pindot) — optimal for clay-loam paddy fields,Wet Tillage (Puddling): 2 plowings + thorough harrowing under flooded condition,Continuous flooding 2–5 cm depth during vegetative stage; drain 2 weeks before harvest
Palay,Sta. Catalina,June,2016,WS 2016,Planting,6.97,27.43,23.57,33.60,81.41,98.33,20.67,Type I – Tropical Monsoon (PAGASA),Wet,Fine Sand / Sandy Loam,Moderately Sloping / Highland,90,—,709.80,49.00,180.00,229.00,,,,Transplanting (Pindot),Minimum Tillage (avoid compaction; sandy structure fragile),Continuous flooding or frequent irrigation; high percolation risk; terrace or bund-assisted water retention essential on slopes
Palay,Moreno,June,2016,WS 2016,Planting,6.97,27.43,23.57,33.60,81.41,98.33,20.67,Type I – Tropical Monsoon (PAGASA),Wet,Sandy Loam,Moderately Sloping / Highland,90,Alibeng River,641.76,47.40,116.60,164.00,,,,Transplanting (Pindot) or Direct Seeding (Pinaghandaan),Conventional Tillage: 2 plowings + 2 harrowings; soil workable when moist,Intermittent irrigation (Alternate Wetting and Drying — AWD); moderate retention; terrace or bund-assisted water retention essential on slopes
Palay,Cili,June,2016,WS 2016,Planting,6.97,27.43,23.57,33.60,81.41,98.33,20.67,Type I – Tropical Monsoon (PAGASA),Wet,Silty Clay Loam,Flat / Lowland,30,Alibeng River,264.60,40.00,128.00,168.00,,,,Transplanting (Pindot) — optimal for clay-loam paddy fields,Wet Tillage (Puddling): 2 plowings + thorough harrowing under flooded condition,Continuous flooding 2–5 cm depth during vegetative stage; drain 2 weeks before harvest
Palay,Linmansangan,June,2016,WS 2016,Planting,6.97,27.43,23.57,33.60,81.41,98.33,20.67,Type I – Tropical Monsoon (PAGASA),Wet,Silty Clay Loam,Flat / Lowland,30,—,492.24,65.50,150.50,216.00,,,,Transplanting (Pindot) — optimal for clay-loam paddy fields,Wet Tillage (Puddling): 2 plowings + thorough harrowing under flooded condition,Continuous flooding 2–5 cm depth during vegetative stage; drain 2 weeks before harvest
Palay,Sumabnit,June,2016,WS 2016,Planting,6.97,27.43,23.57,33.60,81.41,98.33,20.67,Type I – Tropical Monsoon (PAGASA),Wet,Silty Clay Loam / Fine Sandy Loam,Flat / Lowland,30,Tagamusing River,406.56,133.30,123.70,257.00,,,,Transplanting (Pindot),Minimum Tillage (avoid compaction; sandy structure fragile),Continuous flooding or frequent irrigation; high percolation risk
Palay,Capas,June,2016,WS 2016,Planting,6.97,27.43,23.57,33.60,81.41,98.33,20.67,Type I – Tropical Monsoon (PAGASA),Wet,Sandy Loam,Flat / Lowland,30,—,377.16,139.00,164.00,303.00,,,,Transplanting (Pindot) or Direct Seeding (Pinaghandaan),Conventional Tillage: 2 plowings + 2 harrowings; soil workable when moist,Intermittent irrigation (Alternate Wetting and Drying — AWD); moderate retention
Palay,Mangkasuy,June,2016,WS 2016,Planting,6.97,27.43,23.57,33.60,81.41,98.33,20.67,Type I – Tropical Monsoon (PAGASA),Wet,Sandy Loam,Flat / Lowland,30,Tagamusing River,802.20,90.00,262.00,352.00,,,,Transplanting (Pindot) or Direct Seeding (Pinaghandaan),Conventional Tillage: 2 plowings + 2 harrowings; soil workable when moist,Intermittent irrigation (Alternate Wetting and Drying — AWD); moderate retention
Palay,San Pablo,June,2016,WS 2016,Planting,6.97,27.43,23.57,33.60,81.41,98.33,20.67,Type I – Tropical Monsoon (PAGASA),Wet,Sandy Loam,Flat / Lowland,30,San Pablo Creek,215.04,103.50,30.50,134.00,,,,Transplanting (Pindot) or Direct Seeding (Pinaghandaan),Conventional Tillage: 2 plowings + 2 harrowings; soil workable when moist,Intermittent irrigation (Alternate Wetting and Drying — AWD); moderate retention
Palay,Balangobong,June,2016,WS 2016,Planting,6.97,27.43,23.57,33.60,81.41,98.33,20.67,Type I – Tropical Monsoon (PAGASA),Wet,Silty Clay Loam,Flat / Lowland,30,—,281.40,120.00,15.00,135.00,,,,Transplanting (Pindot) — optimal for clay-loam paddy fields,Wet Tillage (Puddling): 2 plowings + thorough harrowing under flooded condition,Continuous flooding 2–5 cm depth during vegetative stage; drain 2 weeks before harvest
Palay,San Felipe Central,June,2016,WS 2016,Planting,6.97,27.43,23.57,33.60,81.41,98.33,20.67,Type I – Tropical Monsoon (PAGASA),Wet,Sandy Loam,Flat / Lowland,30,—,452.76,117.00,62.00,179.00,,,,Transplanting (Pindot) or Direct Seeding (Pinaghandaan),Conventional Tillage: 2 plowings + 2 harrowings; soil workable when moist,Intermittent irrigation (Alternate Wetting and Drying — AWD); moderate retention
Palay,San Felipe Sur,June,2016,WS 2016,Planting,6.97,27.43,23.57,33.60,81.41,98.33,20.67,Type I – Tropical Monsoon (PAGASA),Wet,Sandy Loam,Flat / Lowland,30,Tagamusing River,504.00,127.50,50.50,178.00,,,,Transplanting (Pindot) or Direct Seeding (Pinaghandaan),Conventional Tillage: 2 plowings + 2 harrowings; soil workable when moist,Intermittent irrigation (Alternate Wetting and Drying — AWD); moderate retention
Palay,Pasileng Sur,June,2016,WS 2016,Planting,6.97,27.43,23.57,33.60,81.41,98.33,20.67,Type I – Tropical Monsoon (PAGASA),Wet,Sandy Loam,Flat / Lowland,30,Tagamusing River,414.96,150.90,29.10,180.00,,,,Transplanting (Pindot) or Direct Seeding (Pinaghandaan),Conventional Tillage: 2 plowings + 2 harrowings; soil workable when moist,Intermittent irrigation (Alternate Wetting and Drying — AWD); moderate retention
Palay,Sta. Maria Norte,June,2016,WS 2016,Planting,6.97,27.43,23.57,33.60,81.41,98.33,20.67,Type I – Tropical Monsoon (PAGASA),Wet,Sandy Loam,Flat / Lowland,30,Tagamusing River,157.08,24.50,43.50,68.00,,,,Transplanting (Pindot) or Direct Seeding (Pinaghandaan),Conventional Tillage: 2 plowings + 2 harrowings; soil workable when moist,Intermittent irrigation (Alternate Wetting and Drying — AWD); moderate retention
Palay,Bugayong,June,2016,WS 2016,Planting,6.97,27.43,23.57,33.60,81.41,98.33,20.67,Type I – Tropical Monsoon (PAGASA),Wet,Sandy Loam / Silty Clay Loam,Flat / Lowland,30,Aloragat River,346.08,25.95,52.05,78.00,,,,Transplanting (Pindot) — recommended; Direct Seeding possible in dry season,Conventional Tillage: 2 plowings + harrowing; puddle thoroughly for transplanting,Intermittent to continuous flooding; manage according to drainage section present
Palay,Santiago,June,2016,WS 2016,Planting,6.97,27.43,23.57,33.60,81.41,98.33,20.67,Type I – Tropical Monsoon (PAGASA),Wet,Silty Clay Loam,Flat / Lowland,30,—,283.08,103.60,147.40,251.00,,,,Transplanting (Pindot) — optimal for clay-loam paddy fields,Wet Tillage (Puddling): 2 plowings + thorough harrowing under flooded condition,Continuous flooding 2–5 cm depth during vegetative stage; drain 2 weeks before harvest
Palay,Pasileng Norte,June,2017,WS 2017,Planting,8.73,27.20,22.27,32.27,83.43,98.30,21.97,Type I – Tropical Monsoon (PAGASA),Wet,Sandy Loam,Flat / Lowland,30,Tagamusing River,140.28,78.35,2.65,81.00,,,,Transplanting (Pindot) or Direct Seeding (Pinaghandaan),Conventional Tillage: 2 plowings + 2 harrowings; soil workable when moist,Intermittent irrigation (Alternate Wetting and Drying — AWD); moderate retention
Palay,Tabuyoc,June,2017,WS 2017,Planting,8.73,27.20,22.27,32.27,83.43,98.30,21.97,Type I – Tropical Monsoon (PAGASA),Wet,Silty Clay Loam,Flat / Lowland,30,—,277.20,134.00,5.00,139.00,,,,Transplanting (Pindot) — optimal for clay-loam paddy fields,Wet Tillage (Puddling): 2 plowings + thorough harrowing under flooded condition,Continuous flooding 2–5 cm depth during vegetative stage; drain 2 weeks before harvest
Palay,Bued,June,2017,WS 2017,Planting,8.73,27.20,22.27,32.27,83.43,98.30,21.97,Type I – Tropical Monsoon (PAGASA),Wet,Silty Clay Loam,Flat / Lowland,30,Tagamusing River,210.84,56.50,37.50,94.00,,,,Transplanting (Pindot) — optimal for clay-loam paddy fields,Wet Tillage (Puddling): 2 plowings + thorough harrowing under flooded condition,Continuous flooding 2–5 cm depth during vegetative stage; drain 2 weeks before harvest
Palay,Dumayat,June,2017,WS 2017,Planting,8.73,27.20,22.27,32.27,83.43,98.30,21.97,Type I – Tropical Monsoon (PAGASA),Wet,Silty Clay Loam,Flat / Lowland,30,—,266.28,56.00,30.00,86.00,,,,Transplanting (Pindot) — optimal for clay-loam paddy fields,Wet Tillage (Puddling): 2 plowings + thorough harrowing under flooded condition,Continuous flooding 2–5 cm depth during vegetative stage; drain 2 weeks before harvest
Palay,Camanggaan,June,2017,WS 2017,Planting,8.73,27.20,22.27,32.27,83.43,98.30,21.97,Type I – Tropical Monsoon (PAGASA),Wet,Sandy Loam,Flat / Lowland,30,—,244.44,19.00,68.00,87.00,,,,Transplanting (Pindot) or Direct Seeding (Pinaghandaan),Conventional Tillage: 2 plowings + 2 harrowings; soil workable when moist,Intermittent irrigation (Alternate Wetting and Drying — AWD); moderate retention
Palay,Vacante,June,2017,WS 2017,Planting,8.73,27.20,22.27,32.27,83.43,98.30,21.97,Type I – Tropical Monsoon (PAGASA),Wet,Silty Clay Loam,Flat / Lowland,30,Aloragat River,484.68,28.00,81.00,109.00,,,,Transplanting (Pindot) — optimal for clay-loam paddy fields,Wet Tillage (Puddling): 2 plowings + thorough harrowing under flooded condition,Continuous flooding 2–5 cm depth during vegetative stage; drain 2 weeks before harvest
Palay,Sta. Catalina,June,2017,WS 2017,Planting,8.73,27.20,22.27,32.27,83.43,98.30,21.97,Type I – Tropical Monsoon (PAGASA),Wet,Fine Sand / Sandy Loam,Moderately Sloping / Highland,90,—,709.80,49.00,180.00,229.00,,,,Transplanting (Pindot),Minimum Tillage (avoid compaction; sandy structure fragile),Continuous flooding or frequent irrigation; high percolation risk; terrace or bund-assisted water retention essential on slopes
Palay,Moreno,June,2017,WS 2017,Planting,8.73,27.20,22.27,32.27,83.43,98.30,21.97,Type I – Tropical Monsoon (PAGASA),Wet,Sandy Loam,Moderately Sloping / Highland,90,Alibeng River,641.76,47.40,116.60,164.00,,,,Transplanting (Pindot) or Direct Seeding (Pinaghandaan),Conventional Tillage: 2 plowings + 2 harrowings; soil workable when moist,Intermittent irrigation (Alternate Wetting and Drying — AWD); moderate retention; terrace or bund-assisted water retention essential on slopes
Palay,Cili,June,2017,WS 2017,Planting,8.73,27.20,22.27,32.27,83.43,98.30,21.97,Type I – Tropical Monsoon (PAGASA),Wet,Silty Clay Loam,Flat / Lowland,30,Alibeng River,264.60,40.00,128.00,168.00,,,,Transplanting (Pindot) — optimal for clay-loam paddy fields,Wet Tillage (Puddling): 2 plowings + thorough harrowing under flooded condition,Continuous flooding 2–5 cm depth during vegetative stage; drain 2 weeks before harvest
Palay,Linmansangan,June,2017,WS 2017,Planting,8.73,27.20,22.27,32.27,83.43,98.30,21.97,Type I – Tropical Monsoon (PAGASA),Wet,Silty Clay Loam,Flat / Lowland,30,—,492.24,65.50,150.50,216.00,,,,Transplanting (Pindot) — optimal for clay-loam paddy fields,Wet Tillage (Puddling): 2 plowings + thorough harrowing under flooded condition,Continuous flooding 2–5 cm depth during vegetative stage; drain 2 weeks before harvest
Palay,Sumabnit,June,2017,WS 2017,Planting,8.73,27.20,22.27,32.27,83.43,98.30,21.97,Type I – Tropical Monsoon (PAGASA),Wet,Silty Clay Loam / Fine Sandy Loam,Flat / Lowland,30,Tagamusing River,406.56,133.30,123.70,257.00,,,,Transplanting (Pindot),Minimum Tillage (avoid compaction; sandy structure fragile),Continuous flooding or frequent irrigation; high percolation risk
Palay,Capas,June,2017,WS 2017,Planting,8.73,27.20,22.27,32.27,83.43,98.30,21.97,Type I – Tropical Monsoon (PAGASA),Wet,Sandy Loam,Flat / Lowland,30,—,377.16,139.00,164.00,303.00,,,,Transplanting (Pindot) or Direct Seeding (Pinaghandaan),Conventional Tillage: 2 plowings + 2 harrowings; soil workable when moist,Intermittent irrigation (Alternate Wetting and Drying — AWD); moderate retention
Palay,Mangkasuy,June,2017,WS 2017,Planting,8.73,27.20,22.27,32.27,83.43,98.30,21.97,Type I – Tropical Monsoon (PAGASA),Wet,Sandy Loam,Flat / Lowland,30,Tagamusing River,802.20,90.00,262.00,352.00,,,,Transplanting (Pindot) or Direct Seeding (Pinaghandaan),Conventional Tillage: 2 plowings + 2 harrowings; soil workable when moist,Intermittent irrigation (Alternate Wetting and Drying — AWD); moderate retention
Palay,San Pablo,June,2017,WS 2017,Planting,8.73,27.20,22.27,32.27,83.43,98.30,21.97,Type I – Tropical Monsoon (PAGASA),Wet,Sandy Loam,Flat / Lowland,30,San Pablo Creek,215.04,103.50,30.50,134.00,,,,Transplanting (Pindot) or Direct Seeding (Pinaghandaan),Conventional Tillage: 2 plowings + 2 harrowings; soil workable when moist,Intermittent irrigation (Alternate Wetting and Drying — AWD); moderate retention
Palay,Balangobong,June,2017,WS 2017,Planting,8.73,27.20,22.27,32.27,83.43,98.30,21.97,Type I – Tropical Monsoon (PAGASA),Wet,Silty Clay Loam,Flat / Lowland,30,—,281.40,120.00,15.00,135.00,,,,Transplanting (Pindot) — optimal for clay-loam paddy fields,Wet Tillage (Puddling): 2 plowings + thorough harrowing under flooded condition,Continuous flooding 2–5 cm depth during vegetative stage; drain 2 weeks before harvest
Palay,San Felipe Central,June,2017,WS 2017,Planting,8.73,27.20,22.27,32.27,83.43,98.30,21.97,Type I – Tropical Monsoon (PAGASA),Wet,Sandy Loam,Flat / Lowland,30,—,452.76,117.00,62.00,179.00,,,,Transplanting (Pindot) or Direct Seeding (Pinaghandaan),Conventional Tillage: 2 plowings + 2 harrowings; soil workable when moist,Intermittent irrigation (Alternate Wetting and Drying — AWD); moderate retention
Palay,San Felipe Sur,June,2017,WS 2017,Planting,8.73,27.20,22.27,32.27,83.43,98.30,21.97,Type I – Tropical Monsoon (PAGASA),Wet,Sandy Loam,Flat / Lowland,30,Tagamusing River,504.00,127.50,50.50,178.00,,,,Transplanting (Pindot) or Direct Seeding (Pinaghandaan),Conventional Tillage: 2 plowings + 2 harrowings; soil workable when moist,Intermittent irrigation (Alternate Wetting and Drying — AWD); moderate retention
Palay,Pasileng Sur,June,2017,WS 2017,Planting,8.73,27.20,22.27,32.27,83.43,98.30,21.97,Type I – Tropical Monsoon (PAGASA),Wet,Sandy Loam,Flat / Lowland,30,Tagamusing River,414.96,150.90,29.10,180.00,,,,Transplanting (Pindot) or Direct Seeding (Pinaghandaan),Conventional Tillage: 2 plowings + 2 harrowings; soil workable when moist,Intermittent irrigation (Alternate Wetting and Drying — AWD); moderate retention
Palay,Sta. Maria Norte,June,2017,WS 2017,Planting,8.73,27.20,22.27,32.27,83.43,98.30,21.97,Type I – Tropical Monsoon (PAGASA),Wet,Sandy Loam,Flat / Lowland,30,Tagamusing River,157.08,24.50,43.50,68.00,,,,Transplanting (Pindot) or Direct Seeding (Pinaghandaan),Conventional Tillage: 2 plowings + 2 harrowings; soil workable when moist,Intermittent irrigation (Alternate Wetting and Drying — AWD); moderate retention
Palay,Bugayong,June,2017,WS 2017,Planting,8.73,27.20,22.27,32.27,83.43,98.30,21.97,Type I – Tropical Monsoon (PAGASA),Wet,Sandy Loam / Silty Clay Loam,Flat / Lowland,30,Aloragat River,346.08,25.95,52.05,78.00,,,,Transplanting (Pindot) — recommended; Direct Seeding possible in dry season,Conventional Tillage: 2 plowings + harrowing; puddle thoroughly for transplanting,Intermittent to continuous flooding; manage according to drainage section present
Palay,Santiago,June,2017,WS 2017,Planting,8.73,27.20,22.27,32.27,83.43,98.30,21.97,Type I – Tropical Monsoon (PAGASA),Wet,Silty Clay Loam,Flat / Lowland,30,—,283.08,103.60,147.40,251.00,,,,Transplanting (Pindot) — optimal for clay-loam paddy fields,Wet Tillage (Puddling): 2 plowings + thorough harrowing under flooded condition,Continuous flooding 2–5 cm depth during vegetative stage; drain 2 weeks before harvest
Palay,Pasileng Norte,June,2018,WS 2018,Planting,18.30,26.62,22.61,33.57,86.80,98.13,16.51,Type I – Tropical Monsoon (PAGASA),Wet,Sandy Loam,Flat / Lowland,30,Tagamusing River,140.28,78.35,2.65,81.00,,,,Transplanting (Pindot) or Direct Seeding (Pinaghandaan),Conventional Tillage: 2 plowings + 2 harrowings; soil workable when moist,Intermittent irrigation (Alternate Wetting and Drying — AWD); moderate retention
Palay,Tabuyoc,June,2018,WS 2018,Planting,18.30,26.62,22.61,33.57,86.80,98.13,16.51,Type I – Tropical Monsoon (PAGASA),Wet,Silty Clay Loam,Flat / Lowland,30,—,277.20,134.00,5.00,139.00,,,,Transplanting (Pindot) — optimal for clay-loam paddy fields,Wet Tillage (Puddling): 2 plowings + thorough harrowing under flooded condition,Continuous flooding 2–5 cm depth during vegetative stage; drain 2 weeks before harvest
Palay,Bued,June,2018,WS 2018,Planting,18.30,26.62,22.61,33.57,86.80,98.13,16.51,Type I – Tropical Monsoon (PAGASA),Wet,Silty Clay Loam,Flat / Lowland,30,Tagamusing River,210.84,56.50,37.50,94.00,,,,Transplanting (Pindot) — optimal for clay-loam paddy fields,Wet Tillage (Puddling): 2 plowings + thorough harrowing under flooded condition,Continuous flooding 2–5 cm depth during vegetative stage; drain 2 weeks before harvest
Palay,Dumayat,June,2018,WS 2018,Planting,18.30,26.62,22.61,33.57,86.80,98.13,16.51,Type I – Tropical Monsoon (PAGASA),Wet,Silty Clay Loam,Flat / Lowland,30,—,266.28,56.00,30.00,86.00,,,,Transplanting (Pindot) — optimal for clay-loam paddy fields,Wet Tillage (Puddling): 2 plowings + thorough harrowing under flooded condition,Continuous flooding 2–5 cm depth during vegetative stage; drain 2 weeks before harvest
Palay,Camanggaan,June,2018,WS 2018,Planting,18.30,26.62,22.61,33.57,86.80,98.13,16.51,Type I – Tropical Monsoon (PAGASA),Wet,Sandy Loam,Flat / Lowland,30,—,244.44,19.00,68.00,87.00,,,,Transplanting (Pindot) or Direct Seeding (Pinaghandaan),Conventional Tillage: 2 plowings + 2 harrowings; soil workable when moist,Intermittent irrigation (Alternate Wetting and Drying — AWD); moderate retention
Palay,Vacante,June,2018,WS 2018,Planting,18.30,26.62,22.61,33.57,86.80,98.13,16.51,Type I – Tropical Monsoon (PAGASA),Wet,Silty Clay Loam,Flat / Lowland,30,Aloragat River,484.68,28.00,81.00,109.00,,,,Transplanting (Pindot) — optimal for clay-loam paddy fields,Wet Tillage (Puddling): 2 plowings + thorough harrowing under flooded condition,Continuous flooding 2–5 cm depth during vegetative stage; drain 2 weeks before harvest
Palay,Sta. Catalina,June,2018,WS 2018,Planting,18.30,26.62,22.61,33.57,86.80,98.13,16.51,Type I – Tropical Monsoon (PAGASA),Wet,Fine Sand / Sandy Loam,Moderately Sloping / Highland,90,—,709.80,49.00,180.00,229.00,,,,Transplanting (Pindot),Minimum Tillage (avoid compaction; sandy structure fragile),Continuous flooding or frequent irrigation; high percolation risk; terrace or bund-assisted water retention essential on slopes
Palay,Moreno,June,2018,WS 2018,Planting,18.30,26.62,22.61,33.57,86.80,98.13,16.51,Type I – Tropical Monsoon (PAGASA),Wet,Sandy Loam,Moderately Sloping / Highland,90,Alibeng River,641.76,47.40,116.60,164.00,,,,Transplanting (Pindot) or Direct Seeding (Pinaghandaan),Conventional Tillage: 2 plowings + 2 harrowings; soil workable when moist,Intermittent irrigation (Alternate Wetting and Drying — AWD); moderate retention; terrace or bund-assisted water retention essential on slopes
Palay,Cili,June,2018,WS 2018,Planting,18.30,26.62,22.61,33.57,86.80,98.13,16.51,Type I – Tropical Monsoon (PAGASA),Wet,Silty Clay Loam,Flat / Lowland,30,Alibeng River,264.60,40.00,128.00,168.00,,,,Transplanting (Pindot) — optimal for clay-loam paddy fields,Wet Tillage (Puddling): 2 plowings + thorough harrowing under flooded condition,Continuous flooding 2–5 cm depth during vegetative stage; drain 2 weeks before harvest
Palay,Linmansangan,June,2018,WS 2018,Planting,18.30,26.62,22.61,33.57,86.80,98.13,16.51,Type I – Tropical Monsoon (PAGASA),Wet,Silty Clay Loam,Flat / Lowland,30,—,492.24,65.50,150.50,216.00,,,,Transplanting (Pindot) — optimal for clay-loam paddy fields,Wet Tillage (Puddling): 2 plowings + thorough harrowing under flooded condition,Continuous flooding 2–5 cm depth during vegetative stage; drain 2 weeks before harvest
Palay,Sumabnit,June,2018,WS 2018,Planting,18.30,26.62,22.61,33.57,86.80,98.13,16.51,Type I – Tropical Monsoon (PAGASA),Wet,Silty Clay Loam / Fine Sandy Loam,Flat / Lowland,30,Tagamusing River,406.56,133.30,123.70,257.00,,,,Transplanting (Pindot),Minimum Tillage (avoid compaction; sandy structure fragile),Continuous flooding or frequent irrigation; high percolation risk
Palay,Capas,June,2018,WS 2018,Planting,18.30,26.62,22.61,33.57,86.80,98.13,16.51,Type I – Tropical Monsoon (PAGASA),Wet,Sandy Loam,Flat / Lowland,30,—,377.16,139.00,164.00,303.00,,,,Transplanting (Pindot) or Direct Seeding (Pinaghandaan),Conventional Tillage: 2 plowings + 2 harrowings; soil workable when moist,Intermittent irrigation (Alternate Wetting and Drying — AWD); moderate retention
Palay,Mangkasuy,June,2018,WS 2018,Planting,18.30,26.62,22.61,33.57,86.80,98.13,16.51,Type I – Tropical Monsoon (PAGASA),Wet,Sandy Loam,Flat / Lowland,30,Tagamusing River,802.20,90.00,262.00,352.00,,,,Transplanting (Pindot) or Direct Seeding (Pinaghandaan),Conventional Tillage: 2 plowings + 2 harrowings; soil workable when moist,Intermittent irrigation (Alternate Wetting and Drying — AWD); moderate retention
Palay,San Pablo,June,2018,WS 2018,Planting,18.30,26.62,22.61,33.57,86.80,98.13,16.51,Type I – Tropical Monsoon (PAGASA),Wet,Sandy Loam,Flat / Lowland,30,San Pablo Creek,215.04,103.50,30.50,134.00,,,,Transplanting (Pindot) or Direct Seeding (Pinaghandaan),Conventional Tillage: 2 plowings + 2 harrowings; soil workable when moist,Intermittent irrigation (Alternate Wetting and Drying — AWD); moderate retention
Palay,Balangobong,June,2018,WS 2018,Planting,18.30,26.62,22.61,33.57,86.80,98.13,16.51,Type I – Tropical Monsoon (PAGASA),Wet,Silty Clay Loam,Flat / Lowland,30,—,281.40,120.00,15.00,135.00,,,,Transplanting (Pindot) — optimal for clay-loam paddy fields,Wet Tillage (Puddling): 2 plowings + thorough harrowing under flooded condition,Continuous flooding 2–5 cm depth during vegetative stage; drain 2 weeks before harvest
Palay,San Felipe Central,June,2018,WS 2018,Planting,18.30,26.62,22.61,33.57,86.80,98.13,16.51,Type I – Tropical Monsoon (PAGASA),Wet,Sandy Loam,Flat / Lowland,30,—,452.76,117.00,62.00,179.00,,,,Transplanting (Pindot) or Direct Seeding (Pinaghandaan),Conventional Tillage: 2 plowings + 2 harrowings; soil workable when moist,Intermittent irrigation (Alternate Wetting and Drying — AWD); moderate retention
Palay,San Felipe Sur,June,2018,WS 2018,Planting,18.30,26.62,22.61,33.57,86.80,98.13,16.51,Type I – Tropical Monsoon (PAGASA),Wet,Sandy Loam,Flat / Lowland,30,Tagamusing River,504.00,127.50,50.50,178.00,,,,Transplanting (Pindot) or Direct Seeding (Pinaghandaan),Conventional Tillage: 2 plowings + 2 harrowings; soil workable when moist,Intermittent irrigation (Alternate Wetting and Drying — AWD); moderate retention
Palay,Pasileng Sur,June,2018,WS 2018,Planting,18.30,26.62,22.61,33.57,86.80,98.13,16.51,Type I – Tropical Monsoon (PAGASA),Wet,Sandy Loam,Flat / Lowland,30,Tagamusing River,414.96,150.90,29.10,180.00,,,,Transplanting (Pindot) or Direct Seeding (Pinaghandaan),Conventional Tillage: 2 plowings + 2 harrowings; soil workable when moist,Intermittent irrigation (Alternate Wetting and Drying — AWD); moderate retention
Palay,Sta. Maria Norte,June,2018,WS 2018,Planting,18.30,26.62,22.61,33.57,86.80,98.13,16.51,Type I – Tropical Monsoon (PAGASA),Wet,Sandy Loam,Flat / Lowland,30,Tagamusing River,157.08,24.50,43.50,68.00,,,,Transplanting (Pindot) or Direct Seeding (Pinaghandaan),Conventional Tillage: 2 plowings + 2 harrowings; soil workable when moist,Intermittent irrigation (Alternate Wetting and Drying — AWD); moderate retention
Palay,Bugayong,June,2018,WS 2018,Planting,18.30,26.62,22.61,33.57,86.80,98.13,16.51,Type I – Tropical Monsoon (PAGASA),Wet,Sandy Loam / Silty Clay Loam,Flat / Lowland,30,Aloragat River,346.08,25.95,52.05,78.00,,,,Transplanting (Pindot) — recommended; Direct Seeding possible in dry season,Conventional Tillage: 2 plowings + harrowing; puddle thoroughly for transplanting,Intermittent to continuous flooding; manage according to drainage section present
Palay,Santiago,June,2018,WS 2018,Planting,18.30,26.62,22.61,33.57,86.80,98.13,16.51,Type I – Tropical Monsoon (PAGASA),Wet,Silty Clay Loam,Flat / Lowland,30,—,283.08,103.60,147.40,251.00,,,,Transplanting (Pindot) — optimal for clay-loam paddy fields,Wet Tillage (Puddling): 2 plowings + thorough harrowing under flooded condition,Continuous flooding 2–5 cm depth during vegetative stage; drain 2 weeks before harvest
Palay,Pasileng Norte,June,2019,WS 2019,Planting,11.27,27.82,23.17,34.41,81.96,98.17,20.34,Type I – Tropical Monsoon (PAGASA),Wet,Sandy Loam,Flat / Lowland,30,Tagamusing River,140.28,78.35,2.65,81.00,,,,Transplanting (Pindot) or Direct Seeding (Pinaghandaan),Conventional Tillage: 2 plowings + 2 harrowings; soil workable when moist,Intermittent irrigation (Alternate Wetting and Drying — AWD); moderate retention
Palay,Tabuyoc,June,2019,WS 2019,Planting,11.27,27.82,23.17,34.41,81.96,98.17,20.34,Type I – Tropical Monsoon (PAGASA),Wet,Silty Clay Loam,Flat / Lowland,30,—,277.20,134.00,5.00,139.00,,,,Transplanting (Pindot) — optimal for clay-loam paddy fields,Wet Tillage (Puddling): 2 plowings + thorough harrowing under flooded condition,Continuous flooding 2–5 cm depth during vegetative stage; drain 2 weeks before harvest
Palay,Bued,June,2019,WS 2019,Planting,11.27,27.82,23.17,34.41,81.96,98.17,20.34,Type I – Tropical Monsoon (PAGASA),Wet,Silty Clay Loam,Flat / Lowland,30,Tagamusing River,210.84,56.50,37.50,94.00,,,,Transplanting (Pindot) — optimal for clay-loam paddy fields,Wet Tillage (Puddling): 2 plowings + thorough harrowing under flooded condition,Continuous flooding 2–5 cm depth during vegetative stage; drain 2 weeks before harvest
Palay,Dumayat,June,2019,WS 2019,Planting,11.27,27.82,23.17,34.41,81.96,98.17,20.34,Type I – Tropical Monsoon (PAGASA),Wet,Silty Clay Loam,Flat / Lowland,30,—,266.28,56.00,30.00,86.00,,,,Transplanting (Pindot) — optimal for clay-loam paddy fields,Wet Tillage (Puddling): 2 plowings + thorough harrowing under flooded condition,Continuous flooding 2–5 cm depth during vegetative stage; drain 2 weeks before harvest
Palay,Camanggaan,June,2019,WS 2019,Planting,11.27,27.82,23.17,34.41,81.96,98.17,20.34,Type I – Tropical Monsoon (PAGASA),Wet,Sandy Loam,Flat / Lowland,30,—,244.44,19.00,68.00,87.00,,,,Transplanting (Pindot) or Direct Seeding (Pinaghandaan),Conventional Tillage: 2 plowings + 2 harrowings; soil workable when moist,Intermittent irrigation (Alternate Wetting and Drying — AWD); moderate retention
Palay,Vacante,June,2019,WS 2019,Planting,11.27,27.82,23.17,34.41,81.96,98.17,20.34,Type I – Tropical Monsoon (PAGASA),Wet,Silty Clay Loam,Flat / Lowland,30,Aloragat River,484.68,28.00,81.00,109.00,,,,Transplanting (Pindot) — optimal for clay-loam paddy fields,Wet Tillage (Puddling): 2 plowings + thorough harrowing under flooded condition,Continuous flooding 2–5 cm depth during vegetative stage; drain 2 weeks before harvest
Palay,Sta. Catalina,June,2019,WS 2019,Planting,11.27,27.82,23.17,34.41,81.96,98.17,20.34,Type I – Tropical Monsoon (PAGASA),Wet,Fine Sand / Sandy Loam,Moderately Sloping / Highland,90,—,709.80,49.00,180.00,229.00,,,,Transplanting (Pindot),Minimum Tillage (avoid compaction; sandy structure fragile),Continuous flooding or frequent irrigation; high percolation risk; terrace or bund-assisted water retention essential on slopes
Palay,Moreno,June,2019,WS 2019,Planting,11.27,27.82,23.17,34.41,81.96,98.17,20.34,Type I – Tropical Monsoon (PAGASA),Wet,Sandy Loam,Moderately Sloping / Highland,90,Alibeng River,641.76,47.40,116.60,164.00,,,,Transplanting (Pindot) or Direct Seeding (Pinaghandaan),Conventional Tillage: 2 plowings + 2 harrowings; soil workable when moist,Intermittent irrigation (Alternate Wetting and Drying — AWD); moderate retention; terrace or bund-assisted water retention essential on slopes
Palay,Cili,June,2019,WS 2019,Planting,11.27,27.82,23.17,34.41,81.96,98.17,20.34,Type I – Tropical Monsoon (PAGASA),Wet,Silty Clay Loam,Flat / Lowland,30,Alibeng River,264.60,40.00,128.00,168.00,,,,Transplanting (Pindot) — optimal for clay-loam paddy fields,Wet Tillage (Puddling): 2 plowings + thorough harrowing under flooded condition,Continuous flooding 2–5 cm depth during vegetative stage; drain 2 weeks before harvest
Palay,Linmansangan,June,2019,WS 2019,Planting,11.27,27.82,23.17,34.41,81.96,98.17,20.34,Type I – Tropical Monsoon (PAGASA),Wet,Silty Clay Loam,Flat / Lowland,30,—,492.24,65.50,146.00,211.50,,,,Transplanting (Pindot) — optimal for clay-loam paddy fields,Wet Tillage (Puddling): 2 plowings + thorough harrowing under flooded condition,Continuous flooding 2–5 cm depth during vegetative stage; drain 2 weeks before harvest
Palay,Sumabnit,June,2019,WS 2019,Planting,11.27,27.82,23.17,34.41,81.96,98.17,20.34,Type I – Tropical Monsoon (PAGASA),Wet,Silty Clay Loam / Fine Sandy Loam,Flat / Lowland,30,Tagamusing River,406.56,133.30,123.70,257.00,,,,Transplanting (Pindot),Minimum Tillage (avoid compaction; sandy structure fragile),Continuous flooding or frequent irrigation; high percolation risk
Palay,Capas,June,2019,WS 2019,Planting,11.27,27.82,23.17,34.41,81.96,98.17,20.34,Type I – Tropical Monsoon (PAGASA),Wet,Sandy Loam,Flat / Lowland,30,—,377.16,139.00,164.00,303.00,,,,Transplanting (Pindot) or Direct Seeding (Pinaghandaan),Conventional Tillage: 2 plowings + 2 harrowings; soil workable when moist,Intermittent irrigation (Alternate Wetting and Drying — AWD); moderate retention
Palay,Mangkasuy,June,2019,WS 2019,Planting,11.27,27.82,23.17,34.41,81.96,98.17,20.34,Type I – Tropical Monsoon (PAGASA),Wet,Sandy Loam,Flat / Lowland,30,Tagamusing River,802.20,90.00,262.00,352.00,,,,Transplanting (Pindot) or Direct Seeding (Pinaghandaan),Conventional Tillage: 2 plowings + 2 harrowings; soil workable when moist,Intermittent irrigation (Alternate Wetting and Drying — AWD); moderate retention
Palay,San Pablo,June,2019,WS 2019,Planting,11.27,27.82,23.17,34.41,81.96,98.17,20.34,Type I – Tropical Monsoon (PAGASA),Wet,Sandy Loam,Flat / Lowland,30,San Pablo Creek,215.04,103.50,30.50,134.00,,,,Transplanting (Pindot) or Direct Seeding (Pinaghandaan),Conventional Tillage: 2 plowings + 2 harrowings; soil workable when moist,Intermittent irrigation (Alternate Wetting and Drying — AWD); moderate retention
Palay,Balangobong,June,2019,WS 2019,Planting,11.27,27.82,23.17,34.41,81.96,98.17,20.34,Type I – Tropical Monsoon (PAGASA),Wet,Silty Clay Loam,Flat / Lowland,30,—,281.40,120.00,15.00,135.00,,,,Transplanting (Pindot) — optimal for clay-loam paddy fields,Wet Tillage (Puddling): 2 plowings + thorough harrowing under flooded condition,Continuous flooding 2–5 cm depth during vegetative stage; drain 2 weeks before harvest
Palay,San Felipe Central,June,2019,WS 2019,Planting,11.27,27.82,23.17,34.41,81.96,98.17,20.34,Type I – Tropical Monsoon (PAGASA),Wet,Sandy Loam,Flat / Lowland,30,—,452.76,117.00,62.00,179.00,,,,Transplanting (Pindot) or Direct Seeding (Pinaghandaan),Conventional Tillage: 2 plowings + 2 harrowings; soil workable when moist,Intermittent irrigation (Alternate Wetting and Drying — AWD); moderate retention
Palay,San Felipe Sur,June,2019,WS 2019,Planting,11.27,27.82,23.17,34.41,81.96,98.17,20.34,Type I – Tropical Monsoon (PAGASA),Wet,Sandy Loam,Flat / Lowland,30,Tagamusing River,504.00,127.50,50.50,178.00,,,,Transplanting (Pindot) or Direct Seeding (Pinaghandaan),Conventional Tillage: 2 plowings + 2 harrowings; soil workable when moist,Intermittent irrigation (Alternate Wetting and Drying — AWD); moderate retention
Palay,Pasileng Sur,June,2019,WS 2019,Planting,11.27,27.82,23.17,34.41,81.96,98.17,20.34,Type I – Tropical Monsoon (PAGASA),Wet,Sandy Loam,Flat / Lowland,30,Tagamusing River,414.96,150.90,29.10,180.00,,,,Transplanting (Pindot) or Direct Seeding (Pinaghandaan),Conventional Tillage: 2 plowings + 2 harrowings; soil workable when moist,Intermittent irrigation (Alternate Wetting and Drying — AWD); moderate retention
Palay,Sta. Maria Norte,June,2019,WS 2019,Planting,11.27,27.82,23.17,34.41,81.96,98.17,20.34,Type I – Tropical Monsoon (PAGASA),Wet,Sandy Loam,Flat / Lowland,30,Tagamusing River,157.08,24.50,43.50,68.00,,,,Transplanting (Pindot) or Direct Seeding (Pinaghandaan),Conventional Tillage: 2 plowings + 2 harrowings; soil workable when moist,Intermittent irrigation (Alternate Wetting and Drying — AWD); moderate retention
Palay,Bugayong,June,2019,WS 2019,Planting,11.27,27.82,23.17,34.41,81.96,98.17,20.34,Type I – Tropical Monsoon (PAGASA),Wet,Sandy Loam / Silty Clay Loam,Flat / Lowland,30,Aloragat River,346.08,25.95,52.05,78.00,,,,Transplanting (Pindot) — recommended; Direct Seeding possible in dry season,Conventional Tillage: 2 plowings + harrowing; puddle thoroughly for transplanting,Intermittent to continuous flooding; manage according to drainage section present
Palay,Santiago,June,2019,WS 2019,Planting,11.27,27.82,23.17,34.41,81.96,98.17,20.34,Type I – Tropical Monsoon (PAGASA),Wet,Silty Clay Loam,Flat / Lowland,30,—,283.08,103.60,145.40,249.00,,,,Transplanting (Pindot) — optimal for clay-loam paddy fields,Wet Tillage (Puddling): 2 plowings + thorough harrowing under flooded condition,Continuous flooding 2–5 cm depth during vegetative stage; drain 2 weeks before harvest
Palay,Pasileng Norte,June,2020,WS 2020,Planting,10.81,27.71,23.31,34.01,81.02,98.26,22.26,Type I – Tropical Monsoon (PAGASA),Wet,Sandy Loam,Flat / Lowland,30,Tagamusing River,140.28,78.35,2.65,81.00,,,,Transplanting (Pindot) or Direct Seeding (Pinaghandaan),Conventional Tillage: 2 plowings + 2 harrowings; soil workable when moist,Intermittent irrigation (Alternate Wetting and Drying — AWD); moderate retention
Palay,Tabuyoc,June,2020,WS 2020,Planting,10.81,27.71,23.31,34.01,81.02,98.26,22.26,Type I – Tropical Monsoon (PAGASA),Wet,Silty Clay Loam,Flat / Lowland,30,—,277.20,134.00,5.00,139.00,,,,Transplanting (Pindot) — optimal for clay-loam paddy fields,Wet Tillage (Puddling): 2 plowings + thorough harrowing under flooded condition,Continuous flooding 2–5 cm depth during vegetative stage; drain 2 weeks before harvest
Palay,Bued,June,2020,WS 2020,Planting,10.81,27.71,23.31,34.01,81.02,98.26,22.26,Type I – Tropical Monsoon (PAGASA),Wet,Silty Clay Loam,Flat / Lowland,30,Tagamusing River,210.84,56.50,37.50,94.00,,,,Transplanting (Pindot) — optimal for clay-loam paddy fields,Wet Tillage (Puddling): 2 plowings + thorough harrowing under flooded condition,Continuous flooding 2–5 cm depth during vegetative stage; drain 2 weeks before harvest
Palay,Dumayat,June,2020,WS 2020,Planting,10.81,27.71,23.31,34.01,81.02,98.26,22.26,Type I – Tropical Monsoon (PAGASA),Wet,Silty Clay Loam,Flat / Lowland,30,—,266.28,56.00,30.00,86.00,,,,Transplanting (Pindot) — optimal for clay-loam paddy fields,Wet Tillage (Puddling): 2 plowings + thorough harrowing under flooded condition,Continuous flooding 2–5 cm depth during vegetative stage; drain 2 weeks before harvest
Palay,Camanggaan,June,2020,WS 2020,Planting,10.81,27.71,23.31,34.01,81.02,98.26,22.26,Type I – Tropical Monsoon (PAGASA),Wet,Sandy Loam,Flat / Lowland,30,—,244.44,19.00,68.00,87.00,,,,Transplanting (Pindot) or Direct Seeding (Pinaghandaan),Conventional Tillage: 2 plowings + 2 harrowings; soil workable when moist,Intermittent irrigation (Alternate Wetting and Drying — AWD); moderate retention
Palay,Vacante,June,2020,WS 2020,Planting,10.81,27.71,23.31,34.01,81.02,98.26,22.26,Type I – Tropical Monsoon (PAGASA),Wet,Silty Clay Loam,Flat / Lowland,30,Aloragat River,484.68,28.00,81.00,109.00,,,,Transplanting (Pindot) — optimal for clay-loam paddy fields,Wet Tillage (Puddling): 2 plowings + thorough harrowing under flooded condition,Continuous flooding 2–5 cm depth during vegetative stage; drain 2 weeks before harvest
Palay,Sta. Catalina,June,2020,WS 2020,Planting,10.81,27.71,23.31,34.01,81.02,98.26,22.26,Type I – Tropical Monsoon (PAGASA),Wet,Fine Sand / Sandy Loam,Moderately Sloping / Highland,90,—,709.80,49.00,180.00,229.00,,,,Transplanting (Pindot),Minimum Tillage (avoid compaction; sandy structure fragile),Continuous flooding or frequent irrigation; high percolation risk; terrace or bund-assisted water retention essential on slopes
Palay,Moreno,June,2020,WS 2020,Planting,10.81,27.71,23.31,34.01,81.02,98.26,22.26,Type I – Tropical Monsoon (PAGASA),Wet,Sandy Loam,Moderately Sloping / Highland,90,Alibeng River,641.76,47.40,116.60,164.00,,,,Transplanting (Pindot) or Direct Seeding (Pinaghandaan),Conventional Tillage: 2 plowings + 2 harrowings; soil workable when moist,Intermittent irrigation (Alternate Wetting and Drying — AWD); moderate retention; terrace or bund-assisted water retention essential on slopes
Palay,Cili,June,2020,WS 2020,Planting,10.81,27.71,23.31,34.01,81.02,98.26,22.26,Type I – Tropical Monsoon (PAGASA),Wet,Silty Clay Loam,Flat / Lowland,30,Alibeng River,264.60,40.00,128.00,168.00,,,,Transplanting (Pindot) — optimal for clay-loam paddy fields,Wet Tillage (Puddling): 2 plowings + thorough harrowing under flooded condition,Continuous flooding 2–5 cm depth during vegetative stage; drain 2 weeks before harvest
Palay,Linmansangan,June,2020,WS 2020,Planting,10.81,27.71,23.31,34.01,81.02,98.26,22.26,Type I – Tropical Monsoon (PAGASA),Wet,Silty Clay Loam,Flat / Lowland,30,—,492.24,65.50,146.00,211.50,,,,Transplanting (Pindot) — optimal for clay-loam paddy fields,Wet Tillage (Puddling): 2 plowings + thorough harrowing under flooded condition,Continuous flooding 2–5 cm depth during vegetative stage; drain 2 weeks before harvest
Palay,Sumabnit,June,2020,WS 2020,Planting,10.81,27.71,23.31,34.01,81.02,98.26,22.26,Type I – Tropical Monsoon (PAGASA),Wet,Silty Clay Loam / Fine Sandy Loam,Flat / Lowland,30,Tagamusing River,406.56,133.30,123.70,257.00,,,,Transplanting (Pindot),Minimum Tillage (avoid compaction; sandy structure fragile),Continuous flooding or frequent irrigation; high percolation risk
Palay,Capas,June,2020,WS 2020,Planting,10.81,27.71,23.31,34.01,81.02,98.26,22.26,Type I – Tropical Monsoon (PAGASA),Wet,Sandy Loam,Flat / Lowland,30,—,377.16,139.00,164.00,303.00,,,,Transplanting (Pindot) or Direct Seeding (Pinaghandaan),Conventional Tillage: 2 plowings + 2 harrowings; soil workable when moist,Intermittent irrigation (Alternate Wetting and Drying — AWD); moderate retention
Palay,Mangkasuy,June,2020,WS 2020,Planting,10.81,27.71,23.31,34.01,81.02,98.26,22.26,Type I – Tropical Monsoon (PAGASA),Wet,Sandy Loam,Flat / Lowland,30,Tagamusing River,802.20,90.00,262.00,352.00,,,,Transplanting (Pindot) or Direct Seeding (Pinaghandaan),Conventional Tillage: 2 plowings + 2 harrowings; soil workable when moist,Intermittent irrigation (Alternate Wetting and Drying — AWD); moderate retention
Palay,San Pablo,June,2020,WS 2020,Planting,10.81,27.71,23.31,34.01,81.02,98.26,22.26,Type I – Tropical Monsoon (PAGASA),Wet,Sandy Loam,Flat / Lowland,30,San Pablo Creek,215.04,103.50,30.50,134.00,,,,Transplanting (Pindot) or Direct Seeding (Pinaghandaan),Conventional Tillage: 2 plowings + 2 harrowings; soil workable when moist,Intermittent irrigation (Alternate Wetting and Drying — AWD); moderate retention
Palay,Balangobong,June,2020,WS 2020,Planting,10.81,27.71,23.31,34.01,81.02,98.26,22.26,Type I – Tropical Monsoon (PAGASA),Wet,Silty Clay Loam,Flat / Lowland,30,—,281.40,120.00,15.00,135.00,,,,Transplanting (Pindot) — optimal for clay-loam paddy fields,Wet Tillage (Puddling): 2 plowings + thorough harrowing under flooded condition,Continuous flooding 2–5 cm depth during vegetative stage; drain 2 weeks before harvest
Palay,San Felipe Central,June,2020,WS 2020,Planting,10.81,27.71,23.31,34.01,81.02,98.26,22.26,Type I – Tropical Monsoon (PAGASA),Wet,Sandy Loam,Flat / Lowland,30,—,452.76,117.00,62.00,179.00,,,,Transplanting (Pindot) or Direct Seeding (Pinaghandaan),Conventional Tillage: 2 plowings + 2 harrowings; soil workable when moist,Intermittent irrigation (Alternate Wetting and Drying — AWD); moderate retention
Palay,San Felipe Sur,June,2020,WS 2020,Planting,10.81,27.71,23.31,34.01,81.02,98.26,22.26,Type I – Tropical Monsoon (PAGASA),Wet,Sandy Loam,Flat / Lowland,30,Tagamusing River,504.00,127.50,50.50,178.00,,,,Transplanting (Pindot) or Direct Seeding (Pinaghandaan),Conventional Tillage: 2 plowings + 2 harrowings; soil workable when moist,Intermittent irrigation (Alternate Wetting and Drying — AWD); moderate retention
Palay,Pasileng Sur,June,2020,WS 2020,Planting,10.81,27.71,23.31,34.01,81.02,98.26,22.26,Type I – Tropical Monsoon (PAGASA),Wet,Sandy Loam,Flat / Lowland,30,Tagamusing River,414.96,150.90,29.10,180.00,,,,Transplanting (Pindot) or Direct Seeding (Pinaghandaan),Conventional Tillage: 2 plowings + 2 harrowings; soil workable when moist,Intermittent irrigation (Alternate Wetting and Drying — AWD); moderate retention
Palay,Sta. Maria Norte,June,2020,WS 2020,Planting,10.81,27.71,23.31,34.01,81.02,98.26,22.26,Type I – Tropical Monsoon (PAGASA),Wet,Sandy Loam,Flat / Lowland,30,Tagamusing River,157.08,24.50,43.50,68.00,,,,Transplanting (Pindot) or Direct Seeding (Pinaghandaan),Conventional Tillage: 2 plowings + 2 harrowings; soil workable when moist,Intermittent irrigation (Alternate Wetting and Drying — AWD); moderate retention
Palay,Bugayong,June,2020,WS 2020,Planting,10.81,27.71,23.31,34.01,81.02,98.26,22.26,Type I – Tropical Monsoon (PAGASA),Wet,Sandy Loam / Silty Clay Loam,Flat / Lowland,30,Aloragat River,346.08,25.95,52.05,78.00,,,,Transplanting (Pindot) — recommended; Direct Seeding possible in dry season,Conventional Tillage: 2 plowings + harrowing; puddle thoroughly for transplanting,Intermittent to continuous flooding; manage according to drainage section present
Palay,Santiago,June,2020,WS 2020,Planting,10.81,27.71,23.31,34.01,81.02,98.26,22.26,Type I – Tropical Monsoon (PAGASA),Wet,Silty Clay Loam,Flat / Lowland,30,—,283.08,103.60,145.40,249.00,,,,Transplanting (Pindot) — optimal for clay-loam paddy fields,Wet Tillage (Puddling): 2 plowings + thorough harrowing under flooded condition,Continuous flooding 2–5 cm depth during vegetative stage; drain 2 weeks before harvest
Palay,Balangobong,June,2023,WS 2023,Planting,12.88,27.25,23.24,32.84,85.62,98.18,18.77,Type I – Tropical Monsoon (PAGASA),Wet,Silty Clay Loam,Flat / Lowland,30,—,281.40,110.61,43.84,15.00,,,,Transplanting (Pindot) — optimal for clay-loam paddy fields,Wet Tillage (Puddling): 2 plowings + thorough harrowing under flooded condition,Continuous flooding 2–5 cm depth during vegetative stage; drain 2 weeks before harvest
Palay,Bued,June,2023,WS 2023,Planting,12.88,27.25,23.24,32.84,85.62,98.18,18.77,Type I – Tropical Monsoon (PAGASA),Wet,Silty Clay Loam,Flat / Lowland,30,Tagamusing River,210.84,83.58,41.18,37.50,,,,Transplanting (Pindot) — optimal for clay-loam paddy fields,Wet Tillage (Puddling): 2 plowings + thorough harrowing under flooded condition,Continuous flooding 2–5 cm depth during vegetative stage; drain 2 weeks before harvest
Palay,Bugayong,June,2023,WS 2023,Planting,12.88,27.25,23.24,32.84,85.62,98.18,18.77,Type I – Tropical Monsoon (PAGASA),Wet,Sandy Loam / Silty Clay Loam,Flat / Lowland,30,Aloragat River,346.08,24.50,41.45,52.05,,,,Transplanting (Pindot) — recommended; Direct Seeding possible in dry season,Conventional Tillage: 2 plowings + harrowing; puddle thoroughly for transplanting,Intermittent to continuous flooding; manage according to drainage section present
Palay,Camanggaan,June,2023,WS 2023,Planting,12.88,27.25,23.24,32.84,85.62,98.18,18.77,Type I – Tropical Monsoon (PAGASA),Wet,Sandy Loam,Flat / Lowland,30,—,244.44,38.85,134.09,68.00,,,,Transplanting (Pindot) or Direct Seeding (Pinaghandaan),Conventional Tillage: 2 plowings + 2 harrowings; soil workable when moist,Intermittent irrigation (Alternate Wetting and Drying — AWD); moderate retention
Palay,Capas,June,2023,WS 2023,Planting,12.88,27.25,23.24,32.84,85.62,98.18,18.77,Type I – Tropical Monsoon (PAGASA),Wet,Sandy Loam,Flat / Lowland,30,—,377.16,117.69,156.07,164.00,,,,Transplanting (Pindot) or Direct Seeding (Pinaghandaan),Conventional Tillage: 2 plowings + 2 harrowings; soil workable when moist,Intermittent irrigation (Alternate Wetting and Drying — AWD); moderate retention
Palay,Cili,June,2023,WS 2023,Planting,12.88,27.25,23.24,32.84,85.62,98.18,18.77,Type I – Tropical Monsoon (PAGASA),Wet,Silty Clay Loam,Flat / Lowland,30,Alibeng River,264.60,47.56,43.56,128.00,,,,Transplanting (Pindot) — optimal for clay-loam paddy fields,Wet Tillage (Puddling): 2 plowings + thorough harrowing under flooded condition,Continuous flooding 2–5 cm depth during vegetative stage; drain 2 weeks before harvest
Palay,Dumayat,June,2023,WS 2023,Planting,12.88,27.25,23.24,32.84,85.62,98.18,18.77,Type I – Tropical Monsoon (PAGASA),Wet,Silty Clay Loam,Flat / Lowland,30,—,266.28,48.74,42.94,30.00,,,,Transplanting (Pindot) — optimal for clay-loam paddy fields,Wet Tillage (Puddling): 2 plowings + thorough harrowing under flooded condition,Continuous flooding 2–5 cm depth during vegetative stage; drain 2 weeks before harvest
Palay,Linmansangan,June,2023,WS 2023,Planting,12.88,27.25,23.24,32.84,85.62,98.18,18.77,Type I – Tropical Monsoon (PAGASA),Wet,Silty Clay Loam,Flat / Lowland,30,—,492.24,65.50,147.19,129.50,,,,Transplanting (Pindot) — optimal for clay-loam paddy fields,Wet Tillage (Puddling): 2 plowings + thorough harrowing under flooded condition,Continuous flooding 2–5 cm depth during vegetative stage; drain 2 weeks before harvest
Palay,Mangkasuy,June,2023,WS 2023,Planting,12.88,27.25,23.24,32.84,85.62,98.18,18.77,Type I – Tropical Monsoon (PAGASA),Wet,Sandy Loam,Flat / Lowland,30,Tagamusing River,802.20,65.50,164.00,262.00,,,,Transplanting (Pindot) or Direct Seeding (Pinaghandaan),Conventional Tillage: 2 plowings + 2 harrowings; soil workable when moist,Intermittent irrigation (Alternate Wetting and Drying — AWD); moderate retention
Palay,Moreno,June,2023,WS 2023,Planting,12.88,27.25,23.24,32.84,85.62,98.18,18.77,Type I – Tropical Monsoon (PAGASA),Wet,Sandy Loam,Moderately Sloping / Highland,90,Alibeng River,641.76,65.50,130.56,116.60,,,,Transplanting (Pindot) or Direct Seeding (Pinaghandaan),Conventional Tillage: 2 plowings + 2 harrowings; soil workable when moist,Intermittent irrigation (Alternate Wetting and Drying — AWD); moderate retention; terrace or bund-assisted water retention essential on slopes
Palay,Pasileng Norte,June,2023,WS 2023,Planting,12.88,27.25,23.24,32.84,85.62,98.18,18.77,Type I – Tropical Monsoon (PAGASA),Wet,Sandy Loam,Flat / Lowland,30,Tagamusing River,140.28,65.50,25.35,2.65,,,,Transplanting (Pindot) or Direct Seeding (Pinaghandaan),Conventional Tillage: 2 plowings + 2 harrowings; soil workable when moist,Intermittent irrigation (Alternate Wetting and Drying — AWD); moderate retention
Palay,Pasileng Sur,June,2023,WS 2023,Planting,12.88,27.25,23.24,32.84,85.62,98.18,18.77,Type I – Tropical Monsoon (PAGASA),Wet,Sandy Loam,Flat / Lowland,30,Tagamusing River,414.96,130.40,36.61,29.10,,,,Transplanting (Pindot) or Direct Seeding (Pinaghandaan),Conventional Tillage: 2 plowings + 2 harrowings; soil workable when moist,Intermittent irrigation (Alternate Wetting and Drying — AWD); moderate retention
Palay,San Felipe Central,June,2023,WS 2023,Planting,12.88,27.25,23.24,32.84,85.62,98.18,18.77,Type I – Tropical Monsoon (PAGASA),Wet,Sandy Loam,Flat / Lowland,30,—,452.76,130.40,37.71,62.00,,,,Transplanting (Pindot) or Direct Seeding (Pinaghandaan),Conventional Tillage: 2 plowings + 2 harrowings; soil workable when moist,Intermittent irrigation (Alternate Wetting and Drying — AWD); moderate retention
Palay,San Felipe Sur,June,2023,WS 2023,Planting,12.88,27.25,23.24,32.84,85.62,98.18,18.77,Type I – Tropical Monsoon (PAGASA),Wet,Sandy Loam,Flat / Lowland,30,Tagamusing River,504.00,130.40,38.87,50.50,,,,Transplanting (Pindot) or Direct Seeding (Pinaghandaan),Conventional Tillage: 2 plowings + 2 harrowings; soil workable when moist,Intermittent irrigation (Alternate Wetting and Drying — AWD); moderate retention
Palay,San Pablo,June,2023,WS 2023,Planting,12.88,27.25,23.24,32.84,85.62,98.18,18.77,Type I – Tropical Monsoon (PAGASA),Wet,Sandy Loam,Flat / Lowland,30,San Pablo Creek,215.04,53.09,38.17,30.50,,,,Transplanting (Pindot) or Direct Seeding (Pinaghandaan),Conventional Tillage: 2 plowings + 2 harrowings; soil workable when moist,Intermittent irrigation (Alternate Wetting and Drying — AWD); moderate retention
Palay,Santiago,June,2023,WS 2023,Planting,12.88,27.25,23.24,32.84,85.62,98.18,18.77,Type I – Tropical Monsoon (PAGASA),Wet,Silty Clay Loam,Flat / Lowland,30,—,283.08,130.40,116.29,144.90,,,,Transplanting (Pindot) — optimal for clay-loam paddy fields,Wet Tillage (Puddling): 2 plowings + thorough harrowing under flooded condition,Continuous flooding 2–5 cm depth during vegetative stage; drain 2 weeks before harvest
Palay,Sta. Catalina,June,2023,WS 2023,Planting,12.88,27.25,23.24,32.84,85.62,98.18,18.77,Type I – Tropical Monsoon (PAGASA),Wet,Fine Sand / Sandy Loam,Moderately Sloping / Highland,90,—,709.80,65.50,158.10,180.00,,,,Transplanting (Pindot),Minimum Tillage (avoid compaction; sandy structure fragile),Continuous flooding or frequent irrigation; high percolation risk; terrace or bund-assisted water retention essential on slopes
Palay,Sta. Maria Norte,June,2023,WS 2023,Planting,12.88,27.25,23.24,32.84,85.62,98.18,18.77,Type I – Tropical Monsoon (PAGASA),Wet,Sandy Loam,Flat / Lowland,30,Tagamusing River,157.08,30.49,39.11,43.50,,,,Transplanting (Pindot) or Direct Seeding (Pinaghandaan),Conventional Tillage: 2 plowings + 2 harrowings; soil workable when moist,Intermittent irrigation (Alternate Wetting and Drying — AWD); moderate retention
Palay,Sumabnit,June,2023,WS 2023,Planting,12.88,27.25,23.24,32.84,85.62,98.18,18.77,Type I – Tropical Monsoon (PAGASA),Wet,Silty Clay Loam / Fine Sandy Loam,Flat / Lowland,30,Tagamusing River,406.56,130.40,116.60,123.70,,,,Transplanting (Pindot),Minimum Tillage (avoid compaction; sandy structure fragile),Continuous flooding or frequent irrigation; high percolation risk
Palay,Tabuyoc,June,2023,WS 2023,Planting,12.88,27.25,23.24,32.84,85.62,98.18,18.77,Type I – Tropical Monsoon (PAGASA),Wet,Silty Clay Loam,Flat / Lowland,30,—,277.20,130.40,80.19,5.00,,,,Transplanting (Pindot) — optimal for clay-loam paddy fields,Wet Tillage (Puddling): 2 plowings + thorough harrowing under flooded condition,Continuous flooding 2–5 cm depth during vegetative stage; drain 2 weeks before harvest
Palay,Vacante,June,2023,WS 2023,Planting,12.88,27.25,23.24,32.84,85.62,98.18,18.77,Type I – Tropical Monsoon (PAGASA),Wet,Silty Clay Loam,Flat / Lowland,30,Aloragat River,484.68,24.50,116.60,81.00,,,,Transplanting (Pindot) — optimal for clay-loam paddy fields,Wet Tillage (Puddling): 2 plowings + thorough harrowing under flooded condition,Continuous flooding 2–5 cm depth during vegetative stage; drain 2 weeks before harvest
Palay,Pasileng Norte,October,2016,WS 2016,Harvest,16.23,26.00,21.16,32.03,87.93,98.16,16.33,Type I – Tropical Monsoon (PAGASA),Wet,Sandy Loam,Flat / Lowland,30,Tagamusing River,140.28,,,,2.17,17.36,8.00,Transplanting (Pindot) or Direct Seeding (Pinaghandaan),Conventional Tillage: 2 plowings + 2 harrowings; soil workable when moist,Intermittent irrigation (Alternate Wetting and Drying — AWD); moderate retention
Palay,Tabuyoc,October,2016,WS 2016,Harvest,16.23,26.00,21.16,32.03,87.93,98.16,16.33,Type I – Tropical Monsoon (PAGASA),Wet,Silty Clay Loam,Flat / Lowland,30,—,277.20,,,,4.00,10.87,2.72,Transplanting (Pindot) — optimal for clay-loam paddy fields,Wet Tillage (Puddling): 2 plowings + thorough harrowing under flooded condition,Continuous flooding 2–5 cm depth during vegetative stage; drain 2 weeks before harvest
Palay,Bued,October,2016,WS 2016,Harvest,16.23,26.00,21.16,32.03,87.93,98.16,16.33,Type I – Tropical Monsoon (PAGASA),Wet,Silty Clay Loam,Flat / Lowland,30,Tagamusing River,210.84,,,,24.01,106.30,4.43,Transplanting (Pindot) — optimal for clay-loam paddy fields,Wet Tillage (Puddling): 2 plowings + thorough harrowing under flooded condition,Continuous flooding 2–5 cm depth during vegetative stage; drain 2 weeks before harvest
Palay,Dumayat,October,2016,WS 2016,Harvest,16.23,26.00,21.16,32.03,87.93,98.16,16.33,Type I – Tropical Monsoon (PAGASA),Wet,Silty Clay Loam,Flat / Lowland,30,—,266.28,,,,8.00,30.24,3.78,Transplanting (Pindot) — optimal for clay-loam paddy fields,Wet Tillage (Puddling): 2 plowings + thorough harrowing under flooded condition,Continuous flooding 2–5 cm depth during vegetative stage; drain 2 weeks before harvest
Palay,Camanggaan,October,2016,WS 2016,Harvest,16.23,26.00,21.16,32.03,87.93,98.16,16.33,Type I – Tropical Monsoon (PAGASA),Wet,Sandy Loam,Flat / Lowland,30,—,244.44,,,,16.00,60.00,3.75,Transplanting (Pindot) or Direct Seeding (Pinaghandaan),Conventional Tillage: 2 plowings + 2 harrowings; soil workable when moist,Intermittent irrigation (Alternate Wetting and Drying — AWD); moderate retention
Palay,Vacante,October,2016,WS 2016,Harvest,16.23,26.00,21.16,32.03,87.93,98.16,16.33,Type I – Tropical Monsoon (PAGASA),Wet,Silty Clay Loam,Flat / Lowland,30,Aloragat River,484.68,,,,2.68,7.77,2.90,Transplanting (Pindot) — optimal for clay-loam paddy fields,Wet Tillage (Puddling): 2 plowings + thorough harrowing under flooded condition,Continuous flooding 2–5 cm depth during vegetative stage; drain 2 weeks before harvest
Palay,Sta. Catalina,October,2016,WS 2016,Harvest,16.23,26.00,21.16,32.03,87.93,98.16,16.33,Type I – Tropical Monsoon (PAGASA),Wet,Fine Sand / Sandy Loam,Moderately Sloping / Highland,90,—,709.80,,,,21.00,83.58,3.98,Transplanting (Pindot),Minimum Tillage (avoid compaction; sandy structure fragile),Continuous flooding or frequent irrigation; high percolation risk; terrace or bund-assisted water retention essential on slopes
Palay,Moreno,October,2016,WS 2016,Harvest,16.23,26.00,21.16,32.03,87.93,98.16,16.33,Type I – Tropical Monsoon (PAGASA),Wet,Sandy Loam,Moderately Sloping / Highland,90,Alibeng River,641.76,,,,19.00,76.19,4.01,Transplanting (Pindot) or Direct Seeding (Pinaghandaan),Conventional Tillage: 2 plowings + 2 harrowings; soil workable when moist,Intermittent irrigation (Alternate Wetting and Drying — AWD); moderate retention; terrace or bund-assisted water retention essential on slopes
Palay,Cili,October,2016,WS 2016,Harvest,16.23,26.00,21.16,32.03,87.93,98.16,16.33,Type I – Tropical Monsoon (PAGASA),Wet,Silty Clay Loam,Flat / Lowland,30,Alibeng River,264.60,,,,17.54,31.06,1.77,Transplanting (Pindot) — optimal for clay-loam paddy fields,Wet Tillage (Puddling): 2 plowings + thorough harrowing under flooded condition,Continuous flooding 2–5 cm depth during vegetative stage; drain 2 weeks before harvest
Palay,Linmansangan,October,2016,WS 2016,Harvest,16.23,26.00,21.16,32.03,87.93,98.16,16.33,Type I – Tropical Monsoon (PAGASA),Wet,Silty Clay Loam,Flat / Lowland,30,—,492.24,,,,40.86,20.23,0.50,Transplanting (Pindot) — optimal for clay-loam paddy fields,Wet Tillage (Puddling): 2 plowings + thorough harrowing under flooded condition,Continuous flooding 2–5 cm depth during vegetative stage; drain 2 weeks before harvest
Palay,Sumabnit,October,2016,WS 2016,Harvest,16.23,26.00,21.16,32.03,87.93,98.16,16.33,Type I – Tropical Monsoon (PAGASA),Wet,Silty Clay Loam / Fine Sandy Loam,Flat / Lowland,30,Tagamusing River,406.56,,,,3.23,9.57,2.96,Transplanting (Pindot),Minimum Tillage (avoid compaction; sandy structure fragile),Continuous flooding or frequent irrigation; high percolation risk
Palay,Capas,October,2016,WS 2016,Harvest,16.23,26.00,21.16,32.03,87.93,98.16,16.33,Type I – Tropical Monsoon (PAGASA),Wet,Sandy Loam,Flat / Lowland,30,—,377.16,,,,9.00,27.09,3.01,Transplanting (Pindot) or Direct Seeding (Pinaghandaan),Conventional Tillage: 2 plowings + 2 harrowings; soil workable when moist,Intermittent irrigation (Alternate Wetting and Drying — AWD); moderate retention
Palay,Mangkasuy,October,2016,WS 2016,Harvest,16.23,26.00,21.16,32.03,87.93,98.16,16.33,Type I – Tropical Monsoon (PAGASA),Wet,Sandy Loam,Flat / Lowland,30,Tagamusing River,802.20,,,,11.00,55.99,5.09,Transplanting (Pindot) or Direct Seeding (Pinaghandaan),Conventional Tillage: 2 plowings + 2 harrowings; soil workable when moist,Intermittent irrigation (Alternate Wetting and Drying — AWD); moderate retention
Palay,San Pablo,October,2016,WS 2016,Harvest,16.23,26.00,21.16,32.03,87.93,98.16,16.33,Type I – Tropical Monsoon (PAGASA),Wet,Sandy Loam,Flat / Lowland,30,San Pablo Creek,215.04,,,,1.05,8.40,8.00,Transplanting (Pindot) or Direct Seeding (Pinaghandaan),Conventional Tillage: 2 plowings + 2 harrowings; soil workable when moist,Intermittent irrigation (Alternate Wetting and Drying — AWD); moderate retention
Palay,Balangobong,October,2016,WS 2016,Harvest,16.23,26.00,21.16,32.03,87.93,98.16,16.33,Type I – Tropical Monsoon (PAGASA),Wet,Silty Clay Loam,Flat / Lowland,30,—,281.40,,,,39.81,191.46,4.81,Transplanting (Pindot) — optimal for clay-loam paddy fields,Wet Tillage (Puddling): 2 plowings + thorough harrowing under flooded condition,Continuous flooding 2–5 cm depth during vegetative stage; drain 2 weeks before harvest
Palay,San Felipe Central,October,2016,WS 2016,Harvest,16.23,26.00,21.16,32.03,87.93,98.16,16.33,Type I – Tropical Monsoon (PAGASA),Wet,Sandy Loam,Flat / Lowland,30,—,452.76,,,,10.00,46.15,4.62,Transplanting (Pindot) or Direct Seeding (Pinaghandaan),Conventional Tillage: 2 plowings + 2 harrowings; soil workable when moist,Intermittent irrigation (Alternate Wetting and Drying — AWD); moderate retention
Palay,San Felipe Sur,October,2016,WS 2016,Harvest,16.23,26.00,21.16,32.03,87.93,98.16,16.33,Type I – Tropical Monsoon (PAGASA),Wet,Sandy Loam,Flat / Lowland,30,Tagamusing River,504.00,,,,5.75,25.56,4.45,Transplanting (Pindot) or Direct Seeding (Pinaghandaan),Conventional Tillage: 2 plowings + 2 harrowings; soil workable when moist,Intermittent irrigation (Alternate Wetting and Drying — AWD); moderate retention
Palay,Pasileng Sur,October,2016,WS 2016,Harvest,16.23,26.00,21.16,32.03,87.93,98.16,16.33,Type I – Tropical Monsoon (PAGASA),Wet,Sandy Loam,Flat / Lowland,30,Tagamusing River,414.96,,,,6.60,31.64,4.79,Transplanting (Pindot) or Direct Seeding (Pinaghandaan),Conventional Tillage: 2 plowings + 2 harrowings; soil workable when moist,Intermittent irrigation (Alternate Wetting and Drying — AWD); moderate retention
Palay,Sta. Maria Norte,October,2016,WS 2016,Harvest,16.23,26.00,21.16,32.03,87.93,98.16,16.33,Type I – Tropical Monsoon (PAGASA),Wet,Sandy Loam,Flat / Lowland,30,Tagamusing River,157.08,,,,1.05,5.38,5.12,Transplanting (Pindot) or Direct Seeding (Pinaghandaan),Conventional Tillage: 2 plowings + 2 harrowings; soil workable when moist,Intermittent irrigation (Alternate Wetting and Drying — AWD); moderate retention
Palay,Bugayong,October,2016,WS 2016,Harvest,16.23,26.00,21.16,32.03,87.93,98.16,16.33,Type I – Tropical Monsoon (PAGASA),Wet,Sandy Loam / Silty Clay Loam,Flat / Lowland,30,Aloragat River,346.08,,,,25.10,117.29,4.67,Transplanting (Pindot) — recommended; Direct Seeding possible in dry season,Conventional Tillage: 2 plowings + harrowing; puddle thoroughly for transplanting,Intermittent to continuous flooding; manage according to drainage section present
Palay,Santiago,October,2016,WS 2016,Harvest,16.23,26.00,21.16,32.03,87.93,98.16,16.33,Type I – Tropical Monsoon (PAGASA),Wet,Silty Clay Loam,Flat / Lowland,30,—,283.08,,,,3.47,10.92,3.15,Transplanting (Pindot) — optimal for clay-loam paddy fields,Wet Tillage (Puddling): 2 plowings + thorough harrowing under flooded condition,Continuous flooding 2–5 cm depth during vegetative stage; drain 2 weeks before harvest
Palay,Pasileng Norte,October,2017,WS 2017,Harvest,6.92,26.35,21.79,32.06,85.04,98.08,16.96,Type I – Tropical Monsoon (PAGASA),Wet,Sandy Loam,Flat / Lowland,30,Tagamusing River,140.28,,,,2.25,18.00,8.00,Transplanting (Pindot) or Direct Seeding (Pinaghandaan),Conventional Tillage: 2 plowings + 2 harrowings; soil workable when moist,Intermittent irrigation (Alternate Wetting and Drying — AWD); moderate retention
Palay,Tabuyoc,October,2017,WS 2017,Harvest,6.92,26.35,21.79,32.06,85.04,98.08,16.96,Type I – Tropical Monsoon (PAGASA),Wet,Silty Clay Loam,Flat / Lowland,30,—,277.20,,,,4.00,11.07,2.77,Transplanting (Pindot) — optimal for clay-loam paddy fields,Wet Tillage (Puddling): 2 plowings + thorough harrowing under flooded condition,Continuous flooding 2–5 cm depth during vegetative stage; drain 2 weeks before harvest
Palay,Bued,October,2017,WS 2017,Harvest,6.92,26.35,21.79,32.06,85.04,98.08,16.96,Type I – Tropical Monsoon (PAGASA),Wet,Silty Clay Loam,Flat / Lowland,30,Tagamusing River,210.84,,,,24.54,109.51,4.46,Transplanting (Pindot) — optimal for clay-loam paddy fields,Wet Tillage (Puddling): 2 plowings + thorough harrowing under flooded condition,Continuous flooding 2–5 cm depth during vegetative stage; drain 2 weeks before harvest
Palay,Dumayat,October,2017,WS 2017,Harvest,6.92,26.35,21.79,32.06,85.04,98.08,16.96,Type I – Tropical Monsoon (PAGASA),Wet,Silty Clay Loam,Flat / Lowland,30,—,266.28,,,,19.09,25.11,1.32,Transplanting (Pindot) — optimal for clay-loam paddy fields,Wet Tillage (Puddling): 2 plowings + thorough harrowing under flooded condition,Continuous flooding 2–5 cm depth during vegetative stage; drain 2 weeks before harvest
Palay,Camanggaan,October,2017,WS 2017,Harvest,6.92,26.35,21.79,32.06,85.04,98.08,16.96,Type I – Tropical Monsoon (PAGASA),Wet,Sandy Loam,Flat / Lowland,30,—,244.44,,,,2.50,20.00,8.00,Transplanting (Pindot) or Direct Seeding (Pinaghandaan),Conventional Tillage: 2 plowings + 2 harrowings; soil workable when moist,Intermittent irrigation (Alternate Wetting and Drying — AWD); moderate retention
Palay,Vacante,October,2017,WS 2017,Harvest,6.92,26.35,21.79,32.06,85.04,98.08,16.96,Type I – Tropical Monsoon (PAGASA),Wet,Silty Clay Loam,Flat / Lowland,30,Aloragat River,484.68,,,,2.63,5.27,2.00,Transplanting (Pindot) — optimal for clay-loam paddy fields,Wet Tillage (Puddling): 2 plowings + thorough harrowing under flooded condition,Continuous flooding 2–5 cm depth during vegetative stage; drain 2 weeks before harvest
Palay,Sta. Catalina,October,2017,WS 2017,Harvest,6.92,26.35,21.79,32.06,85.04,98.08,16.96,Type I – Tropical Monsoon (PAGASA),Wet,Fine Sand / Sandy Loam,Moderately Sloping / Highland,90,—,709.80,,,,13.00,32.23,2.48,Transplanting (Pindot),Minimum Tillage (avoid compaction; sandy structure fragile),Continuous flooding or frequent irrigation; high percolation risk; terrace or bund-assisted water retention essential on slopes
Palay,Moreno,October,2017,WS 2017,Harvest,6.92,26.35,21.79,32.06,85.04,98.08,16.96,Type I – Tropical Monsoon (PAGASA),Wet,Sandy Loam,Moderately Sloping / Highland,90,Alibeng River,641.76,,,,11.50,33.43,2.91,Transplanting (Pindot) or Direct Seeding (Pinaghandaan),Conventional Tillage: 2 plowings + 2 harrowings; soil workable when moist,Intermittent irrigation (Alternate Wetting and Drying — AWD); moderate retention; terrace or bund-assisted water retention essential on slopes
Palay,Cili,October,2017,WS 2017,Harvest,6.92,26.35,21.79,32.06,85.04,98.08,16.96,Type I – Tropical Monsoon (PAGASA),Wet,Silty Clay Loam,Flat / Lowland,30,Alibeng River,264.60,,,,20.04,24.44,1.22,Transplanting (Pindot) — optimal for clay-loam paddy fields,Wet Tillage (Puddling): 2 plowings + thorough harrowing under flooded condition,Continuous flooding 2–5 cm depth during vegetative stage; drain 2 weeks before harvest
Palay,Linmansangan,October,2017,WS 2017,Harvest,6.92,26.35,21.79,32.06,85.04,98.08,16.96,Type I – Tropical Monsoon (PAGASA),Wet,Silty Clay Loam,Flat / Lowland,30,—,492.24,,,,42.70,16.79,0.39,Transplanting (Pindot) — optimal for clay-loam paddy fields,Wet Tillage (Puddling): 2 plowings + thorough harrowing under flooded condition,Continuous flooding 2–5 cm depth during vegetative stage; drain 2 weeks before harvest
Palay,Sumabnit,October,2017,WS 2017,Harvest,6.92,26.35,21.79,32.06,85.04,98.08,16.96,Type I – Tropical Monsoon (PAGASA),Wet,Silty Clay Loam / Fine Sandy Loam,Flat / Lowland,30,Tagamusing River,406.56,,,,3.14,8.94,2.85,Transplanting (Pindot),Minimum Tillage (avoid compaction; sandy structure fragile),Continuous flooding or frequent irrigation; high percolation risk
Palay,Capas,October,2017,WS 2017,Harvest,6.92,26.35,21.79,32.06,85.04,98.08,16.96,Type I – Tropical Monsoon (PAGASA),Wet,Sandy Loam,Flat / Lowland,30,—,377.16,,,,2.00,16.00,8.00,Transplanting (Pindot) or Direct Seeding (Pinaghandaan),Conventional Tillage: 2 plowings + 2 harrowings; soil workable when moist,Intermittent irrigation (Alternate Wetting and Drying — AWD); moderate retention
Palay,Mangkasuy,October,2017,WS 2017,Harvest,6.92,26.35,21.79,32.06,85.04,98.08,16.96,Type I – Tropical Monsoon (PAGASA),Wet,Sandy Loam,Flat / Lowland,30,Tagamusing River,802.20,,,,8.44,23.76,2.82,Transplanting (Pindot) or Direct Seeding (Pinaghandaan),Conventional Tillage: 2 plowings + 2 harrowings; soil workable when moist,Intermittent irrigation (Alternate Wetting and Drying — AWD); moderate retention
Palay,San Pablo,October,2017,WS 2017,Harvest,6.92,26.35,21.79,32.06,85.04,98.08,16.96,Type I – Tropical Monsoon (PAGASA),Wet,Sandy Loam,Flat / Lowland,30,San Pablo Creek,215.04,,,,1.05,6.66,6.34,Transplanting (Pindot) or Direct Seeding (Pinaghandaan),Conventional Tillage: 2 plowings + 2 harrowings; soil workable when moist,Intermittent irrigation (Alternate Wetting and Drying — AWD); moderate retention
Palay,Balangobong,October,2017,WS 2017,Harvest,6.92,26.35,21.79,32.06,85.04,98.08,16.96,Type I – Tropical Monsoon (PAGASA),Wet,Silty Clay Loam,Flat / Lowland,30,—,281.40,,,,39.98,194.73,4.87,Transplanting (Pindot) — optimal for clay-loam paddy fields,Wet Tillage (Puddling): 2 plowings + thorough harrowing under flooded condition,Continuous flooding 2–5 cm depth during vegetative stage; drain 2 weeks before harvest
Palay,San Felipe Central,October,2017,WS 2017,Harvest,6.92,26.35,21.79,32.06,85.04,98.08,16.96,Type I – Tropical Monsoon (PAGASA),Wet,Sandy Loam,Flat / Lowland,30,—,452.76,,,,5.70,25.65,4.50,Transplanting (Pindot) or Direct Seeding (Pinaghandaan),Conventional Tillage: 2 plowings + 2 harrowings; soil workable when moist,Intermittent irrigation (Alternate Wetting and Drying — AWD); moderate retention
Palay,San Felipe Sur,October,2017,WS 2017,Harvest,6.92,26.35,21.79,32.06,85.04,98.08,16.96,Type I – Tropical Monsoon (PAGASA),Wet,Sandy Loam,Flat / Lowland,30,Tagamusing River,504.00,,,,5.00,18.13,3.63,Transplanting (Pindot) or Direct Seeding (Pinaghandaan),Conventional Tillage: 2 plowings + 2 harrowings; soil workable when moist,Intermittent irrigation (Alternate Wetting and Drying — AWD); moderate retention
Palay,Pasileng Sur,October,2017,WS 2017,Harvest,6.92,26.35,21.79,32.06,85.04,98.08,16.96,Type I – Tropical Monsoon (PAGASA),Wet,Sandy Loam,Flat / Lowland,30,Tagamusing River,414.96,,,,6.91,29.51,4.27,Transplanting (Pindot) or Direct Seeding (Pinaghandaan),Conventional Tillage: 2 plowings + 2 harrowings; soil workable when moist,Intermittent irrigation (Alternate Wetting and Drying — AWD); moderate retention
Palay,Sta. Maria Norte,October,2017,WS 2017,Harvest,6.92,26.35,21.79,32.06,85.04,98.08,16.96,Type I – Tropical Monsoon (PAGASA),Wet,Sandy Loam,Flat / Lowland,30,Tagamusing River,157.08,,,,1.35,3.98,2.95,Transplanting (Pindot) or Direct Seeding (Pinaghandaan),Conventional Tillage: 2 plowings + 2 harrowings; soil workable when moist,Intermittent irrigation (Alternate Wetting and Drying — AWD); moderate retention
Palay,Bugayong,October,2017,WS 2017,Harvest,6.92,26.35,21.79,32.06,85.04,98.08,16.96,Type I – Tropical Monsoon (PAGASA),Wet,Sandy Loam / Silty Clay Loam,Flat / Lowland,30,Aloragat River,346.08,,,,25.48,203.35,7.98,Transplanting (Pindot) — recommended; Direct Seeding possible in dry season,Conventional Tillage: 2 plowings + harrowing; puddle thoroughly for transplanting,Intermittent to continuous flooding; manage according to drainage section present
Palay,Santiago,October,2017,WS 2017,Harvest,6.92,26.35,21.79,32.06,85.04,98.08,16.96,Type I – Tropical Monsoon (PAGASA),Wet,Silty Clay Loam,Flat / Lowland,30,—,283.08,,,,4.00,11.11,2.78,Transplanting (Pindot) — optimal for clay-loam paddy fields,Wet Tillage (Puddling): 2 plowings + thorough harrowing under flooded condition,Continuous flooding 2–5 cm depth during vegetative stage; drain 2 weeks before harvest
Palay,Pasileng Norte,October,2018,WS 2018,Harvest,6.40,26.08,17.07,32.15,82.74,98.33,19.80,Type I – Tropical Monsoon (PAGASA),Wet,Sandy Loam,Flat / Lowland,30,Tagamusing River,140.28,,,,2.44,19.52,8.00,Transplanting (Pindot) or Direct Seeding (Pinaghandaan),Conventional Tillage: 2 plowings + 2 harrowings; soil workable when moist,Intermittent irrigation (Alternate Wetting and Drying — AWD); moderate retention
Palay,Tabuyoc,October,2018,WS 2018,Harvest,6.40,26.08,17.07,32.15,82.74,98.33,19.80,Type I – Tropical Monsoon (PAGASA),Wet,Silty Clay Loam,Flat / Lowland,30,—,277.20,,,,4.00,11.46,2.86,Transplanting (Pindot) — optimal for clay-loam paddy fields,Wet Tillage (Puddling): 2 plowings + thorough harrowing under flooded condition,Continuous flooding 2–5 cm depth during vegetative stage; drain 2 weeks before harvest
Palay,Bued,October,2018,WS 2018,Harvest,6.40,26.08,17.07,32.15,82.74,98.33,19.80,Type I – Tropical Monsoon (PAGASA),Wet,Silty Clay Loam,Flat / Lowland,30,Tagamusing River,210.84,,,,38.97,182.36,4.68,Transplanting (Pindot) — optimal for clay-loam paddy fields,Wet Tillage (Puddling): 2 plowings + thorough harrowing under flooded condition,Continuous flooding 2–5 cm depth during vegetative stage; drain 2 weeks before harvest
Palay,Dumayat,October,2018,WS 2018,Harvest,6.40,26.08,17.07,32.15,82.74,98.33,19.80,Type I – Tropical Monsoon (PAGASA),Wet,Silty Clay Loam,Flat / Lowland,30,—,266.28,,,,20.32,19.01,0.94,Transplanting (Pindot) — optimal for clay-loam paddy fields,Wet Tillage (Puddling): 2 plowings + thorough harrowing under flooded condition,Continuous flooding 2–5 cm depth during vegetative stage; drain 2 weeks before harvest
Palay,Camanggaan,October,2018,WS 2018,Harvest,6.40,26.08,17.07,32.15,82.74,98.33,19.80,Type I – Tropical Monsoon (PAGASA),Wet,Sandy Loam,Flat / Lowland,30,—,244.44,,,,0.80,3.04,3.80,Transplanting (Pindot) or Direct Seeding (Pinaghandaan),Conventional Tillage: 2 plowings + 2 harrowings; soil workable when moist,Intermittent irrigation (Alternate Wetting and Drying — AWD); moderate retention
Palay,Vacante,October,2018,WS 2018,Harvest,6.40,26.08,17.07,32.15,82.74,98.33,19.80,Type I – Tropical Monsoon (PAGASA),Wet,Silty Clay Loam,Flat / Lowland,30,Aloragat River,484.68,,,,2.53,5.13,2.03,Transplanting (Pindot) — optimal for clay-loam paddy fields,Wet Tillage (Puddling): 2 plowings + thorough harrowing under flooded condition,Continuous flooding 2–5 cm depth during vegetative stage; drain 2 weeks before harvest
Palay,Sta. Catalina,October,2018,WS 2018,Harvest,6.40,26.08,17.07,32.15,82.74,98.33,19.80,Type I – Tropical Monsoon (PAGASA),Wet,Fine Sand / Sandy Loam,Moderately Sloping / Highland,90,—,709.80,,,,11.49,26.73,2.33,Transplanting (Pindot),Minimum Tillage (avoid compaction; sandy structure fragile),Continuous flooding or frequent irrigation; high percolation risk; terrace or bund-assisted water retention essential on slopes
Palay,Moreno,October,2018,WS 2018,Harvest,6.40,26.08,17.07,32.15,82.74,98.33,19.80,Type I – Tropical Monsoon (PAGASA),Wet,Sandy Loam,Moderately Sloping / Highland,90,Alibeng River,641.76,,,,21.11,99.85,4.73,Transplanting (Pindot) or Direct Seeding (Pinaghandaan),Conventional Tillage: 2 plowings + 2 harrowings; soil workable when moist,Intermittent irrigation (Alternate Wetting and Drying — AWD); moderate retention; terrace or bund-assisted water retention essential on slopes
Palay,Cili,October,2018,WS 2018,Harvest,6.40,26.08,17.07,32.15,82.74,98.33,19.80,Type I – Tropical Monsoon (PAGASA),Wet,Silty Clay Loam,Flat / Lowland,30,Alibeng River,264.60,,,,21.32,19.08,0.89,Transplanting (Pindot) — optimal for clay-loam paddy fields,Wet Tillage (Puddling): 2 plowings + thorough harrowing under flooded condition,Continuous flooding 2–5 cm depth during vegetative stage; drain 2 weeks before harvest
Palay,Linmansangan,October,2018,WS 2018,Harvest,6.40,26.08,17.07,32.15,82.74,98.33,19.80,Type I – Tropical Monsoon (PAGASA),Wet,Silty Clay Loam,Flat / Lowland,30,—,492.24,,,,45.98,5.25,0.11,Transplanting (Pindot) — optimal for clay-loam paddy fields,Wet Tillage (Puddling): 2 plowings + thorough harrowing under flooded condition,Continuous flooding 2–5 cm depth during vegetative stage; drain 2 weeks before harvest
Palay,Sumabnit,October,2018,WS 2018,Harvest,6.40,26.08,17.07,32.15,82.74,98.33,19.80,Type I – Tropical Monsoon (PAGASA),Wet,Silty Clay Loam / Fine Sandy Loam,Flat / Lowland,30,Tagamusing River,406.56,,,,2.91,5.99,2.06,Transplanting (Pindot),Minimum Tillage (avoid compaction; sandy structure fragile),Continuous flooding or frequent irrigation; high percolation risk
Palay,Capas,October,2018,WS 2018,Harvest,6.40,26.08,17.07,32.15,82.74,98.33,19.80,Type I – Tropical Monsoon (PAGASA),Wet,Sandy Loam,Flat / Lowland,30,—,377.16,,,,4.82,26.21,5.44,Transplanting (Pindot) or Direct Seeding (Pinaghandaan),Conventional Tillage: 2 plowings + 2 harrowings; soil workable when moist,Intermittent irrigation (Alternate Wetting and Drying — AWD); moderate retention
Palay,Mangkasuy,October,2018,WS 2018,Harvest,6.40,26.08,17.07,32.15,82.74,98.33,19.80,Type I – Tropical Monsoon (PAGASA),Wet,Sandy Loam,Flat / Lowland,30,Tagamusing River,802.20,,,,1.25,5.31,4.25,Transplanting (Pindot) or Direct Seeding (Pinaghandaan),Conventional Tillage: 2 plowings + 2 harrowings; soil workable when moist,Intermittent irrigation (Alternate Wetting and Drying — AWD); moderate retention
Palay,San Pablo,October,2018,WS 2018,Harvest,6.40,26.08,17.07,32.15,82.74,98.33,19.80,Type I – Tropical Monsoon (PAGASA),Wet,Sandy Loam,Flat / Lowland,30,San Pablo Creek,215.04,,,,1.50,7.21,4.81,Transplanting (Pindot) or Direct Seeding (Pinaghandaan),Conventional Tillage: 2 plowings + 2 harrowings; soil workable when moist,Intermittent irrigation (Alternate Wetting and Drying — AWD); moderate retention
Palay,Balangobong,October,2018,WS 2018,Harvest,6.40,26.08,17.07,32.15,82.74,98.33,19.80,Type I – Tropical Monsoon (PAGASA),Wet,Silty Clay Loam,Flat / Lowland,30,—,281.40,,,,47.33,180.84,3.82,Transplanting (Pindot) — optimal for clay-loam paddy fields,Wet Tillage (Puddling): 2 plowings + thorough harrowing under flooded condition,Continuous flooding 2–5 cm depth during vegetative stage; drain 2 weeks before harvest
Palay,San Felipe Central,October,2018,WS 2018,Harvest,6.40,26.08,17.07,32.15,82.74,98.33,19.80,Type I – Tropical Monsoon (PAGASA),Wet,Sandy Loam,Flat / Lowland,30,—,452.76,,,,4.11,16.04,3.90,Transplanting (Pindot) or Direct Seeding (Pinaghandaan),Conventional Tillage: 2 plowings + 2 harrowings; soil workable when moist,Intermittent irrigation (Alternate Wetting and Drying — AWD); moderate retention
Palay,San Felipe Sur,October,2018,WS 2018,Harvest,6.40,26.08,17.07,32.15,82.74,98.33,19.80,Type I – Tropical Monsoon (PAGASA),Wet,Sandy Loam,Flat / Lowland,30,Tagamusing River,504.00,,,,0.75,3.00,4.00,Transplanting (Pindot) or Direct Seeding (Pinaghandaan),Conventional Tillage: 2 plowings + 2 harrowings; soil workable when moist,Intermittent irrigation (Alternate Wetting and Drying — AWD); moderate retention
Palay,Pasileng Sur,October,2018,WS 2018,Harvest,6.40,26.08,17.07,32.15,82.74,98.33,19.80,Type I – Tropical Monsoon (PAGASA),Wet,Sandy Loam,Flat / Lowland,30,Tagamusing River,414.96,,,,4.48,23.41,5.23,Transplanting (Pindot) or Direct Seeding (Pinaghandaan),Conventional Tillage: 2 plowings + 2 harrowings; soil workable when moist,Intermittent irrigation (Alternate Wetting and Drying — AWD); moderate retention
Palay,Sta. Maria Norte,October,2018,WS 2018,Harvest,6.40,26.08,17.07,32.15,82.74,98.33,19.80,Type I – Tropical Monsoon (PAGASA),Wet,Sandy Loam,Flat / Lowland,30,Tagamusing River,157.08,,,,0.50,1.75,3.50,Transplanting (Pindot) or Direct Seeding (Pinaghandaan),Conventional Tillage: 2 plowings + 2 harrowings; soil workable when moist,Intermittent irrigation (Alternate Wetting and Drying — AWD); moderate retention
Palay,Bugayong,October,2018,WS 2018,Harvest,6.40,26.08,17.07,32.15,82.74,98.33,19.80,Type I – Tropical Monsoon (PAGASA),Wet,Sandy Loam / Silty Clay Loam,Flat / Lowland,30,Aloragat River,346.08,,,,26.39,211.12,8.00,Transplanting (Pindot) — recommended; Direct Seeding possible in dry season,Conventional Tillage: 2 plowings + harrowing; puddle thoroughly for transplanting,Intermittent to continuous flooding; manage according to drainage section present
Palay,Santiago,October,2018,WS 2018,Harvest,6.40,26.08,17.07,32.15,82.74,98.33,19.80,Type I – Tropical Monsoon (PAGASA),Wet,Silty Clay Loam,Flat / Lowland,30,—,283.08,,,,4.00,13.50,3.38,Transplanting (Pindot) — optimal for clay-loam paddy fields,Wet Tillage (Puddling): 2 plowings + thorough harrowing under flooded condition,Continuous flooding 2–5 cm depth during vegetative stage; drain 2 weeks before harvest
Palay,Pasileng Norte,October,2019,WS 2019,Harvest,3.30,26.50,21.07,31.96,82.27,98.37,20.07,Type I – Tropical Monsoon (PAGASA),Wet,Sandy Loam,Flat / Lowland,30,Tagamusing River,140.28,,,,3.19,25.52,8.00,Transplanting (Pindot) or Direct Seeding (Pinaghandaan),Conventional Tillage: 2 plowings + 2 harrowings; soil workable when moist,Intermittent irrigation (Alternate Wetting and Drying — AWD); moderate retention
Palay,Tabuyoc,October,2019,WS 2019,Harvest,3.30,26.50,21.07,31.96,82.27,98.37,20.07,Type I – Tropical Monsoon (PAGASA),Wet,Silty Clay Loam,Flat / Lowland,30,—,277.20,,,,4.00,10.55,2.64,Transplanting (Pindot) — optimal for clay-loam paddy fields,Wet Tillage (Puddling): 2 plowings + thorough harrowing under flooded condition,Continuous flooding 2–5 cm depth during vegetative stage; drain 2 weeks before harvest
Palay,Bued,October,2019,WS 2019,Harvest,3.30,26.50,21.07,31.96,82.27,98.37,20.07,Type I – Tropical Monsoon (PAGASA),Wet,Silty Clay Loam,Flat / Lowland,30,Tagamusing River,210.84,,,,46.57,172.96,3.71,Transplanting (Pindot) — optimal for clay-loam paddy fields,Wet Tillage (Puddling): 2 plowings + thorough harrowing under flooded condition,Continuous flooding 2–5 cm depth during vegetative stage; drain 2 weeks before harvest
Palay,Dumayat,October,2019,WS 2019,Harvest,3.30,26.50,21.07,31.96,82.27,98.37,20.07,Type I – Tropical Monsoon (PAGASA),Wet,Silty Clay Loam,Flat / Lowland,30,—,266.28,,,,18.80,13.50,0.72,Transplanting (Pindot) — optimal for clay-loam paddy fields,Wet Tillage (Puddling): 2 plowings + thorough harrowing under flooded condition,Continuous flooding 2–5 cm depth during vegetative stage; drain 2 weeks before harvest
Palay,Camanggaan,October,2019,WS 2019,Harvest,3.30,26.50,21.07,31.96,82.27,98.37,20.07,Type I – Tropical Monsoon (PAGASA),Wet,Sandy Loam,Flat / Lowland,30,—,244.44,,,,3.02,17.18,5.69,Transplanting (Pindot) or Direct Seeding (Pinaghandaan),Conventional Tillage: 2 plowings + 2 harrowings; soil workable when moist,Intermittent irrigation (Alternate Wetting and Drying — AWD); moderate retention
Palay,Vacante,October,2019,WS 2019,Harvest,3.30,26.50,21.07,31.96,82.27,98.37,20.07,Type I – Tropical Monsoon (PAGASA),Wet,Silty Clay Loam,Flat / Lowland,30,Aloragat River,484.68,,,,2.27,9.25,4.07,Transplanting (Pindot) — optimal for clay-loam paddy fields,Wet Tillage (Puddling): 2 plowings + thorough harrowing under flooded condition,Continuous flooding 2–5 cm depth during vegetative stage; drain 2 weeks before harvest
Palay,Sta. Catalina,October,2019,WS 2019,Harvest,3.30,26.50,21.07,31.96,82.27,98.37,20.07,Type I – Tropical Monsoon (PAGASA),Wet,Fine Sand / Sandy Loam,Moderately Sloping / Highland,90,—,709.80,,,,7.88,63.04,8.00,Transplanting (Pindot),Minimum Tillage (avoid compaction; sandy structure fragile),Continuous flooding or frequent irrigation; high percolation risk; terrace or bund-assisted water retention essential on slopes
Palay,Moreno,October,2019,WS 2019,Harvest,3.30,26.50,21.07,31.96,82.27,98.37,20.07,Type I – Tropical Monsoon (PAGASA),Wet,Sandy Loam,Moderately Sloping / Highland,90,Alibeng River,641.76,,,,27.65,116.86,4.23,Transplanting (Pindot) or Direct Seeding (Pinaghandaan),Conventional Tillage: 2 plowings + 2 harrowings; soil workable when moist,Intermittent irrigation (Alternate Wetting and Drying — AWD); moderate retention; terrace or bund-assisted water retention essential on slopes
Palay,Cili,October,2019,WS 2019,Harvest,3.30,26.50,21.07,31.96,82.27,98.37,20.07,Type I – Tropical Monsoon (PAGASA),Wet,Silty Clay Loam,Flat / Lowland,30,Alibeng River,264.60,,,,33.10,13.50,0.41,Transplanting (Pindot) — optimal for clay-loam paddy fields,Wet Tillage (Puddling): 2 plowings + thorough harrowing under flooded condition,Continuous flooding 2–5 cm depth during vegetative stage; drain 2 weeks before harvest
Palay,Linmansangan,October,2019,WS 2019,Harvest,3.30,26.50,21.07,31.96,82.27,98.37,20.07,Type I – Tropical Monsoon (PAGASA),Wet,Silty Clay Loam,Flat / Lowland,30,—,492.24,,,,67.18,97.11,1.45,Transplanting (Pindot) — optimal for clay-loam paddy fields,Wet Tillage (Puddling): 2 plowings + thorough harrowing under flooded condition,Continuous flooding 2–5 cm depth during vegetative stage; drain 2 weeks before harvest
Palay,Sumabnit,October,2019,WS 2019,Harvest,3.30,26.50,21.07,31.96,82.27,98.37,20.07,Type I – Tropical Monsoon (PAGASA),Wet,Silty Clay Loam / Fine Sandy Loam,Flat / Lowland,30,Tagamusing River,406.56,,,,0.40,2.02,5.05,Transplanting (Pindot),Minimum Tillage (avoid compaction; sandy structure fragile),Continuous flooding or frequent irrigation; high percolation risk
Palay,Capas,October,2019,WS 2019,Harvest,3.30,26.50,21.07,31.96,82.27,98.37,20.07,Type I – Tropical Monsoon (PAGASA),Wet,Sandy Loam,Flat / Lowland,30,—,377.16,,,,3.49,27.92,8.00,Transplanting (Pindot) or Direct Seeding (Pinaghandaan),Conventional Tillage: 2 plowings + 2 harrowings; soil workable when moist,Intermittent irrigation (Alternate Wetting and Drying — AWD); moderate retention
Palay,Mangkasuy,October,2019,WS 2019,Harvest,3.30,26.50,21.07,31.96,82.27,98.37,20.07,Type I – Tropical Monsoon (PAGASA),Wet,Sandy Loam,Flat / Lowland,30,Tagamusing River,802.20,,,,13.55,23.42,1.73,Transplanting (Pindot) or Direct Seeding (Pinaghandaan),Conventional Tillage: 2 plowings + 2 harrowings; soil workable when moist,Intermittent irrigation (Alternate Wetting and Drying — AWD); moderate retention
Palay,San Pablo,October,2019,WS 2019,Harvest,3.30,26.50,21.07,31.96,82.27,98.37,20.07,Type I – Tropical Monsoon (PAGASA),Wet,Sandy Loam,Flat / Lowland,30,San Pablo Creek,215.04,,,,1.43,9.00,6.29,Transplanting (Pindot) or Direct Seeding (Pinaghandaan),Conventional Tillage: 2 plowings + 2 harrowings; soil workable when moist,Intermittent irrigation (Alternate Wetting and Drying — AWD); moderate retention
Palay,Balangobong,October,2019,WS 2019,Harvest,3.30,26.50,21.07,31.96,82.27,98.37,20.07,Type I – Tropical Monsoon (PAGASA),Wet,Silty Clay Loam,Flat / Lowland,30,—,281.40,,,,4.88,23.65,4.84,Transplanting (Pindot) — optimal for clay-loam paddy fields,Wet Tillage (Puddling): 2 plowings + thorough harrowing under flooded condition,Continuous flooding 2–5 cm depth during vegetative stage; drain 2 weeks before harvest
Palay,San Felipe Central,October,2019,WS 2019,Harvest,3.30,26.50,21.07,31.96,82.27,98.37,20.07,Type I – Tropical Monsoon (PAGASA),Wet,Sandy Loam,Flat / Lowland,30,—,452.76,,,,4.70,13.72,2.92,Transplanting (Pindot) or Direct Seeding (Pinaghandaan),Conventional Tillage: 2 plowings + 2 harrowings; soil workable when moist,Intermittent irrigation (Alternate Wetting and Drying — AWD); moderate retention
Palay,San Felipe Sur,October,2019,WS 2019,Harvest,3.30,26.50,21.07,31.96,82.27,98.37,20.07,Type I – Tropical Monsoon (PAGASA),Wet,Sandy Loam,Flat / Lowland,30,Tagamusing River,504.00,,,,5.69,13.06,2.30,Transplanting (Pindot) or Direct Seeding (Pinaghandaan),Conventional Tillage: 2 plowings + 2 harrowings; soil workable when moist,Intermittent irrigation (Alternate Wetting and Drying — AWD); moderate retention
Palay,Pasileng Sur,October,2019,WS 2019,Harvest,3.30,26.50,21.07,31.96,82.27,98.37,20.07,Type I – Tropical Monsoon (PAGASA),Wet,Sandy Loam,Flat / Lowland,30,Tagamusing River,414.96,,,,4.76,17.81,3.74,Transplanting (Pindot) or Direct Seeding (Pinaghandaan),Conventional Tillage: 2 plowings + 2 harrowings; soil workable when moist,Intermittent irrigation (Alternate Wetting and Drying — AWD); moderate retention
Palay,Sta. Maria Norte,October,2019,WS 2019,Harvest,3.30,26.50,21.07,31.96,82.27,98.37,20.07,Type I – Tropical Monsoon (PAGASA),Wet,Sandy Loam,Flat / Lowland,30,Tagamusing River,157.08,,,,2.36,3.25,1.38,Transplanting (Pindot) or Direct Seeding (Pinaghandaan),Conventional Tillage: 2 plowings + 2 harrowings; soil workable when moist,Intermittent irrigation (Alternate Wetting and Drying — AWD); moderate retention
Palay,Bugayong,October,2019,WS 2019,Harvest,3.30,26.50,21.07,31.96,82.27,98.37,20.07,Type I – Tropical Monsoon (PAGASA),Wet,Sandy Loam / Silty Clay Loam,Flat / Lowland,30,Aloragat River,346.08,,,,44.48,306.15,6.88,Transplanting (Pindot) — recommended; Direct Seeding possible in dry season,Conventional Tillage: 2 plowings + harrowing; puddle thoroughly for transplanting,Intermittent to continuous flooding; manage according to drainage section present
Palay,Santiago,October,2019,WS 2019,Harvest,3.30,26.50,21.07,31.96,82.27,98.37,20.07,Type I – Tropical Monsoon (PAGASA),Wet,Silty Clay Loam,Flat / Lowland,30,—,283.08,,,,4.00,11.70,2.92,Transplanting (Pindot) — optimal for clay-loam paddy fields,Wet Tillage (Puddling): 2 plowings + thorough harrowing under flooded condition,Continuous flooding 2–5 cm depth during vegetative stage; drain 2 weeks before harvest
Palay,Pasileng Norte,October,2020,WS 2020,Harvest,17.03,26.32,22.31,31.82,87.70,98.08,15.24,Type I – Tropical Monsoon (PAGASA),Wet,Sandy Loam,Flat / Lowland,30,Tagamusing River,140.28,,,,4.50,24.75,5.50,Transplanting (Pindot) or Direct Seeding (Pinaghandaan),Conventional Tillage: 2 plowings + 2 harrowings; soil workable when moist,Intermittent irrigation (Alternate Wetting and Drying — AWD); moderate retention
Palay,Tabuyoc,October,2020,WS 2020,Harvest,17.03,26.32,22.31,31.82,87.70,98.08,15.24,Type I – Tropical Monsoon (PAGASA),Wet,Silty Clay Loam,Flat / Lowland,30,—,277.20,,,,4.00,21.36,5.34,Transplanting (Pindot) — optimal for clay-loam paddy fields,Wet Tillage (Puddling): 2 plowings + thorough harrowing under flooded condition,Continuous flooding 2–5 cm depth during vegetative stage; drain 2 weeks before harvest
Palay,Bued,October,2020,WS 2020,Harvest,17.03,26.32,22.31,31.82,87.70,98.08,15.24,Type I – Tropical Monsoon (PAGASA),Wet,Silty Clay Loam,Flat / Lowland,30,Tagamusing River,210.84,,,,2.80,8.00,2.86,Transplanting (Pindot) — optimal for clay-loam paddy fields,Wet Tillage (Puddling): 2 plowings + thorough harrowing under flooded condition,Continuous flooding 2–5 cm depth during vegetative stage; drain 2 weeks before harvest
Palay,Dumayat,October,2020,WS 2020,Harvest,17.03,26.32,22.31,31.82,87.70,98.08,15.24,Type I – Tropical Monsoon (PAGASA),Wet,Silty Clay Loam,Flat / Lowland,30,—,266.28,,,,3.15,9.77,3.10,Transplanting (Pindot) — optimal for clay-loam paddy fields,Wet Tillage (Puddling): 2 plowings + thorough harrowing under flooded condition,Continuous flooding 2–5 cm depth during vegetative stage; drain 2 weeks before harvest
Palay,Camanggaan,October,2020,WS 2020,Harvest,17.03,26.32,22.31,31.82,87.70,98.08,15.24,Type I – Tropical Monsoon (PAGASA),Wet,Sandy Loam,Flat / Lowland,30,—,244.44,,,,4.23,14.40,3.40,Transplanting (Pindot) or Direct Seeding (Pinaghandaan),Conventional Tillage: 2 plowings + 2 harrowings; soil workable when moist,Intermittent irrigation (Alternate Wetting and Drying — AWD); moderate retention
Palay,Vacante,October,2020,WS 2020,Harvest,17.03,26.32,22.31,31.82,87.70,98.08,15.24,Type I – Tropical Monsoon (PAGASA),Wet,Silty Clay Loam,Flat / Lowland,30,Aloragat River,484.68,,,,2.50,9.23,3.69,Transplanting (Pindot) — optimal for clay-loam paddy fields,Wet Tillage (Puddling): 2 plowings + thorough harrowing under flooded condition,Continuous flooding 2–5 cm depth during vegetative stage; drain 2 weeks before harvest
Palay,Sta. Catalina,October,2020,WS 2020,Harvest,17.03,26.32,22.31,31.82,87.70,98.08,15.24,Type I – Tropical Monsoon (PAGASA),Wet,Fine Sand / Sandy Loam,Moderately Sloping / Highland,90,—,709.80,,,,2.80,8.40,3.00,Transplanting (Pindot),Minimum Tillage (avoid compaction; sandy structure fragile),Continuous flooding or frequent irrigation; high percolation risk; terrace or bund-assisted water retention essential on slopes
Palay,Moreno,October,2020,WS 2020,Harvest,17.03,26.32,22.31,31.82,87.70,98.08,15.24,Type I – Tropical Monsoon (PAGASA),Wet,Sandy Loam,Moderately Sloping / Highland,90,Alibeng River,641.76,,,,34.35,123.96,3.61,Transplanting (Pindot) or Direct Seeding (Pinaghandaan),Conventional Tillage: 2 plowings + 2 harrowings; soil workable when moist,Intermittent irrigation (Alternate Wetting and Drying — AWD); moderate retention; terrace or bund-assisted water retention essential on slopes
Palay,Cili,October,2020,WS 2020,Harvest,17.03,26.32,22.31,31.82,87.70,98.08,15.24,Type I – Tropical Monsoon (PAGASA),Wet,Silty Clay Loam,Flat / Lowland,30,Alibeng River,264.60,,,,38.60,12.07,0.31,Transplanting (Pindot) — optimal for clay-loam paddy fields,Wet Tillage (Puddling): 2 plowings + thorough harrowing under flooded condition,Continuous flooding 2–5 cm depth during vegetative stage; drain 2 weeks before harvest
Palay,Linmansangan,October,2020,WS 2020,Harvest,17.03,26.32,22.31,31.82,87.70,98.08,15.24,Type I – Tropical Monsoon (PAGASA),Wet,Silty Clay Loam,Flat / Lowland,30,—,492.24,,,,85.18,171.55,2.01,Transplanting (Pindot) — optimal for clay-loam paddy fields,Wet Tillage (Puddling): 2 plowings + thorough harrowing under flooded condition,Continuous flooding 2–5 cm depth during vegetative stage; drain 2 weeks before harvest
Palay,Sumabnit,October,2020,WS 2020,Harvest,17.03,26.32,22.31,31.82,87.70,98.08,15.24,Type I – Tropical Monsoon (PAGASA),Wet,Silty Clay Loam / Fine Sandy Loam,Flat / Lowland,30,Tagamusing River,406.56,,,,3.50,18.03,5.15,Transplanting (Pindot),Minimum Tillage (avoid compaction; sandy structure fragile),Continuous flooding or frequent irrigation; high percolation risk
Palay,Capas,October,2020,WS 2020,Harvest,17.03,26.32,22.31,31.82,87.70,98.08,15.24,Type I – Tropical Monsoon (PAGASA),Wet,Sandy Loam,Flat / Lowland,30,—,377.16,,,,7.50,37.58,5.01,Transplanting (Pindot) or Direct Seeding (Pinaghandaan),Conventional Tillage: 2 plowings + 2 harrowings; soil workable when moist,Intermittent irrigation (Alternate Wetting and Drying — AWD); moderate retention
Palay,Mangkasuy,October,2020,WS 2020,Harvest,17.03,26.32,22.31,31.82,87.70,98.08,15.24,Type I – Tropical Monsoon (PAGASA),Wet,Sandy Loam,Flat / Lowland,30,Tagamusing River,802.20,,,,6.00,30.00,5.00,Transplanting (Pindot) or Direct Seeding (Pinaghandaan),Conventional Tillage: 2 plowings + 2 harrowings; soil workable when moist,Intermittent irrigation (Alternate Wetting and Drying — AWD); moderate retention
Palay,San Pablo,October,2020,WS 2020,Harvest,17.03,26.32,22.31,31.82,87.70,98.08,15.24,Type I – Tropical Monsoon (PAGASA),Wet,Sandy Loam,Flat / Lowland,30,San Pablo Creek,215.04,,,,2.70,15.53,5.75,Transplanting (Pindot) or Direct Seeding (Pinaghandaan),Conventional Tillage: 2 plowings + 2 harrowings; soil workable when moist,Intermittent irrigation (Alternate Wetting and Drying — AWD); moderate retention
Palay,Balangobong,October,2020,WS 2020,Harvest,17.03,26.32,22.31,31.82,87.70,98.08,15.24,Type I – Tropical Monsoon (PAGASA),Wet,Silty Clay Loam,Flat / Lowland,30,—,281.40,,,,34.80,182.70,5.25,Transplanting (Pindot) — optimal for clay-loam paddy fields,Wet Tillage (Puddling): 2 plowings + thorough harrowing under flooded condition,Continuous flooding 2–5 cm depth during vegetative stage; drain 2 weeks before harvest
Palay,San Felipe Central,October,2020,WS 2020,Harvest,17.03,26.32,22.31,31.82,87.70,98.08,15.24,Type I – Tropical Monsoon (PAGASA),Wet,Sandy Loam,Flat / Lowland,30,—,452.76,,,,2.80,14.00,5.00,Transplanting (Pindot) or Direct Seeding (Pinaghandaan),Conventional Tillage: 2 plowings + 2 harrowings; soil workable when moist,Intermittent irrigation (Alternate Wetting and Drying — AWD); moderate retention
Palay,San Felipe Sur,October,2020,WS 2020,Harvest,17.03,26.32,22.31,31.82,87.70,98.08,15.24,Type I – Tropical Monsoon (PAGASA),Wet,Sandy Loam,Flat / Lowland,30,Tagamusing River,504.00,,,,6.40,31.04,4.85,Transplanting (Pindot) or Direct Seeding (Pinaghandaan),Conventional Tillage: 2 plowings + 2 harrowings; soil workable when moist,Intermittent irrigation (Alternate Wetting and Drying — AWD); moderate retention
Palay,Pasileng Sur,October,2020,WS 2020,Harvest,17.03,26.32,22.31,31.82,87.70,98.08,15.24,Type I – Tropical Monsoon (PAGASA),Wet,Sandy Loam,Flat / Lowland,30,Tagamusing River,414.96,,,,3.60,21.82,6.06,Transplanting (Pindot) or Direct Seeding (Pinaghandaan),Conventional Tillage: 2 plowings + 2 harrowings; soil workable when moist,Intermittent irrigation (Alternate Wetting and Drying — AWD); moderate retention
Palay,Sta. Maria Norte,October,2020,WS 2020,Harvest,17.03,26.32,22.31,31.82,87.70,98.08,15.24,Type I – Tropical Monsoon (PAGASA),Wet,Sandy Loam,Flat / Lowland,30,Tagamusing River,157.08,,,,3.10,4.84,1.56,Transplanting (Pindot) or Direct Seeding (Pinaghandaan),Conventional Tillage: 2 plowings + 2 harrowings; soil workable when moist,Intermittent irrigation (Alternate Wetting and Drying — AWD); moderate retention
Palay,Bugayong,October,2020,WS 2020,Harvest,17.03,26.32,22.31,31.82,87.70,98.08,15.24,Type I – Tropical Monsoon (PAGASA),Wet,Sandy Loam / Silty Clay Loam,Flat / Lowland,30,Aloragat River,346.08,,,,28.81,98.49,3.42,Transplanting (Pindot) — recommended; Direct Seeding possible in dry season,Conventional Tillage: 2 plowings + harrowing; puddle thoroughly for transplanting,Intermittent to continuous flooding; manage according to drainage section present
Palay,Santiago,October,2020,WS 2020,Harvest,17.03,26.32,22.31,31.82,87.70,98.08,15.24,Type I – Tropical Monsoon (PAGASA),Wet,Silty Clay Loam,Flat / Lowland,30,—,283.08,,,,4.00,21.00,5.25,Transplanting (Pindot) — optimal for clay-loam paddy fields,Wet Tillage (Puddling): 2 plowings + thorough harrowing under flooded condition,Continuous flooding 2–5 cm depth during vegetative stage; drain 2 weeks before harvest
Palay,Balangobong,October,2023,WS 2023,Harvest,6.18,26.89,21.79,32.55,84.83,98.41,17.88,Type I – Tropical Monsoon (PAGASA),Wet,Silty Clay Loam,Flat / Lowland,30,—,281.40,,,,120.00,569.57,4.75,Transplanting (Pindot) — optimal for clay-loam paddy fields,Wet Tillage (Puddling): 2 plowings + thorough harrowing under flooded condition,Continuous flooding 2–5 cm depth during vegetative stage; drain 2 weeks before harvest
Palay,Bued,October,2023,WS 2023,Harvest,6.18,26.89,21.79,32.55,84.83,98.41,17.88,Type I – Tropical Monsoon (PAGASA),Wet,Silty Clay Loam,Flat / Lowland,30,Tagamusing River,210.84,,,,56.50,248.22,4.39,Transplanting (Pindot) — optimal for clay-loam paddy fields,Wet Tillage (Puddling): 2 plowings + thorough harrowing under flooded condition,Continuous flooding 2–5 cm depth during vegetative stage; drain 2 weeks before harvest
Palay,Bugayong,October,2023,WS 2023,Harvest,6.18,26.89,21.79,32.55,84.83,98.41,17.88,Type I – Tropical Monsoon (PAGASA),Wet,Sandy Loam / Silty Clay Loam,Flat / Lowland,30,Aloragat River,346.08,,,,25.95,130.27,5.02,Transplanting (Pindot) — recommended; Direct Seeding possible in dry season,Conventional Tillage: 2 plowings + harrowing; puddle thoroughly for transplanting,Intermittent to continuous flooding; manage according to drainage section present
Palay,Camanggaan,October,2023,WS 2023,Harvest,6.18,26.89,21.79,32.55,84.83,98.41,17.88,Type I – Tropical Monsoon (PAGASA),Wet,Sandy Loam,Flat / Lowland,30,—,244.44,,,,19.00,81.74,4.30,Transplanting (Pindot) or Direct Seeding (Pinaghandaan),Conventional Tillage: 2 plowings + 2 harrowings; soil workable when moist,Intermittent irrigation (Alternate Wetting and Drying — AWD); moderate retention
Palay,Capas,October,2023,WS 2023,Harvest,6.18,26.89,21.79,32.55,84.83,98.41,17.88,Type I – Tropical Monsoon (PAGASA),Wet,Sandy Loam,Flat / Lowland,30,—,377.16,,,,139.00,766.55,5.51,Transplanting (Pindot) or Direct Seeding (Pinaghandaan),Conventional Tillage: 2 plowings + 2 harrowings; soil workable when moist,Intermittent irrigation (Alternate Wetting and Drying — AWD); moderate retention
Palay,Cili,October,2023,WS 2023,Harvest,6.18,26.89,21.79,32.55,84.83,98.41,17.88,Type I – Tropical Monsoon (PAGASA),Wet,Silty Clay Loam,Flat / Lowland,30,Alibeng River,264.60,,,,40.00,185.20,4.63,Transplanting (Pindot) — optimal for clay-loam paddy fields,Wet Tillage (Puddling): 2 plowings + thorough harrowing under flooded condition,Continuous flooding 2–5 cm depth during vegetative stage; drain 2 weeks before harvest
Palay,Dumayat,October,2023,WS 2023,Harvest,6.18,26.89,21.79,32.55,84.83,98.41,17.88,Type I – Tropical Monsoon (PAGASA),Wet,Silty Clay Loam,Flat / Lowland,30,—,266.28,,,,56.00,287.84,5.14,Transplanting (Pindot) — optimal for clay-loam paddy fields,Wet Tillage (Puddling): 2 plowings + thorough harrowing under flooded condition,Continuous flooding 2–5 cm depth during vegetative stage; drain 2 weeks before harvest
Palay,Linmansangan,October,2023,WS 2023,Harvest,6.18,26.89,21.79,32.55,84.83,98.41,17.88,Type I – Tropical Monsoon (PAGASA),Wet,Silty Clay Loam,Flat / Lowland,30,—,492.24,,,,65.50,302.43,4.62,Transplanting (Pindot) — optimal for clay-loam paddy fields,Wet Tillage (Puddling): 2 plowings + thorough harrowing under flooded condition,Continuous flooding 2–5 cm depth during vegetative stage; drain 2 weeks before harvest
Palay,Mangkasuy,October,2023,WS 2023,Harvest,6.18,26.89,21.79,32.55,84.83,98.41,17.88,Type I – Tropical Monsoon (PAGASA),Wet,Sandy Loam,Flat / Lowland,30,Tagamusing River,802.20,,,,90.00,471.74,5.24,Transplanting (Pindot) or Direct Seeding (Pinaghandaan),Conventional Tillage: 2 plowings + 2 harrowings; soil workable when moist,Intermittent irrigation (Alternate Wetting and Drying — AWD); moderate retention
Palay,Moreno,October,2023,WS 2023,Harvest,6.18,26.89,21.79,32.55,84.83,98.41,17.88,Type I – Tropical Monsoon (PAGASA),Wet,Sandy Loam,Moderately Sloping / Highland,90,Alibeng River,641.76,,,,47.40,250.30,5.28,Transplanting (Pindot) or Direct Seeding (Pinaghandaan),Conventional Tillage: 2 plowings + 2 harrowings; soil workable when moist,Intermittent irrigation (Alternate Wetting and Drying — AWD); moderate retention; terrace or bund-assisted water retention essential on slopes
Palay,Pasileng Norte,October,2023,WS 2023,Harvest,6.18,26.89,21.79,32.55,84.83,98.41,17.88,Type I – Tropical Monsoon (PAGASA),Wet,Sandy Loam,Flat / Lowland,30,Tagamusing River,140.28,,,,78.35,423.46,5.40,Transplanting (Pindot) or Direct Seeding (Pinaghandaan),Conventional Tillage: 2 plowings + 2 harrowings; soil workable when moist,Intermittent irrigation (Alternate Wetting and Drying — AWD); moderate retention
Palay,Pasileng Sur,October,2023,WS 2023,Harvest,6.18,26.89,21.79,32.55,84.83,98.41,17.88,Type I – Tropical Monsoon (PAGASA),Wet,Sandy Loam,Flat / Lowland,30,Tagamusing River,414.96,,,,150.90,761.85,5.05,Transplanting (Pindot) or Direct Seeding (Pinaghandaan),Conventional Tillage: 2 plowings + 2 harrowings; soil workable when moist,Intermittent irrigation (Alternate Wetting and Drying — AWD); moderate retention
Palay,San Felipe Central,October,2023,WS 2023,Harvest,6.18,26.89,21.79,32.55,84.83,98.41,17.88,Type I – Tropical Monsoon (PAGASA),Wet,Sandy Loam,Flat / Lowland,30,—,452.76,,,,117.00,537.83,4.60,Transplanting (Pindot) or Direct Seeding (Pinaghandaan),Conventional Tillage: 2 plowings + 2 harrowings; soil workable when moist,Intermittent irrigation (Alternate Wetting and Drying — AWD); moderate retention
Palay,San Felipe Sur,October,2023,WS 2023,Harvest,6.18,26.89,21.79,32.55,84.83,98.41,17.88,Type I – Tropical Monsoon (PAGASA),Wet,Sandy Loam,Flat / Lowland,30,Tagamusing River,504.00,,,,127.50,744.60,5.84,Transplanting (Pindot) or Direct Seeding (Pinaghandaan),Conventional Tillage: 2 plowings + 2 harrowings; soil workable when moist,Intermittent irrigation (Alternate Wetting and Drying — AWD); moderate retention
Palay,San Pablo,October,2023,WS 2023,Harvest,6.18,26.89,21.79,32.55,84.83,98.41,17.88,Type I – Tropical Monsoon (PAGASA),Wet,Sandy Loam,Flat / Lowland,30,San Pablo Creek,215.04,,,,103.50,492.65,4.76,Transplanting (Pindot) or Direct Seeding (Pinaghandaan),Conventional Tillage: 2 plowings + 2 harrowings; soil workable when moist,Intermittent irrigation (Alternate Wetting and Drying — AWD); moderate retention
Palay,Santiago,October,2023,WS 2023,Harvest,6.18,26.89,21.79,32.55,84.83,98.41,17.88,Type I – Tropical Monsoon (PAGASA),Wet,Silty Clay Loam,Flat / Lowland,30,—,283.08,,,,103.60,528.07,5.10,Transplanting (Pindot) — optimal for clay-loam paddy fields,Wet Tillage (Puddling): 2 plowings + thorough harrowing under flooded condition,Continuous flooding 2–5 cm depth during vegetative stage; drain 2 weeks before harvest
Palay,Sta. Catalina,October,2023,WS 2023,Harvest,6.18,26.89,21.79,32.55,84.83,98.41,17.88,Type I – Tropical Monsoon (PAGASA),Wet,Fine Sand / Sandy Loam,Moderately Sloping / Highland,90,—,709.80,,,,49.00,237.31,4.84,Transplanting (Pindot),Minimum Tillage (avoid compaction; sandy structure fragile),Continuous flooding or frequent irrigation; high percolation risk; terrace or bund-assisted water retention essential on slopes
Palay,Sta. Maria Norte,October,2023,WS 2023,Harvest,6.18,26.89,21.79,32.55,84.83,98.41,17.88,Type I – Tropical Monsoon (PAGASA),Wet,Sandy Loam,Flat / Lowland,30,Tagamusing River,157.08,,,,24.50,128.17,5.23,Transplanting (Pindot) or Direct Seeding (Pinaghandaan),Conventional Tillage: 2 plowings + 2 harrowings; soil workable when moist,Intermittent irrigation (Alternate Wetting and Drying — AWD); moderate retention
Palay,Sumabnit,October,2023,WS 2023,Harvest,6.18,26.89,21.79,32.55,84.83,98.41,17.88,Type I – Tropical Monsoon (PAGASA),Wet,Silty Clay Loam / Fine Sandy Loam,Flat / Lowland,30,Tagamusing River,406.56,,,,133.30,669.95,5.03,Transplanting (Pindot),Minimum Tillage (avoid compaction; sandy structure fragile),Continuous flooding or frequent irrigation; high percolation risk
Palay,Tabuyoc,October,2023,WS 2023,Harvest,6.18,26.89,21.79,32.55,84.83,98.41,17.88,Type I – Tropical Monsoon (PAGASA),Wet,Silty Clay Loam,Flat / Lowland,30,—,277.20,,,,134.00,691.25,5.16,Transplanting (Pindot) — optimal for clay-loam paddy fields,Wet Tillage (Puddling): 2 plowings + thorough harrowing under flooded condition,Continuous flooding 2–5 cm depth during vegetative stage; drain 2 weeks before harvest
Palay,Vacante,October,2023,WS 2023,Harvest,6.18,26.89,21.79,32.55,84.83,98.41,17.88,Type I – Tropical Monsoon (PAGASA),Wet,Silty Clay Loam,Flat / Lowland,30,Aloragat River,484.68,,,,28.00,109.20,3.90,Transplanting (Pindot) — optimal for clay-loam paddy fields,Wet Tillage (Puddling): 2 plowings + thorough harrowing under flooded condition,Continuous flooding 2–5 cm depth during vegetative stage; drain 2 weeks before harvest
Palay,Pasileng Norte,January,2021,DS 2021-2022,Planting,3.08,23.98,16.07,30.79,82.79,98.45,15.82,Type I – Tropical Monsoon (PAGASA),Dry (Cool),Sandy Loam,Flat / Lowland,30,Tagamusing River,140.28,0.60,26.40,0.60,,,,Transplanting (Pindot) or Direct Seeding (Pinaghandaan),Conventional Tillage: 2 plowings + 2 harrowings; soil workable when moist,Intermittent irrigation (Alternate Wetting and Drying — AWD); moderate retention
Palay,Tabuyoc,January,2021,DS 2021-2022,Planting,3.08,23.98,16.07,30.79,82.79,98.45,15.82,Type I – Tropical Monsoon (PAGASA),Dry (Cool),Silty Clay Loam,Flat / Lowland,30,—,277.20,0.80,44.80,0.80,,,,Transplanting (Pindot) — optimal for clay-loam paddy fields,Wet Tillage (Puddling): 2 plowings + thorough harrowing under flooded condition,Continuous flooding 2–5 cm depth during vegetative stage; drain 2 weeks before harvest
Palay,Camanggaan,January,2021,DS 2021-2022,Planting,3.08,23.98,16.07,30.79,82.79,98.45,15.82,Type I – Tropical Monsoon (PAGASA),Dry (Cool),Sandy Loam,Flat / Lowland,30,—,244.44,2.85,101.98,2.85,,,,Transplanting (Pindot) or Direct Seeding (Pinaghandaan),Conventional Tillage: 2 plowings + 2 harrowings; soil workable when moist,Intermittent irrigation (Alternate Wetting and Drying — AWD); moderate retention
Palay,Sta. Catalina,January,2021,DS 2021-2022,Planting,3.08,23.98,16.07,30.79,82.79,98.45,15.82,Type I – Tropical Monsoon (PAGASA),Dry (Cool),Fine Sand / Sandy Loam,Moderately Sloping / Highland,90,—,709.80,1.30,164.00,1.30,,,,Transplanting (Pindot),Minimum Tillage (avoid compaction; sandy structure fragile),Continuous flooding or frequent irrigation; high percolation risk; terrace or bund-assisted water retention essential on slopes
Palay,Sumabnit,January,2021,DS 2021-2022,Planting,3.08,23.98,16.07,30.79,82.79,98.45,15.82,Type I – Tropical Monsoon (PAGASA),Dry (Cool),Silty Clay Loam / Fine Sandy Loam,Flat / Lowland,30,Tagamusing River,406.56,0.70,116.60,0.70,,,,Transplanting (Pindot),Minimum Tillage (avoid compaction; sandy structure fragile),Continuous flooding or frequent irrigation; high percolation risk
Palay,Capas,January,2021,DS 2021-2022,Planting,3.08,23.98,16.07,30.79,82.79,98.45,15.82,Type I – Tropical Monsoon (PAGASA),Dry (Cool),Sandy Loam,Flat / Lowland,30,—,377.16,3.80,154.52,3.80,,,,Transplanting (Pindot) or Direct Seeding (Pinaghandaan),Conventional Tillage: 2 plowings + 2 harrowings; soil workable when moist,Intermittent irrigation (Alternate Wetting and Drying — AWD); moderate retention
Palay,Mangkasuy,January,2021,DS 2021-2022,Planting,3.08,23.98,16.07,30.79,82.79,98.45,15.82,Type I – Tropical Monsoon (PAGASA),Dry (Cool),Sandy Loam,Flat / Lowland,30,Tagamusing River,802.20,2.95,164.00,2.95,,,,Transplanting (Pindot) or Direct Seeding (Pinaghandaan),Conventional Tillage: 2 plowings + 2 harrowings; soil workable when moist,Intermittent irrigation (Alternate Wetting and Drying — AWD); moderate retention
Palay,San Pablo,January,2021,DS 2021-2022,Planting,3.08,23.98,16.07,30.79,82.79,98.45,15.82,Type I – Tropical Monsoon (PAGASA),Dry (Cool),Sandy Loam,Flat / Lowland,30,San Pablo Creek,215.04,0.10,37.80,0.10,,,,Transplanting (Pindot) or Direct Seeding (Pinaghandaan),Conventional Tillage: 2 plowings + 2 harrowings; soil workable when moist,Intermittent irrigation (Alternate Wetting and Drying — AWD); moderate retention
Palay,Balangobong,January,2021,DS 2021-2022,Planting,3.08,23.98,16.07,30.79,82.79,98.45,15.82,Type I – Tropical Monsoon (PAGASA),Dry (Cool),Silty Clay Loam,Flat / Lowland,30,—,281.40,1.60,26.40,1.60,,,,Transplanting (Pindot) — optimal for clay-loam paddy fields,Wet Tillage (Puddling): 2 plowings + thorough harrowing under flooded condition,Continuous flooding 2–5 cm depth during vegetative stage; drain 2 weeks before harvest
Palay,San Felipe Central,January,2021,DS 2021-2022,Planting,3.08,23.98,16.07,30.79,82.79,98.45,15.82,Type I – Tropical Monsoon (PAGASA),Dry (Cool),Sandy Loam,Flat / Lowland,30,—,452.76,4.15,32.10,4.15,,,,Transplanting (Pindot) or Direct Seeding (Pinaghandaan),Conventional Tillage: 2 plowings + 2 harrowings; soil workable when moist,Intermittent irrigation (Alternate Wetting and Drying — AWD); moderate retention
Palay,San Felipe Sur,January,2021,DS 2021-2022,Planting,3.08,23.98,16.07,30.79,82.79,98.45,15.82,Type I – Tropical Monsoon (PAGASA),Dry (Cool),Sandy Loam,Flat / Lowland,30,Tagamusing River,504.00,3.20,32.10,3.20,,,,Transplanting (Pindot) or Direct Seeding (Pinaghandaan),Conventional Tillage: 2 plowings + 2 harrowings; soil workable when moist,Intermittent irrigation (Alternate Wetting and Drying — AWD); moderate retention
Palay,Pasileng Sur,January,2021,DS 2021-2022,Planting,3.08,23.98,16.07,30.79,82.79,98.45,15.82,Type I – Tropical Monsoon (PAGASA),Dry (Cool),Sandy Loam,Flat / Lowland,30,Tagamusing River,414.96,1.20,26.40,1.20,,,,Transplanting (Pindot) or Direct Seeding (Pinaghandaan),Conventional Tillage: 2 plowings + 2 harrowings; soil workable when moist,Intermittent irrigation (Alternate Wetting and Drying — AWD); moderate retention
Palay,Bugayong,January,2021,DS 2021-2022,Planting,3.08,23.98,16.07,30.79,82.79,98.45,15.82,Type I – Tropical Monsoon (PAGASA),Dry (Cool),Sandy Loam / Silty Clay Loam,Flat / Lowland,30,Aloragat River,346.08,1.00,37.80,1.00,,,,Transplanting (Pindot) — recommended; Direct Seeding possible in dry season,Conventional Tillage: 2 plowings + harrowing; puddle thoroughly for transplanting,Intermittent to continuous flooding; manage according to drainage section present
Palay,Santiago,January,2021,DS 2021-2022,Planting,3.08,23.98,16.07,30.79,82.79,98.45,15.82,Type I – Tropical Monsoon (PAGASA),Dry (Cool),Silty Clay Loam,Flat / Lowland,30,—,283.08,1.50,94.92,1.50,,,,Transplanting (Pindot) — optimal for clay-loam paddy fields,Wet Tillage (Puddling): 2 plowings + thorough harrowing under flooded condition,Continuous flooding 2–5 cm depth during vegetative stage; drain 2 weeks before harvest
Palay,Pasileng Norte,May,2022,DS 2021-2022,Harvest,9.14,27.33,22.66,35.01,80.26,98.27,20.46,Type I – Tropical Monsoon (PAGASA),Wet,Sandy Loam,Flat / Lowland,30,Tagamusing River,140.28,,,,0.60,3.06,5.10,Transplanting (Pindot) or Direct Seeding (Pinaghandaan),Conventional Tillage: 2 plowings + 2 harrowings; soil workable when moist,Intermittent irrigation (Alternate Wetting and Drying — AWD); moderate retention
Palay,Tabuyoc,May,2022,DS 2021-2022,Harvest,9.14,27.33,22.66,35.01,80.26,98.27,20.46,Type I – Tropical Monsoon (PAGASA),Wet,Silty Clay Loam,Flat / Lowland,30,—,277.20,,,,0.80,3.66,4.58,Transplanting (Pindot) — optimal for clay-loam paddy fields,Wet Tillage (Puddling): 2 plowings + thorough harrowing under flooded condition,Continuous flooding 2–5 cm depth during vegetative stage; drain 2 weeks before harvest
Palay,Camanggaan,May,2022,DS 2021-2022,Harvest,9.14,27.33,22.66,35.01,80.26,98.27,20.46,Type I – Tropical Monsoon (PAGASA),Wet,Sandy Loam,Flat / Lowland,30,—,244.44,,,,2.85,16.13,5.66,Transplanting (Pindot) or Direct Seeding (Pinaghandaan),Conventional Tillage: 2 plowings + 2 harrowings; soil workable when moist,Intermittent irrigation (Alternate Wetting and Drying — AWD); moderate retention
Palay,Sta. Catalina,May,2022,DS 2021-2022,Harvest,9.14,27.33,22.66,35.01,80.26,98.27,20.46,Type I – Tropical Monsoon (PAGASA),Wet,Fine Sand / Sandy Loam,Moderately Sloping / Highland,90,—,709.80,,,,1.30,6.40,4.92,Transplanting (Pindot),Minimum Tillage (avoid compaction; sandy structure fragile),Continuous flooding or frequent irrigation; high percolation risk; terrace or bund-assisted water retention essential on slopes
Palay,Sumabnit,May,2022,DS 2021-2022,Harvest,9.14,27.33,22.66,35.01,80.26,98.27,20.46,Type I – Tropical Monsoon (PAGASA),Wet,Silty Clay Loam / Fine Sandy Loam,Flat / Lowland,30,Tagamusing River,406.56,,,,0.70,3.66,5.23,Transplanting (Pindot),Minimum Tillage (avoid compaction; sandy structure fragile),Continuous flooding or frequent irrigation; high percolation risk
Palay,Capas,May,2022,DS 2021-2022,Harvest,9.14,27.33,22.66,35.01,80.26,98.27,20.46,Type I – Tropical Monsoon (PAGASA),Wet,Sandy Loam,Flat / Lowland,30,—,377.16,,,,3.80,19.77,5.20,Transplanting (Pindot) or Direct Seeding (Pinaghandaan),Conventional Tillage: 2 plowings + 2 harrowings; soil workable when moist,Intermittent irrigation (Alternate Wetting and Drying — AWD); moderate retention
Palay,Mangkasuy,May,2022,DS 2021-2022,Harvest,9.14,27.33,22.66,35.01,80.26,98.27,20.46,Type I – Tropical Monsoon (PAGASA),Wet,Sandy Loam,Flat / Lowland,30,Tagamusing River,802.20,,,,2.95,19.38,6.57,Transplanting (Pindot) or Direct Seeding (Pinaghandaan),Conventional Tillage: 2 plowings + 2 harrowings; soil workable when moist,Intermittent irrigation (Alternate Wetting and Drying — AWD); moderate retention
Palay,San Pablo,May,2022,DS 2021-2022,Harvest,9.14,27.33,22.66,35.01,80.26,98.27,20.46,Type I – Tropical Monsoon (PAGASA),Wet,Sandy Loam,Flat / Lowland,30,San Pablo Creek,215.04,,,,0.10,0.47,4.70,Transplanting (Pindot) or Direct Seeding (Pinaghandaan),Conventional Tillage: 2 plowings + 2 harrowings; soil workable when moist,Intermittent irrigation (Alternate Wetting and Drying — AWD); moderate retention
Palay,Balangobong,May,2022,DS 2021-2022,Harvest,9.14,27.33,22.66,35.01,80.26,98.27,20.46,Type I – Tropical Monsoon (PAGASA),Wet,Silty Clay Loam,Flat / Lowland,30,—,281.40,,,,1.60,8.24,5.15,Transplanting (Pindot) — optimal for clay-loam paddy fields,Wet Tillage (Puddling): 2 plowings + thorough harrowing under flooded condition,Continuous flooding 2–5 cm depth during vegetative stage; drain 2 weeks before harvest
Palay,San Felipe Central,May,2022,DS 2021-2022,Harvest,9.14,27.33,22.66,35.01,80.26,98.27,20.46,Type I – Tropical Monsoon (PAGASA),Wet,Sandy Loam,Flat / Lowland,30,—,452.76,,,,4.15,23.86,5.75,Transplanting (Pindot) or Direct Seeding (Pinaghandaan),Conventional Tillage: 2 plowings + 2 harrowings; soil workable when moist,Intermittent irrigation (Alternate Wetting and Drying — AWD); moderate retention
Palay,San Felipe Sur,May,2022,DS 2021-2022,Harvest,9.14,27.33,22.66,35.01,80.26,98.27,20.46,Type I – Tropical Monsoon (PAGASA),Wet,Sandy Loam,Flat / Lowland,30,Tagamusing River,504.00,,,,3.20,17.31,5.41,Transplanting (Pindot) or Direct Seeding (Pinaghandaan),Conventional Tillage: 2 plowings + 2 harrowings; soil workable when moist,Intermittent irrigation (Alternate Wetting and Drying — AWD); moderate retention
Palay,Pasileng Sur,May,2022,DS 2021-2022,Harvest,9.14,27.33,22.66,35.01,80.26,98.27,20.46,Type I – Tropical Monsoon (PAGASA),Wet,Sandy Loam,Flat / Lowland,30,Tagamusing River,414.96,,,,1.20,5.84,4.87,Transplanting (Pindot) or Direct Seeding (Pinaghandaan),Conventional Tillage: 2 plowings + 2 harrowings; soil workable when moist,Intermittent irrigation (Alternate Wetting and Drying — AWD); moderate retention
Palay,Bugayong,May,2022,DS 2021-2022,Harvest,9.14,27.33,22.66,35.01,80.26,98.27,20.46,Type I – Tropical Monsoon (PAGASA),Wet,Sandy Loam / Silty Clay Loam,Flat / Lowland,30,Aloragat River,346.08,,,,1.00,4.50,4.50,Transplanting (Pindot) — recommended; Direct Seeding possible in dry season,Conventional Tillage: 2 plowings + harrowing; puddle thoroughly for transplanting,Intermittent to continuous flooding; manage according to drainage section present
Palay,Santiago,May,2022,DS 2021-2022,Harvest,9.14,27.33,22.66,35.01,80.26,98.27,20.46,Type I – Tropical Monsoon (PAGASA),Wet,Silty Clay Loam,Flat / Lowland,30,—,283.08,,,,1.50,5.97,3.98,Transplanting (Pindot) — optimal for clay-loam paddy fields,Wet Tillage (Puddling): 2 plowings + thorough harrowing under flooded condition,Continuous flooding 2–5 cm depth during vegetative stage; drain 2 weeks before harvest
Palay,Pasileng Norte,June,2021,WS 2021,Planting,8.06,27.03,23.72,34.26,82.83,98.25,20.27,Type I – Tropical Monsoon (PAGASA),Wet,Sandy Loam,Flat / Lowland,30,Tagamusing River,140.28,78.35,2.65,81.00,,,,Transplanting (Pindot) or Direct Seeding (Pinaghandaan),Conventional Tillage: 2 plowings + 2 harrowings; soil workable when moist,Intermittent irrigation (Alternate Wetting and Drying — AWD); moderate retention
Palay,Tabuyoc,June,2021,WS 2021,Planting,8.06,27.03,23.72,34.26,82.83,98.25,20.27,Type I – Tropical Monsoon (PAGASA),Wet,Silty Clay Loam,Flat / Lowland,30,—,277.20,134.00,5.00,139.00,,,,Transplanting (Pindot) — optimal for clay-loam paddy fields,Wet Tillage (Puddling): 2 plowings + thorough harrowing under flooded condition,Continuous flooding 2–5 cm depth during vegetative stage; drain 2 weeks before harvest
Palay,Bued,June,2021,WS 2021,Planting,8.06,27.03,23.72,34.26,82.83,98.25,20.27,Type I – Tropical Monsoon (PAGASA),Wet,Silty Clay Loam,Flat / Lowland,30,Tagamusing River,210.84,56.50,37.50,94.00,,,,Transplanting (Pindot) — optimal for clay-loam paddy fields,Wet Tillage (Puddling): 2 plowings + thorough harrowing under flooded condition,Continuous flooding 2–5 cm depth during vegetative stage; drain 2 weeks before harvest
Palay,Dumayat,June,2021,WS 2021,Planting,8.06,27.03,23.72,34.26,82.83,98.25,20.27,Type I – Tropical Monsoon (PAGASA),Wet,Silty Clay Loam,Flat / Lowland,30,—,266.28,56.00,30.00,86.00,,,,Transplanting (Pindot) — optimal for clay-loam paddy fields,Wet Tillage (Puddling): 2 plowings + thorough harrowing under flooded condition,Continuous flooding 2–5 cm depth during vegetative stage; drain 2 weeks before harvest
Palay,Camanggaan,June,2021,WS 2021,Planting,8.06,27.03,23.72,34.26,82.83,98.25,20.27,Type I – Tropical Monsoon (PAGASA),Wet,Sandy Loam,Flat / Lowland,30,—,244.44,19.00,68.00,87.00,,,,Transplanting (Pindot) or Direct Seeding (Pinaghandaan),Conventional Tillage: 2 plowings + 2 harrowings; soil workable when moist,Intermittent irrigation (Alternate Wetting and Drying — AWD); moderate retention
Palay,Vacante,June,2021,WS 2021,Planting,8.06,27.03,23.72,34.26,82.83,98.25,20.27,Type I – Tropical Monsoon (PAGASA),Wet,Silty Clay Loam,Flat / Lowland,30,Aloragat River,484.68,28.00,81.00,109.00,,,,Transplanting (Pindot) — optimal for clay-loam paddy fields,Wet Tillage (Puddling): 2 plowings + thorough harrowing under flooded condition,Continuous flooding 2–5 cm depth during vegetative stage; drain 2 weeks before harvest
Palay,Sta. Catalina,June,2021,WS 2021,Planting,8.06,27.03,23.72,34.26,82.83,98.25,20.27,Type I – Tropical Monsoon (PAGASA),Wet,Fine Sand / Sandy Loam,Moderately Sloping / Highland,90,—,709.80,49.00,180.00,229.00,,,,Transplanting (Pindot),Minimum Tillage (avoid compaction; sandy structure fragile),Continuous flooding or frequent irrigation; high percolation risk; terrace or bund-assisted water retention essential on slopes
Palay,Moreno,June,2021,WS 2021,Planting,8.06,27.03,23.72,34.26,82.83,98.25,20.27,Type I – Tropical Monsoon (PAGASA),Wet,Sandy Loam,Moderately Sloping / Highland,90,Alibeng River,641.76,47.40,116.60,164.00,,,,Transplanting (Pindot) or Direct Seeding (Pinaghandaan),Conventional Tillage: 2 plowings + 2 harrowings; soil workable when moist,Intermittent irrigation (Alternate Wetting and Drying — AWD); moderate retention; terrace or bund-assisted water retention essential on slopes
Palay,Cili,June,2021,WS 2021,Planting,8.06,27.03,23.72,34.26,82.83,98.25,20.27,Type I – Tropical Monsoon (PAGASA),Wet,Silty Clay Loam,Flat / Lowland,30,Alibeng River,264.60,40.00,128.00,168.00,,,,Transplanting (Pindot) — optimal for clay-loam paddy fields,Wet Tillage (Puddling): 2 plowings + thorough harrowing under flooded condition,Continuous flooding 2–5 cm depth during vegetative stage; drain 2 weeks before harvest
Palay,Linmansangan,June,2021,WS 2021,Planting,8.06,27.03,23.72,34.26,82.83,98.25,20.27,Type I – Tropical Monsoon (PAGASA),Wet,Silty Clay Loam,Flat / Lowland,30,—,492.24,65.50,129.00,194.50,,,,Transplanting (Pindot) — optimal for clay-loam paddy fields,Wet Tillage (Puddling): 2 plowings + thorough harrowing under flooded condition,Continuous flooding 2–5 cm depth during vegetative stage; drain 2 weeks before harvest
Palay,Sumabnit,June,2021,WS 2021,Planting,8.06,27.03,23.72,34.26,82.83,98.25,20.27,Type I – Tropical Monsoon (PAGASA),Wet,Silty Clay Loam / Fine Sandy Loam,Flat / Lowland,30,Tagamusing River,406.56,133.30,123.70,257.00,,,,Transplanting (Pindot),Minimum Tillage (avoid compaction; sandy structure fragile),Continuous flooding or frequent irrigation; high percolation risk
Palay,Capas,June,2021,WS 2021,Planting,8.06,27.03,23.72,34.26,82.83,98.25,20.27,Type I – Tropical Monsoon (PAGASA),Wet,Sandy Loam,Flat / Lowland,30,—,377.16,139.00,164.00,303.00,,,,Transplanting (Pindot) or Direct Seeding (Pinaghandaan),Conventional Tillage: 2 plowings + 2 harrowings; soil workable when moist,Intermittent irrigation (Alternate Wetting and Drying — AWD); moderate retention
Palay,Mangkasuy,June,2021,WS 2021,Planting,8.06,27.03,23.72,34.26,82.83,98.25,20.27,Type I – Tropical Monsoon (PAGASA),Wet,Sandy Loam,Flat / Lowland,30,Tagamusing River,802.20,90.00,262.00,352.00,,,,Transplanting (Pindot) or Direct Seeding (Pinaghandaan),Conventional Tillage: 2 plowings + 2 harrowings; soil workable when moist,Intermittent irrigation (Alternate Wetting and Drying — AWD); moderate retention
Palay,San Pablo,June,2021,WS 2021,Planting,8.06,27.03,23.72,34.26,82.83,98.25,20.27,Type I – Tropical Monsoon (PAGASA),Wet,Sandy Loam,Flat / Lowland,30,San Pablo Creek,215.04,103.50,30.50,134.00,,,,Transplanting (Pindot) or Direct Seeding (Pinaghandaan),Conventional Tillage: 2 plowings + 2 harrowings; soil workable when moist,Intermittent irrigation (Alternate Wetting and Drying — AWD); moderate retention
Palay,Balangobong,June,2021,WS 2021,Planting,8.06,27.03,23.72,34.26,82.83,98.25,20.27,Type I – Tropical Monsoon (PAGASA),Wet,Silty Clay Loam,Flat / Lowland,30,—,281.40,120.00,15.00,135.00,,,,Transplanting (Pindot) — optimal for clay-loam paddy fields,Wet Tillage (Puddling): 2 plowings + thorough harrowing under flooded condition,Continuous flooding 2–5 cm depth during vegetative stage; drain 2 weeks before harvest
Palay,San Felipe Central,June,2021,WS 2021,Planting,8.06,27.03,23.72,34.26,82.83,98.25,20.27,Type I – Tropical Monsoon (PAGASA),Wet,Sandy Loam,Flat / Lowland,30,—,452.76,117.00,62.00,179.00,,,,Transplanting (Pindot) or Direct Seeding (Pinaghandaan),Conventional Tillage: 2 plowings + 2 harrowings; soil workable when moist,Intermittent irrigation (Alternate Wetting and Drying — AWD); moderate retention
Palay,San Felipe Sur,June,2021,WS 2021,Planting,8.06,27.03,23.72,34.26,82.83,98.25,20.27,Type I – Tropical Monsoon (PAGASA),Wet,Sandy Loam,Flat / Lowland,30,Tagamusing River,504.00,127.50,50.50,178.00,,,,Transplanting (Pindot) or Direct Seeding (Pinaghandaan),Conventional Tillage: 2 plowings + 2 harrowings; soil workable when moist,Intermittent irrigation (Alternate Wetting and Drying — AWD); moderate retention
Palay,Pasileng Sur,June,2021,WS 2021,Planting,8.06,27.03,23.72,34.26,82.83,98.25,20.27,Type I – Tropical Monsoon (PAGASA),Wet,Sandy Loam,Flat / Lowland,30,Tagamusing River,414.96,150.90,29.10,180.00,,,,Transplanting (Pindot) or Direct Seeding (Pinaghandaan),Conventional Tillage: 2 plowings + 2 harrowings; soil workable when moist,Intermittent irrigation (Alternate Wetting and Drying — AWD); moderate retention
Palay,Sta. Maria Norte,June,2021,WS 2021,Planting,8.06,27.03,23.72,34.26,82.83,98.25,20.27,Type I – Tropical Monsoon (PAGASA),Wet,Sandy Loam,Flat / Lowland,30,Tagamusing River,157.08,24.50,43.50,68.00,,,,Transplanting (Pindot) or Direct Seeding (Pinaghandaan),Conventional Tillage: 2 plowings + 2 harrowings; soil workable when moist,Intermittent irrigation (Alternate Wetting and Drying — AWD); moderate retention
Palay,Bugayong,June,2021,WS 2021,Planting,8.06,27.03,23.72,34.26,82.83,98.25,20.27,Type I – Tropical Monsoon (PAGASA),Wet,Sandy Loam / Silty Clay Loam,Flat / Lowland,30,Aloragat River,346.08,25.95,52.05,78.00,,,,Transplanting (Pindot) — recommended; Direct Seeding possible in dry season,Conventional Tillage: 2 plowings + harrowing; puddle thoroughly for transplanting,Intermittent to continuous flooding; manage according to drainage section present
Palay,Santiago,June,2021,WS 2021,Planting,8.06,27.03,23.72,34.26,82.83,98.25,20.27,Type I – Tropical Monsoon (PAGASA),Wet,Silty Clay Loam,Flat / Lowland,30,—,283.08,103.60,145.40,249.00,,,,Transplanting (Pindot) — optimal for clay-loam paddy fields,Wet Tillage (Puddling): 2 plowings + thorough harrowing under flooded condition,Continuous flooding 2–5 cm depth during vegetative stage; drain 2 weeks before harvest
Palay,Pasileng Norte,October,2021,WS 2021,Harvest,10.89,26.20,20.65,31.79,85.65,98.22,16.96,Type I – Tropical Monsoon (PAGASA),Wet,Sandy Loam,Flat / Lowland,30,Tagamusing River,140.28,,,,18.07,92.89,5.14,Transplanting (Pindot) or Direct Seeding (Pinaghandaan),Conventional Tillage: 2 plowings + 2 harrowings; soil workable when moist,Intermittent irrigation (Alternate Wetting and Drying — AWD); moderate retention
Palay,Tabuyoc,October,2021,WS 2021,Harvest,10.89,26.20,20.65,31.79,85.65,98.22,16.96,Type I – Tropical Monsoon (PAGASA),Wet,Silty Clay Loam,Flat / Lowland,30,—,277.20,,,,16.06,5.84,0.36,Transplanting (Pindot) — optimal for clay-loam paddy fields,Wet Tillage (Puddling): 2 plowings + thorough harrowing under flooded condition,Continuous flooding 2–5 cm depth during vegetative stage; drain 2 weeks before harvest
Palay,Bued,October,2021,WS 2021,Harvest,10.89,26.20,20.65,31.79,85.65,98.22,16.96,Type I – Tropical Monsoon (PAGASA),Wet,Silty Clay Loam,Flat / Lowland,30,Tagamusing River,210.84,,,,73.30,157.91,2.15,Transplanting (Pindot) — optimal for clay-loam paddy fields,Wet Tillage (Puddling): 2 plowings + thorough harrowing under flooded condition,Continuous flooding 2–5 cm depth during vegetative stage; drain 2 weeks before harvest
Palay,Dumayat,October,2021,WS 2021,Harvest,10.89,26.20,20.65,31.79,85.65,98.22,16.96,Type I – Tropical Monsoon (PAGASA),Wet,Silty Clay Loam,Flat / Lowland,30,—,266.28,,,,70.11,8.00,0.11,Transplanting (Pindot) — optimal for clay-loam paddy fields,Wet Tillage (Puddling): 2 plowings + thorough harrowing under flooded condition,Continuous flooding 2–5 cm depth during vegetative stage; drain 2 weeks before harvest
Palay,Camanggaan,October,2021,WS 2021,Harvest,10.89,26.20,20.65,31.79,85.65,98.22,16.96,Type I – Tropical Monsoon (PAGASA),Wet,Sandy Loam,Flat / Lowland,30,—,244.44,,,,6.85,19.27,2.81,Transplanting (Pindot) or Direct Seeding (Pinaghandaan),Conventional Tillage: 2 plowings + 2 harrowings; soil workable when moist,Intermittent irrigation (Alternate Wetting and Drying — AWD); moderate retention
Palay,Vacante,October,2021,WS 2021,Harvest,10.89,26.20,20.65,31.79,85.65,98.22,16.96,Type I – Tropical Monsoon (PAGASA),Wet,Silty Clay Loam,Flat / Lowland,30,Aloragat River,484.68,,,,6.37,8.34,1.31,Transplanting (Pindot) — optimal for clay-loam paddy fields,Wet Tillage (Puddling): 2 plowings + thorough harrowing under flooded condition,Continuous flooding 2–5 cm depth during vegetative stage; drain 2 weeks before harvest
Palay,Sta. Catalina,October,2021,WS 2021,Harvest,10.89,26.20,20.65,31.79,85.65,98.22,16.96,Type I – Tropical Monsoon (PAGASA),Wet,Fine Sand / Sandy Loam,Moderately Sloping / Highland,90,—,709.80,,,,13.47,94.74,7.03,Transplanting (Pindot),Minimum Tillage (avoid compaction; sandy structure fragile),Continuous flooding or frequent irrigation; high percolation risk; terrace or bund-assisted water retention essential on slopes
Palay,Moreno,October,2021,WS 2021,Harvest,10.89,26.20,20.65,31.79,85.65,98.22,16.96,Type I – Tropical Monsoon (PAGASA),Wet,Sandy Loam,Moderately Sloping / Highland,90,Alibeng River,641.76,,,,45.72,126.27,2.76,Transplanting (Pindot) or Direct Seeding (Pinaghandaan),Conventional Tillage: 2 plowings + 2 harrowings; soil workable when moist,Intermittent irrigation (Alternate Wetting and Drying — AWD); moderate retention; terrace or bund-assisted water retention essential on slopes
Palay,Cili,October,2021,WS 2021,Harvest,10.89,26.20,20.65,31.79,85.65,98.22,16.96,Type I – Tropical Monsoon (PAGASA),Wet,Silty Clay Loam,Flat / Lowland,30,Alibeng River,264.60,,,,75.14,5.28,0.07,Transplanting (Pindot) — optimal for clay-loam paddy fields,Wet Tillage (Puddling): 2 plowings + thorough harrowing under flooded condition,Continuous flooding 2–5 cm depth during vegetative stage; drain 2 weeks before harvest
Palay,Linmansangan,October,2021,WS 2021,Harvest,10.89,26.20,20.65,31.79,85.65,98.22,16.96,Type I – Tropical Monsoon (PAGASA),Wet,Silty Clay Loam,Flat / Lowland,30,—,492.24,,,,88.77,157.93,1.78,Transplanting (Pindot) — optimal for clay-loam paddy fields,Wet Tillage (Puddling): 2 plowings + thorough harrowing under flooded condition,Continuous flooding 2–5 cm depth during vegetative stage; drain 2 weeks before harvest
Palay,Sumabnit,October,2021,WS 2021,Harvest,10.89,26.20,20.65,31.79,85.65,98.22,16.96,Type I – Tropical Monsoon (PAGASA),Wet,Silty Clay Loam / Fine Sandy Loam,Flat / Lowland,30,Tagamusing River,406.56,,,,17.44,79.06,4.53,Transplanting (Pindot),Minimum Tillage (avoid compaction; sandy structure fragile),Continuous flooding or frequent irrigation; high percolation risk
Palay,Capas,October,2021,WS 2021,Harvest,10.89,26.20,20.65,31.79,85.65,98.22,16.96,Type I – Tropical Monsoon (PAGASA),Wet,Sandy Loam,Flat / Lowland,30,—,377.16,,,,2.73,21.84,8.00,Transplanting (Pindot) or Direct Seeding (Pinaghandaan),Conventional Tillage: 2 plowings + 2 harrowings; soil workable when moist,Intermittent irrigation (Alternate Wetting and Drying — AWD); moderate retention
Palay,Mangkasuy,October,2021,WS 2021,Harvest,10.89,26.20,20.65,31.79,85.65,98.22,16.96,Type I – Tropical Monsoon (PAGASA),Wet,Sandy Loam,Flat / Lowland,30,Tagamusing River,802.20,,,,50.15,97.64,1.95,Transplanting (Pindot) or Direct Seeding (Pinaghandaan),Conventional Tillage: 2 plowings + 2 harrowings; soil workable when moist,Intermittent irrigation (Alternate Wetting and Drying — AWD); moderate retention
Palay,San Pablo,October,2021,WS 2021,Harvest,10.89,26.20,20.65,31.79,85.65,98.22,16.96,Type I – Tropical Monsoon (PAGASA),Wet,Sandy Loam,Flat / Lowland,30,San Pablo Creek,215.04,,,,32.37,79.22,2.45,Transplanting (Pindot) or Direct Seeding (Pinaghandaan),Conventional Tillage: 2 plowings + 2 harrowings; soil workable when moist,Intermittent irrigation (Alternate Wetting and Drying — AWD); moderate retention
Palay,Balangobong,October,2021,WS 2021,Harvest,10.89,26.20,20.65,31.79,85.65,98.22,16.96,Type I – Tropical Monsoon (PAGASA),Wet,Silty Clay Loam,Flat / Lowland,30,—,281.40,,,,97.12,307.78,3.17,Transplanting (Pindot) — optimal for clay-loam paddy fields,Wet Tillage (Puddling): 2 plowings + thorough harrowing under flooded condition,Continuous flooding 2–5 cm depth during vegetative stage; drain 2 weeks before harvest
Palay,San Felipe Central,October,2021,WS 2021,Harvest,10.89,26.20,20.65,31.79,85.65,98.22,16.96,Type I – Tropical Monsoon (PAGASA),Wet,Sandy Loam,Flat / Lowland,30,—,452.76,,,,20.12,5.51,0.27,Transplanting (Pindot) or Direct Seeding (Pinaghandaan),Conventional Tillage: 2 plowings + 2 harrowings; soil workable when moist,Intermittent irrigation (Alternate Wetting and Drying — AWD); moderate retention
Palay,San Felipe Sur,October,2021,WS 2021,Harvest,10.89,26.20,20.65,31.79,85.65,98.22,16.96,Type I – Tropical Monsoon (PAGASA),Wet,Sandy Loam,Flat / Lowland,30,Tagamusing River,504.00,,,,54.06,11.50,0.21,Transplanting (Pindot) or Direct Seeding (Pinaghandaan),Conventional Tillage: 2 plowings + 2 harrowings; soil workable when moist,Intermittent irrigation (Alternate Wetting and Drying — AWD); moderate retention
Palay,Pasileng Sur,October,2021,WS 2021,Harvest,10.89,26.20,20.65,31.79,85.65,98.22,16.96,Type I – Tropical Monsoon (PAGASA),Wet,Sandy Loam,Flat / Lowland,30,Tagamusing River,414.96,,,,17.25,4.94,0.29,Transplanting (Pindot) or Direct Seeding (Pinaghandaan),Conventional Tillage: 2 plowings + 2 harrowings; soil workable when moist,Intermittent irrigation (Alternate Wetting and Drying — AWD); moderate retention
Palay,Sta. Maria Norte,October,2021,WS 2021,Harvest,10.89,26.20,20.65,31.79,85.65,98.22,16.96,Type I – Tropical Monsoon (PAGASA),Wet,Sandy Loam,Flat / Lowland,30,Tagamusing River,157.08,,,,40.09,9.62,0.24,Transplanting (Pindot) or Direct Seeding (Pinaghandaan),Conventional Tillage: 2 plowings + 2 harrowings; soil workable when moist,Intermittent irrigation (Alternate Wetting and Drying — AWD); moderate retention
Palay,Bugayong,October,2021,WS 2021,Harvest,10.89,26.20,20.65,31.79,85.65,98.22,16.96,Type I – Tropical Monsoon (PAGASA),Wet,Sandy Loam / Silty Clay Loam,Flat / Lowland,30,Aloragat River,346.08,,,,24.91,76.68,3.08,Transplanting (Pindot) — recommended; Direct Seeding possible in dry season,Conventional Tillage: 2 plowings + harrowing; puddle thoroughly for transplanting,Intermittent to continuous flooding; manage according to drainage section present
Palay,Santiago,October,2021,WS 2021,Harvest,10.89,26.20,20.65,31.79,85.65,98.22,16.96,Type I – Tropical Monsoon (PAGASA),Wet,Silty Clay Loam,Flat / Lowland,30,—,283.08,,,,17.46,137.84,7.89,Transplanting (Pindot) — optimal for clay-loam paddy fields,Wet Tillage (Puddling): 2 plowings + thorough harrowing under flooded condition,Continuous flooding 2–5 cm depth during vegetative stage; drain 2 weeks before harvest
Palay,Pasileng Norte,June,2022,WS 2022,Planting,8.01,27.14,23.01,32.47,82.48,98.20,20.55,Type I – Tropical Monsoon (PAGASA),Wet,Sandy Loam,Flat / Lowland,30,Tagamusing River,140.28,78.35,2.65,81.00,,,,Transplanting (Pindot) or Direct Seeding (Pinaghandaan),Conventional Tillage: 2 plowings + 2 harrowings; soil workable when moist,Intermittent irrigation (Alternate Wetting and Drying — AWD); moderate retention
Palay,Tabuyoc,June,2022,WS 2022,Planting,8.01,27.14,23.01,32.47,82.48,98.20,20.55,Type I – Tropical Monsoon (PAGASA),Wet,Silty Clay Loam,Flat / Lowland,30,—,277.20,134.00,5.00,139.00,,,,Transplanting (Pindot) — optimal for clay-loam paddy fields,Wet Tillage (Puddling): 2 plowings + thorough harrowing under flooded condition,Continuous flooding 2–5 cm depth during vegetative stage; drain 2 weeks before harvest
Palay,Bued,June,2022,WS 2022,Planting,8.01,27.14,23.01,32.47,82.48,98.20,20.55,Type I – Tropical Monsoon (PAGASA),Wet,Silty Clay Loam,Flat / Lowland,30,Tagamusing River,210.84,56.50,37.50,94.00,,,,Transplanting (Pindot) — optimal for clay-loam paddy fields,Wet Tillage (Puddling): 2 plowings + thorough harrowing under flooded condition,Continuous flooding 2–5 cm depth during vegetative stage; drain 2 weeks before harvest
Palay,Dumayat,June,2022,WS 2022,Planting,8.01,27.14,23.01,32.47,82.48,98.20,20.55,Type I – Tropical Monsoon (PAGASA),Wet,Silty Clay Loam,Flat / Lowland,30,—,266.28,56.00,30.00,86.00,,,,Transplanting (Pindot) — optimal for clay-loam paddy fields,Wet Tillage (Puddling): 2 plowings + thorough harrowing under flooded condition,Continuous flooding 2–5 cm depth during vegetative stage; drain 2 weeks before harvest
Palay,Camanggaan,June,2022,WS 2022,Planting,8.01,27.14,23.01,32.47,82.48,98.20,20.55,Type I – Tropical Monsoon (PAGASA),Wet,Sandy Loam,Flat / Lowland,30,—,244.44,19.00,68.00,87.00,,,,Transplanting (Pindot) or Direct Seeding (Pinaghandaan),Conventional Tillage: 2 plowings + 2 harrowings; soil workable when moist,Intermittent irrigation (Alternate Wetting and Drying — AWD); moderate retention
Palay,Vacante,June,2022,WS 2022,Planting,8.01,27.14,23.01,32.47,82.48,98.20,20.55,Type I – Tropical Monsoon (PAGASA),Wet,Silty Clay Loam,Flat / Lowland,30,Aloragat River,484.68,28.00,81.00,109.00,,,,Transplanting (Pindot) — optimal for clay-loam paddy fields,Wet Tillage (Puddling): 2 plowings + thorough harrowing under flooded condition,Continuous flooding 2–5 cm depth during vegetative stage; drain 2 weeks before harvest
Palay,Sta. Catalina,June,2022,WS 2022,Planting,8.01,27.14,23.01,32.47,82.48,98.20,20.55,Type I – Tropical Monsoon (PAGASA),Wet,Fine Sand / Sandy Loam,Moderately Sloping / Highland,90,—,709.80,49.00,180.00,229.00,,,,Transplanting (Pindot),Minimum Tillage (avoid compaction; sandy structure fragile),Continuous flooding or frequent irrigation; high percolation risk; terrace or bund-assisted water retention essential on slopes
Palay,Moreno,June,2022,WS 2022,Planting,8.01,27.14,23.01,32.47,82.48,98.20,20.55,Type I – Tropical Monsoon (PAGASA),Wet,Sandy Loam,Moderately Sloping / Highland,90,Alibeng River,641.76,47.40,116.60,164.00,,,,Transplanting (Pindot) or Direct Seeding (Pinaghandaan),Conventional Tillage: 2 plowings + 2 harrowings; soil workable when moist,Intermittent irrigation (Alternate Wetting and Drying — AWD); moderate retention; terrace or bund-assisted water retention essential on slopes
Palay,Cili,June,2022,WS 2022,Planting,8.01,27.14,23.01,32.47,82.48,98.20,20.55,Type I – Tropical Monsoon (PAGASA),Wet,Silty Clay Loam,Flat / Lowland,30,Alibeng River,264.60,40.00,128.00,168.00,,,,Transplanting (Pindot) — optimal for clay-loam paddy fields,Wet Tillage (Puddling): 2 plowings + thorough harrowing under flooded condition,Continuous flooding 2–5 cm depth during vegetative stage; drain 2 weeks before harvest
Palay,Linmansangan,June,2022,WS 2022,Planting,8.01,27.14,23.01,32.47,82.48,98.20,20.55,Type I – Tropical Monsoon (PAGASA),Wet,Silty Clay Loam,Flat / Lowland,30,—,492.24,65.50,129.00,194.50,,,,Transplanting (Pindot) — optimal for clay-loam paddy fields,Wet Tillage (Puddling): 2 plowings + thorough harrowing under flooded condition,Continuous flooding 2–5 cm depth during vegetative stage; drain 2 weeks before harvest
Palay,Sumabnit,June,2022,WS 2022,Planting,8.01,27.14,23.01,32.47,82.48,98.20,20.55,Type I – Tropical Monsoon (PAGASA),Wet,Silty Clay Loam / Fine Sandy Loam,Flat / Lowland,30,Tagamusing River,406.56,133.30,123.70,257.00,,,,Transplanting (Pindot),Minimum Tillage (avoid compaction; sandy structure fragile),Continuous flooding or frequent irrigation; high percolation risk
Palay,Capas,June,2022,WS 2022,Planting,8.01,27.14,23.01,32.47,82.48,98.20,20.55,Type I – Tropical Monsoon (PAGASA),Wet,Sandy Loam,Flat / Lowland,30,—,377.16,139.00,164.00,303.00,,,,Transplanting (Pindot) or Direct Seeding (Pinaghandaan),Conventional Tillage: 2 plowings + 2 harrowings; soil workable when moist,Intermittent irrigation (Alternate Wetting and Drying — AWD); moderate retention
Palay,Mangkasuy,June,2022,WS 2022,Planting,8.01,27.14,23.01,32.47,82.48,98.20,20.55,Type I – Tropical Monsoon (PAGASA),Wet,Sandy Loam,Flat / Lowland,30,Tagamusing River,802.20,90.00,262.00,352.00,,,,Transplanting (Pindot) or Direct Seeding (Pinaghandaan),Conventional Tillage: 2 plowings + 2 harrowings; soil workable when moist,Intermittent irrigation (Alternate Wetting and Drying — AWD); moderate retention
Palay,San Pablo,June,2022,WS 2022,Planting,8.01,27.14,23.01,32.47,82.48,98.20,20.55,Type I – Tropical Monsoon (PAGASA),Wet,Sandy Loam,Flat / Lowland,30,San Pablo Creek,215.04,103.50,30.50,134.00,,,,Transplanting (Pindot) or Direct Seeding (Pinaghandaan),Conventional Tillage: 2 plowings + 2 harrowings; soil workable when moist,Intermittent irrigation (Alternate Wetting and Drying — AWD); moderate retention
Palay,Balangobong,June,2022,WS 2022,Planting,8.01,27.14,23.01,32.47,82.48,98.20,20.55,Type I – Tropical Monsoon (PAGASA),Wet,Silty Clay Loam,Flat / Lowland,30,—,281.40,120.00,15.00,135.00,,,,Transplanting (Pindot) — optimal for clay-loam paddy fields,Wet Tillage (Puddling): 2 plowings + thorough harrowing under flooded condition,Continuous flooding 2–5 cm depth during vegetative stage; drain 2 weeks before harvest
Palay,San Felipe Central,June,2022,WS 2022,Planting,8.01,27.14,23.01,32.47,82.48,98.20,20.55,Type I – Tropical Monsoon (PAGASA),Wet,Sandy Loam,Flat / Lowland,30,—,452.76,117.00,62.00,179.00,,,,Transplanting (Pindot) or Direct Seeding (Pinaghandaan),Conventional Tillage: 2 plowings + 2 harrowings; soil workable when moist,Intermittent irrigation (Alternate Wetting and Drying — AWD); moderate retention
Palay,San Felipe Sur,June,2022,WS 2022,Planting,8.01,27.14,23.01,32.47,82.48,98.20,20.55,Type I – Tropical Monsoon (PAGASA),Wet,Sandy Loam,Flat / Lowland,30,Tagamusing River,504.00,127.50,50.50,178.00,,,,Transplanting (Pindot) or Direct Seeding (Pinaghandaan),Conventional Tillage: 2 plowings + 2 harrowings; soil workable when moist,Intermittent irrigation (Alternate Wetting and Drying — AWD); moderate retention
Palay,Pasileng Sur,June,2022,WS 2022,Planting,8.01,27.14,23.01,32.47,82.48,98.20,20.55,Type I – Tropical Monsoon (PAGASA),Wet,Sandy Loam,Flat / Lowland,30,Tagamusing River,414.96,150.90,29.10,180.00,,,,Transplanting (Pindot) or Direct Seeding (Pinaghandaan),Conventional Tillage: 2 plowings + 2 harrowings; soil workable when moist,Intermittent irrigation (Alternate Wetting and Drying — AWD); moderate retention
Palay,Sta. Maria Norte,June,2022,WS 2022,Planting,8.01,27.14,23.01,32.47,82.48,98.20,20.55,Type I – Tropical Monsoon (PAGASA),Wet,Sandy Loam,Flat / Lowland,30,Tagamusing River,157.08,24.50,43.50,68.00,,,,Transplanting (Pindot) or Direct Seeding (Pinaghandaan),Conventional Tillage: 2 plowings + 2 harrowings; soil workable when moist,Intermittent irrigation (Alternate Wetting and Drying — AWD); moderate retention
Palay,Bugayong,June,2022,WS 2022,Planting,8.01,27.14,23.01,32.47,82.48,98.20,20.55,Type I – Tropical Monsoon (PAGASA),Wet,Sandy Loam / Silty Clay Loam,Flat / Lowland,30,Aloragat River,346.08,25.95,52.05,78.00,,,,Transplanting (Pindot) — recommended; Direct Seeding possible in dry season,Conventional Tillage: 2 plowings + harrowing; puddle thoroughly for transplanting,Intermittent to continuous flooding; manage according to drainage section present
Palay,Santiago,June,2022,WS 2022,Planting,8.01,27.14,23.01,32.47,82.48,98.20,20.55,Type I – Tropical Monsoon (PAGASA),Wet,Silty Clay Loam,Flat / Lowland,30,—,283.08,103.60,145.40,249.00,,,,Transplanting (Pindot) — optimal for clay-loam paddy fields,Wet Tillage (Puddling): 2 plowings + thorough harrowing under flooded condition,Continuous flooding 2–5 cm depth during vegetative stage; drain 2 weeks before harvest
Palay,Pasileng Norte,October,2022,WS 2022,Harvest,13.41,26.64,21.81,31.98,85.39,98.10,16.36,Type I – Tropical Monsoon (PAGASA),Wet,Sandy Loam,Flat / Lowland,30,Tagamusing River,140.28,,,,68.01,0.00,0.00,Transplanting (Pindot) or Direct Seeding (Pinaghandaan),Conventional Tillage: 2 plowings + 2 harrowings; soil workable when moist,Intermittent irrigation (Alternate Wetting and Drying — AWD); moderate retention
Palay,Tabuyoc,October,2022,WS 2022,Harvest,13.41,26.64,21.81,31.98,85.39,98.10,16.36,Type I – Tropical Monsoon (PAGASA),Wet,Silty Clay Loam,Flat / Lowland,30,—,277.20,,,,3.64,0.00,0.00,Transplanting (Pindot) — optimal for clay-loam paddy fields,Wet Tillage (Puddling): 2 plowings + thorough harrowing under flooded condition,Continuous flooding 2–5 cm depth during vegetative stage; drain 2 weeks before harvest
Palay,Bued,October,2022,WS 2022,Harvest,13.41,26.64,21.81,31.98,85.39,98.10,16.36,Type I – Tropical Monsoon (PAGASA),Wet,Silty Clay Loam,Flat / Lowland,30,Tagamusing River,210.84,,,,103.25,0.00,0.00,Transplanting (Pindot) — optimal for clay-loam paddy fields,Wet Tillage (Puddling): 2 plowings + thorough harrowing under flooded condition,Continuous flooding 2–5 cm depth during vegetative stage; drain 2 weeks before harvest
Palay,Dumayat,October,2022,WS 2022,Harvest,13.41,26.64,21.81,31.98,85.39,98.10,16.36,Type I – Tropical Monsoon (PAGASA),Wet,Silty Clay Loam,Flat / Lowland,30,—,266.28,,,,90.31,0.00,0.00,Transplanting (Pindot) — optimal for clay-loam paddy fields,Wet Tillage (Puddling): 2 plowings + thorough harrowing under flooded condition,Continuous flooding 2–5 cm depth during vegetative stage; drain 2 weeks before harvest
Palay,Camanggaan,October,2022,WS 2022,Harvest,13.41,26.64,21.81,31.98,85.39,98.10,16.36,Type I – Tropical Monsoon (PAGASA),Wet,Sandy Loam,Flat / Lowland,30,—,244.44,,,,4.62,0.00,0.00,Transplanting (Pindot) or Direct Seeding (Pinaghandaan),Conventional Tillage: 2 plowings + 2 harrowings; soil workable when moist,Intermittent irrigation (Alternate Wetting and Drying — AWD); moderate retention
Palay,Vacante,October,2022,WS 2022,Harvest,13.41,26.64,21.81,31.98,85.39,98.10,16.36,Type I – Tropical Monsoon (PAGASA),Wet,Silty Clay Loam,Flat / Lowland,30,Aloragat River,484.68,,,,29.89,0.00,0.00,Transplanting (Pindot) — optimal for clay-loam paddy fields,Wet Tillage (Puddling): 2 plowings + thorough harrowing under flooded condition,Continuous flooding 2–5 cm depth during vegetative stage; drain 2 weeks before harvest
Palay,Sta. Catalina,October,2022,WS 2022,Harvest,13.41,26.64,21.81,31.98,85.39,98.10,16.36,Type I – Tropical Monsoon (PAGASA),Wet,Fine Sand / Sandy Loam,Moderately Sloping / Highland,90,—,709.80,,,,4.50,0.00,0.00,Transplanting (Pindot),Minimum Tillage (avoid compaction; sandy structure fragile),Continuous flooding or frequent irrigation; high percolation risk; terrace or bund-assisted water retention essential on slopes
Palay,Moreno,October,2022,WS 2022,Harvest,13.41,26.64,21.81,31.98,85.39,98.10,16.36,Type I – Tropical Monsoon (PAGASA),Wet,Sandy Loam,Moderately Sloping / Highland,90,Alibeng River,641.76,,,,72.02,0.00,0.00,Transplanting (Pindot) or Direct Seeding (Pinaghandaan),Conventional Tillage: 2 plowings + 2 harrowings; soil workable when moist,Intermittent irrigation (Alternate Wetting and Drying — AWD); moderate retention; terrace or bund-assisted water retention essential on slopes
Palay,Cili,October,2022,WS 2022,Harvest,13.41,26.64,21.81,31.98,85.39,98.10,16.36,Type I – Tropical Monsoon (PAGASA),Wet,Silty Clay Loam,Flat / Lowland,30,Alibeng River,264.60,,,,103.25,0.00,0.00,Transplanting (Pindot) — optimal for clay-loam paddy fields,Wet Tillage (Puddling): 2 plowings + thorough harrowing under flooded condition,Continuous flooding 2–5 cm depth during vegetative stage; drain 2 weeks before harvest
Palay,Linmansangan,October,2022,WS 2022,Harvest,13.41,26.64,21.81,31.98,85.39,98.10,16.36,Type I – Tropical Monsoon (PAGASA),Wet,Silty Clay Loam,Flat / Lowland,30,—,492.24,,,,94.20,0.00,0.00,Transplanting (Pindot) — optimal for clay-loam paddy fields,Wet Tillage (Puddling): 2 plowings + thorough harrowing under flooded condition,Continuous flooding 2–5 cm depth during vegetative stage; drain 2 weeks before harvest
Palay,Sumabnit,October,2022,WS 2022,Harvest,13.41,26.64,21.81,31.98,85.39,98.10,16.36,Type I – Tropical Monsoon (PAGASA),Wet,Silty Clay Loam / Fine Sandy Loam,Flat / Lowland,30,Tagamusing River,406.56,,,,61.91,0.00,0.00,Transplanting (Pindot),Minimum Tillage (avoid compaction; sandy structure fragile),Continuous flooding or frequent irrigation; high percolation risk
Palay,Capas,October,2022,WS 2022,Harvest,13.41,26.64,21.81,31.98,85.39,98.10,16.36,Type I – Tropical Monsoon (PAGASA),Wet,Sandy Loam,Flat / Lowland,30,—,377.16,,,,4.87,0.00,0.00,Transplanting (Pindot) or Direct Seeding (Pinaghandaan),Conventional Tillage: 2 plowings + 2 harrowings; soil workable when moist,Intermittent irrigation (Alternate Wetting and Drying — AWD); moderate retention
Palay,Mangkasuy,October,2022,WS 2022,Harvest,13.41,26.64,21.81,31.98,85.39,98.10,16.36,Type I – Tropical Monsoon (PAGASA),Wet,Sandy Loam,Flat / Lowland,30,Tagamusing River,802.20,,,,74.68,0.00,0.00,Transplanting (Pindot) or Direct Seeding (Pinaghandaan),Conventional Tillage: 2 plowings + 2 harrowings; soil workable when moist,Intermittent irrigation (Alternate Wetting and Drying — AWD); moderate retention
Palay,San Pablo,October,2022,WS 2022,Harvest,13.41,26.64,21.81,31.98,85.39,98.10,16.36,Type I – Tropical Monsoon (PAGASA),Wet,Sandy Loam,Flat / Lowland,30,San Pablo Creek,215.04,,,,74.72,0.00,0.00,Transplanting (Pindot) or Direct Seeding (Pinaghandaan),Conventional Tillage: 2 plowings + 2 harrowings; soil workable when moist,Intermittent irrigation (Alternate Wetting and Drying — AWD); moderate retention
Palay,Balangobong,October,2022,WS 2022,Harvest,13.41,26.64,21.81,31.98,85.39,98.10,16.36,Type I – Tropical Monsoon (PAGASA),Wet,Silty Clay Loam,Flat / Lowland,30,—,281.40,,,,103.25,0.00,0.00,Transplanting (Pindot) — optimal for clay-loam paddy fields,Wet Tillage (Puddling): 2 plowings + thorough harrowing under flooded condition,Continuous flooding 2–5 cm depth during vegetative stage; drain 2 weeks before harvest
Palay,San Felipe Central,October,2022,WS 2022,Harvest,13.41,26.64,21.81,31.98,85.39,98.10,16.36,Type I – Tropical Monsoon (PAGASA),Wet,Sandy Loam,Flat / Lowland,30,—,452.76,,,,103.25,0.00,0.00,Transplanting (Pindot) or Direct Seeding (Pinaghandaan),Conventional Tillage: 2 plowings + 2 harrowings; soil workable when moist,Intermittent irrigation (Alternate Wetting and Drying — AWD); moderate retention
Palay,San Felipe Sur,October,2022,WS 2022,Harvest,13.41,26.64,21.81,31.98,85.39,98.10,16.36,Type I – Tropical Monsoon (PAGASA),Wet,Sandy Loam,Flat / Lowland,30,Tagamusing River,504.00,,,,92.21,0.00,0.00,Transplanting (Pindot) or Direct Seeding (Pinaghandaan),Conventional Tillage: 2 plowings + 2 harrowings; soil workable when moist,Intermittent irrigation (Alternate Wetting and Drying — AWD); moderate retention
Palay,Pasileng Sur,October,2022,WS 2022,Harvest,13.41,26.64,21.81,31.98,85.39,98.10,16.36,Type I – Tropical Monsoon (PAGASA),Wet,Sandy Loam,Flat / Lowland,30,Tagamusing River,414.96,,,,89.52,0.00,0.00,Transplanting (Pindot) or Direct Seeding (Pinaghandaan),Conventional Tillage: 2 plowings + 2 harrowings; soil workable when moist,Intermittent irrigation (Alternate Wetting and Drying — AWD); moderate retention
Palay,Sta. Maria Norte,October,2022,WS 2022,Harvest,13.41,26.64,21.81,31.98,85.39,98.10,16.36,Type I – Tropical Monsoon (PAGASA),Wet,Sandy Loam,Flat / Lowland,30,Tagamusing River,157.08,,,,41.40,0.00,0.00,Transplanting (Pindot) or Direct Seeding (Pinaghandaan),Conventional Tillage: 2 plowings + 2 harrowings; soil workable when moist,Intermittent irrigation (Alternate Wetting and Drying — AWD); moderate retention
Palay,Bugayong,October,2022,WS 2022,Harvest,13.41,26.64,21.81,31.98,85.39,98.10,16.36,Type I – Tropical Monsoon (PAGASA),Wet,Sandy Loam / Silty Clay Loam,Flat / Lowland,30,Aloragat River,346.08,,,,20.34,0.00,0.00,Transplanting (Pindot) — recommended; Direct Seeding possible in dry season,Conventional Tillage: 2 plowings + harrowing; puddle thoroughly for transplanting,Intermittent to continuous flooding; manage according to drainage section present
Palay,Santiago,October,2022,WS 2022,Harvest,13.41,26.64,21.81,31.98,85.39,98.10,16.36,Type I – Tropical Monsoon (PAGASA),Wet,Silty Clay Loam,Flat / Lowland,30,—,283.08,,,,38.30,0.00,0.00,Transplanting (Pindot) — optimal for clay-loam paddy fields,Wet Tillage (Puddling): 2 plowings + thorough harrowing under flooded condition,Continuous flooding 2–5 cm depth during vegetative stage; drain 2 weeks before harvest
Corn,Pasileng Norte,November,2020,DS 2020-2021,Planting,8.73,25.81,19.74,31.57,84.84,98.32,15.39,Type I – Tropical Monsoon (PAGASA),Dry (Cool),Sandy Loam,Flat / Lowland,30,Tagamusing River,140.28,,,35.80,,,,Direct Seeding (Hill Planting / Furrow Method),Conventional Tillage: 1 deep plow (20–25 cm) + 1 harrowing; good tilth easily achieved,Furrow or sprinkler irrigation; AWD or weekly irrigation; good drainage natural
Corn,Pasileng Norte,March,2021,DS 2020-2021,Harvest,2.28,26.34,18.92,34.30,78.14,98.46,21.32,Type I – Tropical Monsoon (PAGASA),Dry (Hot),Sandy Loam,Flat / Lowland,30,Tagamusing River,140.28,,,,35.80,293.90,8.21,Direct Seeding (Hill Planting / Furrow Method),Conventional Tillage: 1 deep plow (20–25 cm) + 1 harrowing; good tilth easily achieved,Furrow or sprinkler irrigation; AWD or weekly irrigation; good drainage natural
Corn,Tabuyoc,November,2020,DS 2020-2021,Planting,8.73,25.81,19.74,31.57,84.84,98.32,15.39,Type I – Tropical Monsoon (PAGASA),Dry (Cool),Silty Clay Loam,Flat / Lowland,30,—,277.20,,,55.45,,,,Direct Seeding (Furrow Method on Raised Beds),Deep Tillage (25 cm): 1–2 plowings; form raised beds 20–25 cm high to prevent waterlogging,Furrow irrigation only (not flood); ensure bed drainage; drain excess after rain
Corn,Tabuyoc,March,2021,DS 2020-2021,Harvest,2.28,26.34,18.92,34.30,78.14,98.46,21.32,Type I – Tropical Monsoon (PAGASA),Dry (Hot),Silty Clay Loam,Flat / Lowland,30,—,277.20,,,,55.45,455.12,8.21,Direct Seeding (Furrow Method on Raised Beds),Deep Tillage (25 cm): 1–2 plowings; form raised beds 20–25 cm high to prevent waterlogging,Furrow irrigation only (not flood); ensure bed drainage; drain excess after rain
Corn,Bued,November,2020,DS 2020-2021,Planting,8.73,25.81,19.74,31.57,84.84,98.32,15.39,Type I – Tropical Monsoon (PAGASA),Dry (Cool),Silty Clay Loam,Flat / Lowland,30,Tagamusing River,210.84,,,41.88,,,,Direct Seeding (Furrow Method on Raised Beds),Deep Tillage (25 cm): 1–2 plowings; form raised beds 20–25 cm high to prevent waterlogging,Furrow irrigation only (not flood); ensure bed drainage; drain excess after rain
Corn,Bued,March,2021,DS 2020-2021,Harvest,2.28,26.34,18.92,34.30,78.14,98.46,21.32,Type I – Tropical Monsoon (PAGASA),Dry (Hot),Silty Clay Loam,Flat / Lowland,30,Tagamusing River,210.84,,,,41.88,343.79,8.21,Direct Seeding (Furrow Method on Raised Beds),Deep Tillage (25 cm): 1–2 plowings; form raised beds 20–25 cm high to prevent waterlogging,Furrow irrigation only (not flood); ensure bed drainage; drain excess after rain
Corn,Dumayat,November,2020,DS 2020-2021,Planting,8.73,25.81,19.74,31.57,84.84,98.32,15.39,Type I – Tropical Monsoon (PAGASA),Dry (Cool),Silty Clay Loam,Flat / Lowland,30,—,266.28,,,32.69,,,,Direct Seeding (Furrow Method on Raised Beds),Deep Tillage (25 cm): 1–2 plowings; form raised beds 20–25 cm high to prevent waterlogging,Furrow irrigation only (not flood); ensure bed drainage; drain excess after rain
Corn,Dumayat,March,2021,DS 2020-2021,Harvest,2.28,26.34,18.92,34.30,78.14,98.46,21.32,Type I – Tropical Monsoon (PAGASA),Dry (Hot),Silty Clay Loam,Flat / Lowland,30,—,266.28,,,,32.69,268.36,8.21,Direct Seeding (Furrow Method on Raised Beds),Deep Tillage (25 cm): 1–2 plowings; form raised beds 20–25 cm high to prevent waterlogging,Furrow irrigation only (not flood); ensure bed drainage; drain excess after rain
Corn,Camanggaan,November,2020,DS 2020-2021,Planting,8.73,25.81,19.74,31.57,84.84,98.32,15.39,Type I – Tropical Monsoon (PAGASA),Dry (Cool),Sandy Loam,Flat / Lowland,30,—,244.44,,,24.20,,,,Direct Seeding (Hill Planting / Furrow Method),Conventional Tillage: 1 deep plow (20–25 cm) + 1 harrowing; good tilth easily achieved,Furrow or sprinkler irrigation; AWD or weekly irrigation; good drainage natural
Corn,Camanggaan,March,2021,DS 2020-2021,Harvest,2.28,26.34,18.92,34.30,78.14,98.46,21.32,Type I – Tropical Monsoon (PAGASA),Dry (Hot),Sandy Loam,Flat / Lowland,30,—,244.44,,,,24.20,198.64,8.21,Direct Seeding (Hill Planting / Furrow Method),Conventional Tillage: 1 deep plow (20–25 cm) + 1 harrowing; good tilth easily achieved,Furrow or sprinkler irrigation; AWD or weekly irrigation; good drainage natural
Corn,Vacante,November,2020,DS 2020-2021,Planting,8.73,25.81,19.74,31.57,84.84,98.32,15.39,Type I – Tropical Monsoon (PAGASA),Dry (Cool),Silty Clay Loam,Flat / Lowland,30,Aloragat River,484.68,,,46.69,,,,Direct Seeding (Furrow Method on Raised Beds),Deep Tillage (25 cm): 1–2 plowings; form raised beds 20–25 cm high to prevent waterlogging,Furrow irrigation only (not flood); ensure bed drainage; drain excess after rain
Corn,Vacante,March,2021,DS 2020-2021,Harvest,2.28,26.34,18.92,34.30,78.14,98.46,21.32,Type I – Tropical Monsoon (PAGASA),Dry (Hot),Silty Clay Loam,Flat / Lowland,30,Aloragat River,484.68,,,,46.69,383.22,8.21,Direct Seeding (Furrow Method on Raised Beds),Deep Tillage (25 cm): 1–2 plowings; form raised beds 20–25 cm high to prevent waterlogging,Furrow irrigation only (not flood); ensure bed drainage; drain excess after rain
Corn,Sta. Catalina,November,2020,DS 2020-2021,Planting,8.73,25.81,19.74,31.57,84.84,98.32,15.39,Type I – Tropical Monsoon (PAGASA),Dry (Cool),Fine Sand / Sandy Loam,Moderately Sloping / Highland,90,—,709.80,,,79.44,,,,Direct Seeding (Hills or Furrow Method),Minimum Tillage; deep ripping to break hardpan; avoid over-disturbance,Furrow irrigation; frequent light watering; mulch to retain soil moisture
Corn,Sta. Catalina,March,2021,DS 2020-2021,Harvest,2.28,26.34,18.92,34.30,78.14,98.46,21.32,Type I – Tropical Monsoon (PAGASA),Dry (Hot),Fine Sand / Sandy Loam,Moderately Sloping / Highland,90,—,709.80,,,,79.44,652.05,8.21,Direct Seeding (Hills or Furrow Method),Minimum Tillage; deep ripping to break hardpan; avoid over-disturbance,Furrow irrigation; frequent light watering; mulch to retain soil moisture
Corn,Moreno,November,2020,DS 2020-2021,Planting,8.73,25.81,19.74,31.57,84.84,98.32,15.39,Type I – Tropical Monsoon (PAGASA),Dry (Cool),Sandy Loam,Moderately Sloping / Highland,90,Alibeng River,641.76,,,56.91,,,,Direct Seeding (Hill Planting / Furrow Method),Conventional Tillage: 1 deep plow (20–25 cm) + 1 harrowing; good tilth easily achieved,Furrow or sprinkler irrigation; AWD or weekly irrigation; good drainage natural
Corn,Moreno,March,2021,DS 2020-2021,Harvest,2.28,26.34,18.92,34.30,78.14,98.46,21.32,Type I – Tropical Monsoon (PAGASA),Dry (Hot),Sandy Loam,Moderately Sloping / Highland,90,Alibeng River,641.76,,,,56.91,467.12,8.21,Direct Seeding (Hill Planting / Furrow Method),Conventional Tillage: 1 deep plow (20–25 cm) + 1 harrowing; good tilth easily achieved,Furrow or sprinkler irrigation; AWD or weekly irrigation; good drainage natural
Corn,Cili,November,2020,DS 2020-2021,Planting,8.73,25.81,19.74,31.57,84.84,98.32,15.39,Type I – Tropical Monsoon (PAGASA),Dry (Cool),Silty Clay Loam,Flat / Lowland,30,Alibeng River,264.60,,,53.13,,,,Direct Seeding (Furrow Method on Raised Beds),Deep Tillage (25 cm): 1–2 plowings; form raised beds 20–25 cm high to prevent waterlogging,Furrow irrigation only (not flood); ensure bed drainage; drain excess after rain
Corn,Cili,March,2021,DS 2020-2021,Harvest,2.28,26.34,18.92,34.30,78.14,98.46,21.32,Type I – Tropical Monsoon (PAGASA),Dry (Hot),Silty Clay Loam,Flat / Lowland,30,Alibeng River,264.60,,,,53.13,436.13,8.21,Direct Seeding (Furrow Method on Raised Beds),Deep Tillage (25 cm): 1–2 plowings; form raised beds 20–25 cm high to prevent waterlogging,Furrow irrigation only (not flood); ensure bed drainage; drain excess after rain
Corn,Linmansangan,November,2020,DS 2020-2021,Planting,8.73,25.81,19.74,31.57,84.84,98.32,15.39,Type I – Tropical Monsoon (PAGASA),Dry (Cool),Silty Clay Loam,Flat / Lowland,30,—,492.24,,,79.80,,,,Direct Seeding (Furrow Method on Raised Beds),Deep Tillage (25 cm): 1–2 plowings; form raised beds 20–25 cm high to prevent waterlogging,Furrow irrigation only (not flood); ensure bed drainage; drain excess after rain
Corn,Linmansangan,March,2021,DS 2020-2021,Harvest,2.28,26.34,18.92,34.30,78.14,98.46,21.32,Type I – Tropical Monsoon (PAGASA),Dry (Hot),Silty Clay Loam,Flat / Lowland,30,—,492.24,,,,79.80,655.03,8.21,Direct Seeding (Furrow Method on Raised Beds),Deep Tillage (25 cm): 1–2 plowings; form raised beds 20–25 cm high to prevent waterlogging,Furrow irrigation only (not flood); ensure bed drainage; drain excess after rain
Corn,Sumabnit,November,2020,DS 2020-2021,Planting,8.73,25.81,19.74,31.57,84.84,98.32,15.39,Type I – Tropical Monsoon (PAGASA),Dry (Cool),Silty Clay Loam / Fine Sandy Loam,Flat / Lowland,30,Tagamusing River,406.56,,,71.85,,,,Direct Seeding (Hills or Furrow Method),Minimum Tillage; deep ripping to break hardpan; avoid over-disturbance,Furrow irrigation; frequent light watering; mulch to retain soil moisture
Corn,Sumabnit,March,2021,DS 2020-2021,Harvest,2.28,26.34,18.92,34.30,78.14,98.46,21.32,Type I – Tropical Monsoon (PAGASA),Dry (Hot),Silty Clay Loam / Fine Sandy Loam,Flat / Lowland,30,Tagamusing River,406.56,,,,71.85,589.81,8.21,Direct Seeding (Hills or Furrow Method),Minimum Tillage; deep ripping to break hardpan; avoid over-disturbance,Furrow irrigation; frequent light watering; mulch to retain soil moisture
Corn,Capas,November,2020,DS 2020-2021,Planting,8.73,25.81,19.74,31.57,84.84,98.32,15.39,Type I – Tropical Monsoon (PAGASA),Dry (Cool),Sandy Loam,Flat / Lowland,30,—,377.16,,,101.05,,,,Direct Seeding (Hill Planting / Furrow Method),Conventional Tillage: 1 deep plow (20–25 cm) + 1 harrowing; good tilth easily achieved,Furrow or sprinkler irrigation; AWD or weekly irrigation; good drainage natural
Corn,Capas,March,2021,DS 2020-2021,Harvest,2.28,26.34,18.92,34.30,78.14,98.46,21.32,Type I – Tropical Monsoon (PAGASA),Dry (Hot),Sandy Loam,Flat / Lowland,30,—,377.16,,,,101.05,829.49,8.21,Direct Seeding (Hill Planting / Furrow Method),Conventional Tillage: 1 deep plow (20–25 cm) + 1 harrowing; good tilth easily achieved,Furrow or sprinkler irrigation; AWD or weekly irrigation; good drainage natural
Corn,Mangkasuy,November,2020,DS 2020-2021,Planting,8.73,25.81,19.74,31.57,84.84,98.32,15.39,Type I – Tropical Monsoon (PAGASA),Dry (Cool),Sandy Loam,Flat / Lowland,30,Tagamusing River,802.20,,,90.86,,,,Direct Seeding (Hill Planting / Furrow Method),Conventional Tillage: 1 deep plow (20–25 cm) + 1 harrowing; good tilth easily achieved,Furrow or sprinkler irrigation; AWD or weekly irrigation; good drainage natural
Corn,Mangkasuy,March,2021,DS 2020-2021,Harvest,2.28,26.34,18.92,34.30,78.14,98.46,21.32,Type I – Tropical Monsoon (PAGASA),Dry (Hot),Sandy Loam,Flat / Lowland,30,Tagamusing River,802.20,,,,90.86,745.83,8.21,Direct Seeding (Hill Planting / Furrow Method),Conventional Tillage: 1 deep plow (20–25 cm) + 1 harrowing; good tilth easily achieved,Furrow or sprinkler irrigation; AWD or weekly irrigation; good drainage natural
Corn,San Pablo,November,2020,DS 2020-2021,Planting,8.73,25.81,19.74,31.57,84.84,98.32,15.39,Type I – Tropical Monsoon (PAGASA),Dry (Cool),Sandy Loam,Flat / Lowland,30,San Pablo Creek,215.04,,,52.35,,,,Direct Seeding (Hill Planting / Furrow Method),Conventional Tillage: 1 deep plow (20–25 cm) + 1 harrowing; good tilth easily achieved,Furrow or sprinkler irrigation; AWD or weekly irrigation; good drainage natural
Corn,San Pablo,March,2021,DS 2020-2021,Harvest,2.28,26.34,18.92,34.30,78.14,98.46,21.32,Type I – Tropical Monsoon (PAGASA),Dry (Hot),Sandy Loam,Flat / Lowland,30,San Pablo Creek,215.04,,,,52.35,429.72,8.21,Direct Seeding (Hill Planting / Furrow Method),Conventional Tillage: 1 deep plow (20–25 cm) + 1 harrowing; good tilth easily achieved,Furrow or sprinkler irrigation; AWD or weekly irrigation; good drainage natural
Corn,Balangobong,November,2020,DS 2020-2021,Planting,8.73,25.81,19.74,31.57,84.84,98.32,15.39,Type I – Tropical Monsoon (PAGASA),Dry (Cool),Silty Clay Loam,Flat / Lowland,30,—,281.40,,,52.38,,,,Direct Seeding (Furrow Method on Raised Beds),Deep Tillage (25 cm): 1–2 plowings; form raised beds 20–25 cm high to prevent waterlogging,Furrow irrigation only (not flood); ensure bed drainage; drain excess after rain
Corn,Balangobong,March,2021,DS 2020-2021,Harvest,2.28,26.34,18.92,34.30,78.14,98.46,21.32,Type I – Tropical Monsoon (PAGASA),Dry (Hot),Silty Clay Loam,Flat / Lowland,30,—,281.40,,,,52.38,429.95,8.21,Direct Seeding (Furrow Method on Raised Beds),Deep Tillage (25 cm): 1–2 plowings; form raised beds 20–25 cm high to prevent waterlogging,Furrow irrigation only (not flood); ensure bed drainage; drain excess after rain
Corn,San Felipe Central,November,2020,DS 2020-2021,Planting,8.73,25.81,19.74,31.57,84.84,98.32,15.39,Type I – Tropical Monsoon (PAGASA),Dry (Cool),Sandy Loam,Flat / Lowland,30,—,452.76,,,65.30,,,,Direct Seeding (Hill Planting / Furrow Method),Conventional Tillage: 1 deep plow (20–25 cm) + 1 harrowing; good tilth easily achieved,Furrow or sprinkler irrigation; AWD or weekly irrigation; good drainage natural
Corn,San Felipe Central,March,2021,DS 2020-2021,Harvest,2.28,26.34,18.92,34.30,78.14,98.46,21.32,Type I – Tropical Monsoon (PAGASA),Dry (Hot),Sandy Loam,Flat / Lowland,30,—,452.76,,,,65.30,536.03,8.21,Direct Seeding (Hill Planting / Furrow Method),Conventional Tillage: 1 deep plow (20–25 cm) + 1 harrowing; good tilth easily achieved,Furrow or sprinkler irrigation; AWD or weekly irrigation; good drainage natural
Corn,San Felipe Sur,November,2020,DS 2020-2021,Planting,8.73,25.81,19.74,31.57,84.84,98.32,15.39,Type I – Tropical Monsoon (PAGASA),Dry (Cool),Sandy Loam,Flat / Lowland,30,Tagamusing River,504.00,,,67.70,,,,Direct Seeding (Hill Planting / Furrow Method),Conventional Tillage: 1 deep plow (20–25 cm) + 1 harrowing; good tilth easily achieved,Furrow or sprinkler irrigation; AWD or weekly irrigation; good drainage natural
Corn,San Felipe Sur,March,2021,DS 2020-2021,Harvest,2.28,26.34,18.92,34.30,78.14,98.46,21.32,Type I – Tropical Monsoon (PAGASA),Dry (Hot),Sandy Loam,Flat / Lowland,30,Tagamusing River,504.00,,,,67.70,555.73,8.21,Direct Seeding (Hill Planting / Furrow Method),Conventional Tillage: 1 deep plow (20–25 cm) + 1 harrowing; good tilth easily achieved,Furrow or sprinkler irrigation; AWD or weekly irrigation; good drainage natural
Corn,Pasileng Sur,November,2020,DS 2020-2021,Planting,8.73,25.81,19.74,31.57,84.84,98.32,15.39,Type I – Tropical Monsoon (PAGASA),Dry (Cool),Sandy Loam,Flat / Lowland,30,Tagamusing River,414.96,,,68.68,,,,Direct Seeding (Hill Planting / Furrow Method),Conventional Tillage: 1 deep plow (20–25 cm) + 1 harrowing; good tilth easily achieved,Furrow or sprinkler irrigation; AWD or weekly irrigation; good drainage natural
Corn,Pasileng Sur,March,2021,DS 2020-2021,Harvest,2.28,26.34,18.92,34.30,78.14,98.46,21.32,Type I – Tropical Monsoon (PAGASA),Dry (Hot),Sandy Loam,Flat / Lowland,30,Tagamusing River,414.96,,,,68.68,563.72,8.21,Direct Seeding (Hill Planting / Furrow Method),Conventional Tillage: 1 deep plow (20–25 cm) + 1 harrowing; good tilth easily achieved,Furrow or sprinkler irrigation; AWD or weekly irrigation; good drainage natural
Corn,Sta. Maria Norte,November,2020,DS 2020-2021,Planting,8.73,25.81,19.74,31.57,84.84,98.32,15.39,Type I – Tropical Monsoon (PAGASA),Dry (Cool),Sandy Loam,Flat / Lowland,30,Tagamusing River,157.08,,,23.30,,,,Direct Seeding (Hill Planting / Furrow Method),Conventional Tillage: 1 deep plow (20–25 cm) + 1 harrowing; good tilth easily achieved,Furrow or sprinkler irrigation; AWD or weekly irrigation; good drainage natural
Corn,Sta. Maria Norte,March,2021,DS 2020-2021,Harvest,2.28,26.34,18.92,34.30,78.14,98.46,21.32,Type I – Tropical Monsoon (PAGASA),Dry (Hot),Sandy Loam,Flat / Lowland,30,Tagamusing River,157.08,,,,23.30,191.25,8.21,Direct Seeding (Hill Planting / Furrow Method),Conventional Tillage: 1 deep plow (20–25 cm) + 1 harrowing; good tilth easily achieved,Furrow or sprinkler irrigation; AWD or weekly irrigation; good drainage natural
Corn,Bugayong,November,2020,DS 2020-2021,Planting,8.73,25.81,19.74,31.57,84.84,98.32,15.39,Type I – Tropical Monsoon (PAGASA),Dry (Cool),Sandy Loam / Silty Clay Loam,Flat / Lowland,30,Aloragat River,346.08,,,20.95,,,,Direct Seeding (Furrow or Hill Method),Conventional Tillage: 1 deep plow + harrowing; ensure good drainage channels,Furrow irrigation; avoid waterlogging — clay fraction retains excess moisture
Corn,Bugayong,March,2021,DS 2020-2021,Harvest,2.28,26.34,18.92,34.30,78.14,98.46,21.32,Type I – Tropical Monsoon (PAGASA),Dry (Hot),Sandy Loam / Silty Clay Loam,Flat / Lowland,30,Aloragat River,346.08,,,,20.95,171.96,8.21,Direct Seeding (Furrow or Hill Method),Conventional Tillage: 1 deep plow + harrowing; ensure good drainage channels,Furrow irrigation; avoid waterlogging — clay fraction retains excess moisture
Corn,Santiago,November,2020,DS 2020-2021,Planting,8.73,25.81,19.74,31.57,84.84,98.32,15.39,Type I – Tropical Monsoon (PAGASA),Dry (Cool),Silty Clay Loam,Flat / Lowland,30,—,283.08,,,69.48,,,,Direct Seeding (Furrow Method on Raised Beds),Deep Tillage (25 cm): 1–2 plowings; form raised beds 20–25 cm high to prevent waterlogging,Furrow irrigation only (not flood); ensure bed drainage; drain excess after rain
Corn,Santiago,March,2021,DS 2020-2021,Harvest,2.28,26.34,18.92,34.30,78.14,98.46,21.32,Type I – Tropical Monsoon (PAGASA),Dry (Hot),Silty Clay Loam,Flat / Lowland,30,—,283.08,,,,69.48,570.26,8.21,Direct Seeding (Furrow Method on Raised Beds),Deep Tillage (25 cm): 1–2 plowings; form raised beds 20–25 cm high to prevent waterlogging,Furrow irrigation only (not flood); ensure bed drainage; drain excess after rain
Corn,Pasileng Norte,November,2021,DS 2021-2022,Planting,3.47,26.41,19.95,31.91,82.55,98.34,17.76,Type I – Tropical Monsoon (PAGASA),Dry (Cool),Sandy Loam,Flat / Lowland,30,Tagamusing River,140.28,,,36.55,,,,Direct Seeding (Hill Planting / Furrow Method),Conventional Tillage: 1 deep plow (20–25 cm) + 1 harrowing; good tilth easily achieved,Furrow or sprinkler irrigation; AWD or weekly irrigation; good drainage natural
Corn,Pasileng Norte,March,2022,DS 2021-2022,Harvest,2.00,27.04,19.32,35.27,75.42,98.36,22.13,Type I – Tropical Monsoon (PAGASA),Dry (Hot),Sandy Loam,Flat / Lowland,30,Tagamusing River,140.28,,,,36.55,272.06,7.44,Direct Seeding (Hill Planting / Furrow Method),Conventional Tillage: 1 deep plow (20–25 cm) + 1 harrowing; good tilth easily achieved,Furrow or sprinkler irrigation; AWD or weekly irrigation; good drainage natural
Corn,Tabuyoc,November,2021,DS 2021-2022,Planting,3.47,26.41,19.95,31.91,82.55,98.34,17.76,Type I – Tropical Monsoon (PAGASA),Dry (Cool),Silty Clay Loam,Flat / Lowland,30,—,277.20,,,56.61,,,,Direct Seeding (Furrow Method on Raised Beds),Deep Tillage (25 cm): 1–2 plowings; form raised beds 20–25 cm high to prevent waterlogging,Furrow irrigation only (not flood); ensure bed drainage; drain excess after rain
Corn,Tabuyoc,March,2022,DS 2021-2022,Harvest,2.00,27.04,19.32,35.27,75.42,98.36,22.13,Type I – Tropical Monsoon (PAGASA),Dry (Hot),Silty Clay Loam,Flat / Lowland,30,—,277.20,,,,56.61,421.31,7.44,Direct Seeding (Furrow Method on Raised Beds),Deep Tillage (25 cm): 1–2 plowings; form raised beds 20–25 cm high to prevent waterlogging,Furrow irrigation only (not flood); ensure bed drainage; drain excess after rain
Corn,Bued,November,2021,DS 2021-2022,Planting,3.47,26.41,19.95,31.91,82.55,98.34,17.76,Type I – Tropical Monsoon (PAGASA),Dry (Cool),Silty Clay Loam,Flat / Lowland,30,Tagamusing River,210.84,,,42.76,,,,Direct Seeding (Furrow Method on Raised Beds),Deep Tillage (25 cm): 1–2 plowings; form raised beds 20–25 cm high to prevent waterlogging,Furrow irrigation only (not flood); ensure bed drainage; drain excess after rain
Corn,Bued,March,2022,DS 2021-2022,Harvest,2.00,27.04,19.32,35.27,75.42,98.36,22.13,Type I – Tropical Monsoon (PAGASA),Dry (Hot),Silty Clay Loam,Flat / Lowland,30,Tagamusing River,210.84,,,,42.76,318.24,7.44,Direct Seeding (Furrow Method on Raised Beds),Deep Tillage (25 cm): 1–2 plowings; form raised beds 20–25 cm high to prevent waterlogging,Furrow irrigation only (not flood); ensure bed drainage; drain excess after rain
Corn,Dumayat,November,2021,DS 2021-2022,Planting,3.47,26.41,19.95,31.91,82.55,98.34,17.76,Type I – Tropical Monsoon (PAGASA),Dry (Cool),Silty Clay Loam,Flat / Lowland,30,—,266.28,,,33.38,,,,Direct Seeding (Furrow Method on Raised Beds),Deep Tillage (25 cm): 1–2 plowings; form raised beds 20–25 cm high to prevent waterlogging,Furrow irrigation only (not flood); ensure bed drainage; drain excess after rain
Corn,Dumayat,March,2022,DS 2021-2022,Harvest,2.00,27.04,19.32,35.27,75.42,98.36,22.13,Type I – Tropical Monsoon (PAGASA),Dry (Hot),Silty Clay Loam,Flat / Lowland,30,—,266.28,,,,33.38,248.42,7.44,Direct Seeding (Furrow Method on Raised Beds),Deep Tillage (25 cm): 1–2 plowings; form raised beds 20–25 cm high to prevent waterlogging,Furrow irrigation only (not flood); ensure bed drainage; drain excess after rain
Corn,Camanggaan,November,2021,DS 2021-2022,Planting,3.47,26.41,19.95,31.91,82.55,98.34,17.76,Type I – Tropical Monsoon (PAGASA),Dry (Cool),Sandy Loam,Flat / Lowland,30,—,244.44,,,24.71,,,,Direct Seeding (Hill Planting / Furrow Method),Conventional Tillage: 1 deep plow (20–25 cm) + 1 harrowing; good tilth easily achieved,Furrow or sprinkler irrigation; AWD or weekly irrigation; good drainage natural
Corn,Camanggaan,March,2022,DS 2021-2022,Harvest,2.00,27.04,19.32,35.27,75.42,98.36,22.13,Type I – Tropical Monsoon (PAGASA),Dry (Hot),Sandy Loam,Flat / Lowland,30,—,244.44,,,,24.71,183.88,7.44,Direct Seeding (Hill Planting / Furrow Method),Conventional Tillage: 1 deep plow (20–25 cm) + 1 harrowing; good tilth easily achieved,Furrow or sprinkler irrigation; AWD or weekly irrigation; good drainage natural
Corn,Vacante,November,2021,DS 2021-2022,Planting,3.47,26.41,19.95,31.91,82.55,98.34,17.76,Type I – Tropical Monsoon (PAGASA),Dry (Cool),Silty Clay Loam,Flat / Lowland,30,Aloragat River,484.68,,,47.66,,,,Direct Seeding (Furrow Method on Raised Beds),Deep Tillage (25 cm): 1–2 plowings; form raised beds 20–25 cm high to prevent waterlogging,Furrow irrigation only (not flood); ensure bed drainage; drain excess after rain
Corn,Vacante,March,2022,DS 2021-2022,Harvest,2.00,27.04,19.32,35.27,75.42,98.36,22.13,Type I – Tropical Monsoon (PAGASA),Dry (Hot),Silty Clay Loam,Flat / Lowland,30,Aloragat River,484.68,,,,47.66,354.75,7.44,Direct Seeding (Furrow Method on Raised Beds),Deep Tillage (25 cm): 1–2 plowings; form raised beds 20–25 cm high to prevent waterlogging,Furrow irrigation only (not flood); ensure bed drainage; drain excess after rain
Corn,Sta. Catalina,November,2021,DS 2021-2022,Planting,3.47,26.41,19.95,31.91,82.55,98.34,17.76,Type I – Tropical Monsoon (PAGASA),Dry (Cool),Fine Sand / Sandy Loam,Moderately Sloping / Highland,90,—,709.80,,,81.10,,,,Direct Seeding (Hills or Furrow Method),Minimum Tillage; deep ripping to break hardpan; avoid over-disturbance,Furrow irrigation; frequent light watering; mulch to retain soil moisture
Corn,Sta. Catalina,March,2022,DS 2021-2022,Harvest,2.00,27.04,19.32,35.27,75.42,98.36,22.13,Type I – Tropical Monsoon (PAGASA),Dry (Hot),Fine Sand / Sandy Loam,Moderately Sloping / Highland,90,—,709.80,,,,81.10,603.61,7.44,Direct Seeding (Hills or Furrow Method),Minimum Tillage; deep ripping to break hardpan; avoid over-disturbance,Furrow irrigation; frequent light watering; mulch to retain soil moisture
Corn,Moreno,November,2021,DS 2021-2022,Planting,3.47,26.41,19.95,31.91,82.55,98.34,17.76,Type I – Tropical Monsoon (PAGASA),Dry (Cool),Sandy Loam,Moderately Sloping / Highland,90,Alibeng River,641.76,,,58.10,,,,Direct Seeding (Hill Planting / Furrow Method),Conventional Tillage: 1 deep plow (20–25 cm) + 1 harrowing; good tilth easily achieved,Furrow or sprinkler irrigation; AWD or weekly irrigation; good drainage natural
Corn,Moreno,March,2022,DS 2021-2022,Harvest,2.00,27.04,19.32,35.27,75.42,98.36,22.13,Type I – Tropical Monsoon (PAGASA),Dry (Hot),Sandy Loam,Moderately Sloping / Highland,90,Alibeng River,641.76,,,,58.10,432.42,7.44,Direct Seeding (Hill Planting / Furrow Method),Conventional Tillage: 1 deep plow (20–25 cm) + 1 harrowing; good tilth easily achieved,Furrow or sprinkler irrigation; AWD or weekly irrigation; good drainage natural
Corn,Cili,November,2021,DS 2021-2022,Planting,3.47,26.41,19.95,31.91,82.55,98.34,17.76,Type I – Tropical Monsoon (PAGASA),Dry (Cool),Silty Clay Loam,Flat / Lowland,30,Alibeng River,264.60,,,54.24,,,,Direct Seeding (Furrow Method on Raised Beds),Deep Tillage (25 cm): 1–2 plowings; form raised beds 20–25 cm high to prevent waterlogging,Furrow irrigation only (not flood); ensure bed drainage; drain excess after rain
Corn,Cili,March,2022,DS 2021-2022,Harvest,2.00,27.04,19.32,35.27,75.42,98.36,22.13,Type I – Tropical Monsoon (PAGASA),Dry (Hot),Silty Clay Loam,Flat / Lowland,30,Alibeng River,264.60,,,,54.24,403.73,7.44,Direct Seeding (Furrow Method on Raised Beds),Deep Tillage (25 cm): 1–2 plowings; form raised beds 20–25 cm high to prevent waterlogging,Furrow irrigation only (not flood); ensure bed drainage; drain excess after rain
Corn,Linmansangan,November,2021,DS 2021-2022,Planting,3.47,26.41,19.95,31.91,82.55,98.34,17.76,Type I – Tropical Monsoon (PAGASA),Dry (Cool),Silty Clay Loam,Flat / Lowland,30,—,492.24,,,81.47,,,,Direct Seeding (Furrow Method on Raised Beds),Deep Tillage (25 cm): 1–2 plowings; form raised beds 20–25 cm high to prevent waterlogging,Furrow irrigation only (not flood); ensure bed drainage; drain excess after rain
Corn,Linmansangan,March,2022,DS 2021-2022,Harvest,2.00,27.04,19.32,35.27,75.42,98.36,22.13,Type I – Tropical Monsoon (PAGASA),Dry (Hot),Silty Clay Loam,Flat / Lowland,30,—,492.24,,,,81.47,606.36,7.44,Direct Seeding (Furrow Method on Raised Beds),Deep Tillage (25 cm): 1–2 plowings; form raised beds 20–25 cm high to prevent waterlogging,Furrow irrigation only (not flood); ensure bed drainage; drain excess after rain
Corn,Sumabnit,November,2021,DS 2021-2022,Planting,3.47,26.41,19.95,31.91,82.55,98.34,17.76,Type I – Tropical Monsoon (PAGASA),Dry (Cool),Silty Clay Loam / Fine Sandy Loam,Flat / Lowland,30,Tagamusing River,406.56,,,73.36,,,,Direct Seeding (Hills or Furrow Method),Minimum Tillage; deep ripping to break hardpan; avoid over-disturbance,Furrow irrigation; frequent light watering; mulch to retain soil moisture
Corn,Sumabnit,March,2022,DS 2021-2022,Harvest,2.00,27.04,19.32,35.27,75.42,98.36,22.13,Type I – Tropical Monsoon (PAGASA),Dry (Hot),Silty Clay Loam / Fine Sandy Loam,Flat / Lowland,30,Tagamusing River,406.56,,,,73.36,545.98,7.44,Direct Seeding (Hills or Furrow Method),Minimum Tillage; deep ripping to break hardpan; avoid over-disturbance,Furrow irrigation; frequent light watering; mulch to retain soil moisture
Corn,Capas,November,2021,DS 2021-2022,Planting,3.47,26.41,19.95,31.91,82.55,98.34,17.76,Type I – Tropical Monsoon (PAGASA),Dry (Cool),Sandy Loam,Flat / Lowland,30,—,377.16,,,103.17,,,,Direct Seeding (Hill Planting / Furrow Method),Conventional Tillage: 1 deep plow (20–25 cm) + 1 harrowing; good tilth easily achieved,Furrow or sprinkler irrigation; AWD or weekly irrigation; good drainage natural
Corn,Capas,March,2022,DS 2021-2022,Harvest,2.00,27.04,19.32,35.27,75.42,98.36,22.13,Type I – Tropical Monsoon (PAGASA),Dry (Hot),Sandy Loam,Flat / Lowland,30,—,377.16,,,,103.17,767.86,7.44,Direct Seeding (Hill Planting / Furrow Method),Conventional Tillage: 1 deep plow (20–25 cm) + 1 harrowing; good tilth easily achieved,Furrow or sprinkler irrigation; AWD or weekly irrigation; good drainage natural
Corn,Mangkasuy,November,2021,DS 2021-2022,Planting,3.47,26.41,19.95,31.91,82.55,98.34,17.76,Type I – Tropical Monsoon (PAGASA),Dry (Cool),Sandy Loam,Flat / Lowland,30,Tagamusing River,802.20,,,92.76,,,,Direct Seeding (Hill Planting / Furrow Method),Conventional Tillage: 1 deep plow (20–25 cm) + 1 harrowing; good tilth easily achieved,Furrow or sprinkler irrigation; AWD or weekly irrigation; good drainage natural
Corn,Mangkasuy,March,2022,DS 2021-2022,Harvest,2.00,27.04,19.32,35.27,75.42,98.36,22.13,Type I – Tropical Monsoon (PAGASA),Dry (Hot),Sandy Loam,Flat / Lowland,30,Tagamusing River,802.20,,,,92.76,690.42,7.44,Direct Seeding (Hill Planting / Furrow Method),Conventional Tillage: 1 deep plow (20–25 cm) + 1 harrowing; good tilth easily achieved,Furrow or sprinkler irrigation; AWD or weekly irrigation; good drainage natural
Corn,San Pablo,November,2021,DS 2021-2022,Planting,3.47,26.41,19.95,31.91,82.55,98.34,17.76,Type I – Tropical Monsoon (PAGASA),Dry (Cool),Sandy Loam,Flat / Lowland,30,San Pablo Creek,215.04,,,53.45,,,,Direct Seeding (Hill Planting / Furrow Method),Conventional Tillage: 1 deep plow (20–25 cm) + 1 harrowing; good tilth easily achieved,Furrow or sprinkler irrigation; AWD or weekly irrigation; good drainage natural
Corn,San Pablo,March,2022,DS 2021-2022,Harvest,2.00,27.04,19.32,35.27,75.42,98.36,22.13,Type I – Tropical Monsoon (PAGASA),Dry (Hot),Sandy Loam,Flat / Lowland,30,San Pablo Creek,215.04,,,,53.45,397.80,7.44,Direct Seeding (Hill Planting / Furrow Method),Conventional Tillage: 1 deep plow (20–25 cm) + 1 harrowing; good tilth easily achieved,Furrow or sprinkler irrigation; AWD or weekly irrigation; good drainage natural
Corn,Balangobong,November,2021,DS 2021-2022,Planting,3.47,26.41,19.95,31.91,82.55,98.34,17.76,Type I – Tropical Monsoon (PAGASA),Dry (Cool),Silty Clay Loam,Flat / Lowland,30,—,281.40,,,53.48,,,,Direct Seeding (Furrow Method on Raised Beds),Deep Tillage (25 cm): 1–2 plowings; form raised beds 20–25 cm high to prevent waterlogging,Furrow irrigation only (not flood); ensure bed drainage; drain excess after rain
Corn,Balangobong,March,2022,DS 2021-2022,Harvest,2.00,27.04,19.32,35.27,75.42,98.36,22.13,Type I – Tropical Monsoon (PAGASA),Dry (Hot),Silty Clay Loam,Flat / Lowland,30,—,281.40,,,,53.48,398.01,7.44,Direct Seeding (Furrow Method on Raised Beds),Deep Tillage (25 cm): 1–2 plowings; form raised beds 20–25 cm high to prevent waterlogging,Furrow irrigation only (not flood); ensure bed drainage; drain excess after rain
Corn,San Felipe Central,November,2021,DS 2021-2022,Planting,3.47,26.41,19.95,31.91,82.55,98.34,17.76,Type I – Tropical Monsoon (PAGASA),Dry (Cool),Sandy Loam,Flat / Lowland,30,—,452.76,,,66.67,,,,Direct Seeding (Hill Planting / Furrow Method),Conventional Tillage: 1 deep plow (20–25 cm) + 1 harrowing; good tilth easily achieved,Furrow or sprinkler irrigation; AWD or weekly irrigation; good drainage natural
Corn,San Felipe Central,March,2022,DS 2021-2022,Harvest,2.00,27.04,19.32,35.27,75.42,98.36,22.13,Type I – Tropical Monsoon (PAGASA),Dry (Hot),Sandy Loam,Flat / Lowland,30,—,452.76,,,,66.67,496.20,7.44,Direct Seeding (Hill Planting / Furrow Method),Conventional Tillage: 1 deep plow (20–25 cm) + 1 harrowing; good tilth easily achieved,Furrow or sprinkler irrigation; AWD or weekly irrigation; good drainage natural
Corn,San Felipe Sur,November,2021,DS 2021-2022,Planting,3.47,26.41,19.95,31.91,82.55,98.34,17.76,Type I – Tropical Monsoon (PAGASA),Dry (Cool),Sandy Loam,Flat / Lowland,30,Tagamusing River,504.00,,,69.12,,,,Direct Seeding (Hill Planting / Furrow Method),Conventional Tillage: 1 deep plow (20–25 cm) + 1 harrowing; good tilth easily achieved,Furrow or sprinkler irrigation; AWD or weekly irrigation; good drainage natural
Corn,San Felipe Sur,March,2022,DS 2021-2022,Harvest,2.00,27.04,19.32,35.27,75.42,98.36,22.13,Type I – Tropical Monsoon (PAGASA),Dry (Hot),Sandy Loam,Flat / Lowland,30,Tagamusing River,504.00,,,,69.12,514.44,7.44,Direct Seeding (Hill Planting / Furrow Method),Conventional Tillage: 1 deep plow (20–25 cm) + 1 harrowing; good tilth easily achieved,Furrow or sprinkler irrigation; AWD or weekly irrigation; good drainage natural
Corn,Pasileng Sur,November,2021,DS 2021-2022,Planting,3.47,26.41,19.95,31.91,82.55,98.34,17.76,Type I – Tropical Monsoon (PAGASA),Dry (Cool),Sandy Loam,Flat / Lowland,30,Tagamusing River,414.96,,,70.11,,,,Direct Seeding (Hill Planting / Furrow Method),Conventional Tillage: 1 deep plow (20–25 cm) + 1 harrowing; good tilth easily achieved,Furrow or sprinkler irrigation; AWD or weekly irrigation; good drainage natural
Corn,Pasileng Sur,March,2022,DS 2021-2022,Harvest,2.00,27.04,19.32,35.27,75.42,98.36,22.13,Type I – Tropical Monsoon (PAGASA),Dry (Hot),Sandy Loam,Flat / Lowland,30,Tagamusing River,414.96,,,,70.11,521.84,7.44,Direct Seeding (Hill Planting / Furrow Method),Conventional Tillage: 1 deep plow (20–25 cm) + 1 harrowing; good tilth easily achieved,Furrow or sprinkler irrigation; AWD or weekly irrigation; good drainage natural
Corn,Sta. Maria Norte,November,2021,DS 2021-2022,Planting,3.47,26.41,19.95,31.91,82.55,98.34,17.76,Type I – Tropical Monsoon (PAGASA),Dry (Cool),Sandy Loam,Flat / Lowland,30,Tagamusing River,157.08,,,23.79,,,,Direct Seeding (Hill Planting / Furrow Method),Conventional Tillage: 1 deep plow (20–25 cm) + 1 harrowing; good tilth easily achieved,Furrow or sprinkler irrigation; AWD or weekly irrigation; good drainage natural
Corn,Sta. Maria Norte,March,2022,DS 2021-2022,Harvest,2.00,27.04,19.32,35.27,75.42,98.36,22.13,Type I – Tropical Monsoon (PAGASA),Dry (Hot),Sandy Loam,Flat / Lowland,30,Tagamusing River,157.08,,,,23.79,177.04,7.44,Direct Seeding (Hill Planting / Furrow Method),Conventional Tillage: 1 deep plow (20–25 cm) + 1 harrowing; good tilth easily achieved,Furrow or sprinkler irrigation; AWD or weekly irrigation; good drainage natural
Corn,Bugayong,November,2021,DS 2021-2022,Planting,3.47,26.41,19.95,31.91,82.55,98.34,17.76,Type I – Tropical Monsoon (PAGASA),Dry (Cool),Sandy Loam / Silty Clay Loam,Flat / Lowland,30,Aloragat River,346.08,,,21.39,,,,Direct Seeding (Furrow or Hill Method),Conventional Tillage: 1 deep plow + harrowing; ensure good drainage channels,Furrow irrigation; avoid waterlogging — clay fraction retains excess moisture
Corn,Bugayong,March,2022,DS 2021-2022,Harvest,2.00,27.04,19.32,35.27,75.42,98.36,22.13,Type I – Tropical Monsoon (PAGASA),Dry (Hot),Sandy Loam / Silty Clay Loam,Flat / Lowland,30,Aloragat River,346.08,,,,21.39,159.19,7.44,Direct Seeding (Furrow or Hill Method),Conventional Tillage: 1 deep plow + harrowing; ensure good drainage channels,Furrow irrigation; avoid waterlogging — clay fraction retains excess moisture
Corn,Santiago,November,2021,DS 2021-2022,Planting,3.47,26.41,19.95,31.91,82.55,98.34,17.76,Type I – Tropical Monsoon (PAGASA),Dry (Cool),Silty Clay Loam,Flat / Lowland,30,—,283.08,,,70.93,,,,Direct Seeding (Furrow Method on Raised Beds),Deep Tillage (25 cm): 1–2 plowings; form raised beds 20–25 cm high to prevent waterlogging,Furrow irrigation only (not flood); ensure bed drainage; drain excess after rain
Corn,Santiago,March,2022,DS 2021-2022,Harvest,2.00,27.04,19.32,35.27,75.42,98.36,22.13,Type I – Tropical Monsoon (PAGASA),Dry (Hot),Silty Clay Loam,Flat / Lowland,30,—,283.08,,,,70.93,527.89,7.44,Direct Seeding (Furrow Method on Raised Beds),Deep Tillage (25 cm): 1–2 plowings; form raised beds 20–25 cm high to prevent waterlogging,Furrow irrigation only (not flood); ensure bed drainage; drain excess after rain
Corn,Pasileng Norte,November,2022,DS 2022-2023,Planting,2.22,26.38,19.97,31.80,83.62,98.40,17.64,Type I – Tropical Monsoon (PAGASA),Dry (Cool),Sandy Loam,Flat / Lowland,30,Tagamusing River,140.28,,,36.40,,,,Direct Seeding (Hill Planting / Furrow Method),Conventional Tillage: 1 deep plow (20–25 cm) + 1 harrowing; good tilth easily achieved,Furrow or sprinkler irrigation; AWD or weekly irrigation; good drainage natural
Corn,Pasileng Norte,March,2023,DS 2022-2023,Harvest,0.16,26.48,17.91,36.41,67.71,98.55,22.69,Type I – Tropical Monsoon (PAGASA),Dry (Hot),Sandy Loam,Flat / Lowland,30,Tagamusing River,140.28,,,,36.40,274.17,7.53,Direct Seeding (Hill Planting / Furrow Method),Conventional Tillage: 1 deep plow (20–25 cm) + 1 harrowing; good tilth easily achieved,Furrow or sprinkler irrigation; AWD or weekly irrigation; good drainage natural
Corn,Tabuyoc,November,2022,DS 2022-2023,Planting,2.22,26.38,19.97,31.80,83.62,98.40,17.64,Type I – Tropical Monsoon (PAGASA),Dry (Cool),Silty Clay Loam,Flat / Lowland,30,—,277.20,,,56.37,,,,Direct Seeding (Furrow Method on Raised Beds),Deep Tillage (25 cm): 1–2 plowings; form raised beds 20–25 cm high to prevent waterlogging,Furrow irrigation only (not flood); ensure bed drainage; drain excess after rain
Corn,Tabuyoc,March,2023,DS 2022-2023,Harvest,0.16,26.48,17.91,36.41,67.71,98.55,22.69,Type I – Tropical Monsoon (PAGASA),Dry (Hot),Silty Clay Loam,Flat / Lowland,30,—,277.20,,,,56.37,424.58,7.53,Direct Seeding (Furrow Method on Raised Beds),Deep Tillage (25 cm): 1–2 plowings; form raised beds 20–25 cm high to prevent waterlogging,Furrow irrigation only (not flood); ensure bed drainage; drain excess after rain
Corn,Bued,November,2022,DS 2022-2023,Planting,2.22,26.38,19.97,31.80,83.62,98.40,17.64,Type I – Tropical Monsoon (PAGASA),Dry (Cool),Silty Clay Loam,Flat / Lowland,30,Tagamusing River,210.84,,,42.58,,,,Direct Seeding (Furrow Method on Raised Beds),Deep Tillage (25 cm): 1–2 plowings; form raised beds 20–25 cm high to prevent waterlogging,Furrow irrigation only (not flood); ensure bed drainage; drain excess after rain
Corn,Bued,March,2023,DS 2022-2023,Harvest,0.16,26.48,17.91,36.41,67.71,98.55,22.69,Type I – Tropical Monsoon (PAGASA),Dry (Hot),Silty Clay Loam,Flat / Lowland,30,Tagamusing River,210.84,,,,42.58,320.71,7.53,Direct Seeding (Furrow Method on Raised Beds),Deep Tillage (25 cm): 1–2 plowings; form raised beds 20–25 cm high to prevent waterlogging,Furrow irrigation only (not flood); ensure bed drainage; drain excess after rain
Corn,Dumayat,November,2022,DS 2022-2023,Planting,2.22,26.38,19.97,31.80,83.62,98.40,17.64,Type I – Tropical Monsoon (PAGASA),Dry (Cool),Silty Clay Loam,Flat / Lowland,30,—,266.28,,,33.24,,,,Direct Seeding (Furrow Method on Raised Beds),Deep Tillage (25 cm): 1–2 plowings; form raised beds 20–25 cm high to prevent waterlogging,Furrow irrigation only (not flood); ensure bed drainage; drain excess after rain
Corn,Dumayat,March,2023,DS 2022-2023,Harvest,0.16,26.48,17.91,36.41,67.71,98.55,22.69,Type I – Tropical Monsoon (PAGASA),Dry (Hot),Silty Clay Loam,Flat / Lowland,30,—,266.28,,,,33.24,250.35,7.53,Direct Seeding (Furrow Method on Raised Beds),Deep Tillage (25 cm): 1–2 plowings; form raised beds 20–25 cm high to prevent waterlogging,Furrow irrigation only (not flood); ensure bed drainage; drain excess after rain
Corn,Camanggaan,November,2022,DS 2022-2023,Planting,2.22,26.38,19.97,31.80,83.62,98.40,17.64,Type I – Tropical Monsoon (PAGASA),Dry (Cool),Sandy Loam,Flat / Lowland,30,—,244.44,,,24.60,,,,Direct Seeding (Hill Planting / Furrow Method),Conventional Tillage: 1 deep plow (20–25 cm) + 1 harrowing; good tilth easily achieved,Furrow or sprinkler irrigation; AWD or weekly irrigation; good drainage natural
Corn,Camanggaan,March,2023,DS 2022-2023,Harvest,0.16,26.48,17.91,36.41,67.71,98.55,22.69,Type I – Tropical Monsoon (PAGASA),Dry (Hot),Sandy Loam,Flat / Lowland,30,—,244.44,,,,24.60,185.31,7.53,Direct Seeding (Hill Planting / Furrow Method),Conventional Tillage: 1 deep plow (20–25 cm) + 1 harrowing; good tilth easily achieved,Furrow or sprinkler irrigation; AWD or weekly irrigation; good drainage natural
Corn,Vacante,November,2022,DS 2022-2023,Planting,2.22,26.38,19.97,31.80,83.62,98.40,17.64,Type I – Tropical Monsoon (PAGASA),Dry (Cool),Silty Clay Loam,Flat / Lowland,30,Aloragat River,484.68,,,47.47,,,,Direct Seeding (Furrow Method on Raised Beds),Deep Tillage (25 cm): 1–2 plowings; form raised beds 20–25 cm high to prevent waterlogging,Furrow irrigation only (not flood); ensure bed drainage; drain excess after rain
Corn,Vacante,March,2023,DS 2022-2023,Harvest,0.16,26.48,17.91,36.41,67.71,98.55,22.69,Type I – Tropical Monsoon (PAGASA),Dry (Hot),Silty Clay Loam,Flat / Lowland,30,Aloragat River,484.68,,,,47.47,357.50,7.53,Direct Seeding (Furrow Method on Raised Beds),Deep Tillage (25 cm): 1–2 plowings; form raised beds 20–25 cm high to prevent waterlogging,Furrow irrigation only (not flood); ensure bed drainage; drain excess after rain
Corn,Sta. Catalina,November,2022,DS 2022-2023,Planting,2.22,26.38,19.97,31.80,83.62,98.40,17.64,Type I – Tropical Monsoon (PAGASA),Dry (Cool),Fine Sand / Sandy Loam,Moderately Sloping / Highland,90,—,709.80,,,80.76,,,,Direct Seeding (Hills or Furrow Method),Minimum Tillage; deep ripping to break hardpan; avoid over-disturbance,Furrow irrigation; frequent light watering; mulch to retain soil moisture
Corn,Sta. Catalina,March,2023,DS 2022-2023,Harvest,0.16,26.48,17.91,36.41,67.71,98.55,22.69,Type I – Tropical Monsoon (PAGASA),Dry (Hot),Fine Sand / Sandy Loam,Moderately Sloping / Highland,90,—,709.80,,,,80.77,608.29,7.53,Direct Seeding (Hills or Furrow Method),Minimum Tillage; deep ripping to break hardpan; avoid over-disturbance,Furrow irrigation; frequent light watering; mulch to retain soil moisture
Corn,Moreno,November,2022,DS 2022-2023,Planting,2.22,26.38,19.97,31.80,83.62,98.40,17.64,Type I – Tropical Monsoon (PAGASA),Dry (Cool),Sandy Loam,Moderately Sloping / Highland,90,Alibeng River,641.76,,,57.86,,,,Direct Seeding (Hill Planting / Furrow Method),Conventional Tillage: 1 deep plow (20–25 cm) + 1 harrowing; good tilth easily achieved,Furrow or sprinkler irrigation; AWD or weekly irrigation; good drainage natural
Corn,Moreno,March,2023,DS 2022-2023,Harvest,0.16,26.48,17.91,36.41,67.71,98.55,22.69,Type I – Tropical Monsoon (PAGASA),Dry (Hot),Sandy Loam,Moderately Sloping / Highland,90,Alibeng River,641.76,,,,57.86,435.77,7.53,Direct Seeding (Hill Planting / Furrow Method),Conventional Tillage: 1 deep plow (20–25 cm) + 1 harrowing; good tilth easily achieved,Furrow or sprinkler irrigation; AWD or weekly irrigation; good drainage natural
Corn,Cili,November,2022,DS 2022-2023,Planting,2.22,26.38,19.97,31.80,83.62,98.40,17.64,Type I – Tropical Monsoon (PAGASA),Dry (Cool),Silty Clay Loam,Flat / Lowland,30,Alibeng River,264.60,,,54.02,,,,Direct Seeding (Furrow Method on Raised Beds),Deep Tillage (25 cm): 1–2 plowings; form raised beds 20–25 cm high to prevent waterlogging,Furrow irrigation only (not flood); ensure bed drainage; drain excess after rain
Corn,Cili,March,2023,DS 2022-2023,Harvest,0.16,26.48,17.91,36.41,67.71,98.55,22.69,Type I – Tropical Monsoon (PAGASA),Dry (Hot),Silty Clay Loam,Flat / Lowland,30,Alibeng River,264.60,,,,54.02,406.86,7.53,Direct Seeding (Furrow Method on Raised Beds),Deep Tillage (25 cm): 1–2 plowings; form raised beds 20–25 cm high to prevent waterlogging,Furrow irrigation only (not flood); ensure bed drainage; drain excess after rain
Corn,Linmansangan,November,2022,DS 2022-2023,Planting,2.22,26.38,19.97,31.80,83.62,98.40,17.64,Type I – Tropical Monsoon (PAGASA),Dry (Cool),Silty Clay Loam,Flat / Lowland,30,—,492.24,,,81.13,,,,Direct Seeding (Furrow Method on Raised Beds),Deep Tillage (25 cm): 1–2 plowings; form raised beds 20–25 cm high to prevent waterlogging,Furrow irrigation only (not flood); ensure bed drainage; drain excess after rain
Corn,Linmansangan,March,2023,DS 2022-2023,Harvest,0.16,26.48,17.91,36.41,67.71,98.55,22.69,Type I – Tropical Monsoon (PAGASA),Dry (Hot),Silty Clay Loam,Flat / Lowland,30,—,492.24,,,,81.13,611.07,7.53,Direct Seeding (Furrow Method on Raised Beds),Deep Tillage (25 cm): 1–2 plowings; form raised beds 20–25 cm high to prevent waterlogging,Furrow irrigation only (not flood); ensure bed drainage; drain excess after rain
Corn,Sumabnit,November,2022,DS 2022-2023,Planting,2.22,26.38,19.97,31.80,83.62,98.40,17.64,Type I – Tropical Monsoon (PAGASA),Dry (Cool),Silty Clay Loam / Fine Sandy Loam,Flat / Lowland,30,Tagamusing River,406.56,,,73.05,,,,Direct Seeding (Hills or Furrow Method),Minimum Tillage; deep ripping to break hardpan; avoid over-disturbance,Furrow irrigation; frequent light watering; mulch to retain soil moisture
Corn,Sumabnit,March,2023,DS 2022-2023,Harvest,0.16,26.48,17.91,36.41,67.71,98.55,22.69,Type I – Tropical Monsoon (PAGASA),Dry (Hot),Silty Clay Loam / Fine Sandy Loam,Flat / Lowland,30,Tagamusing River,406.56,,,,73.06,550.22,7.53,Direct Seeding (Hills or Furrow Method),Minimum Tillage; deep ripping to break hardpan; avoid over-disturbance,Furrow irrigation; frequent light watering; mulch to retain soil moisture
Corn,Capas,November,2022,DS 2022-2023,Planting,2.22,26.38,19.97,31.80,83.62,98.40,17.64,Type I – Tropical Monsoon (PAGASA),Dry (Cool),Sandy Loam,Flat / Lowland,30,—,377.16,,,102.74,,,,Direct Seeding (Hill Planting / Furrow Method),Conventional Tillage: 1 deep plow (20–25 cm) + 1 harrowing; good tilth easily achieved,Furrow or sprinkler irrigation; AWD or weekly irrigation; good drainage natural
Corn,Capas,March,2023,DS 2022-2023,Harvest,0.16,26.48,17.91,36.41,67.71,98.55,22.69,Type I – Tropical Monsoon (PAGASA),Dry (Hot),Sandy Loam,Flat / Lowland,30,—,377.16,,,,102.74,773.82,7.53,Direct Seeding (Hill Planting / Furrow Method),Conventional Tillage: 1 deep plow (20–25 cm) + 1 harrowing; good tilth easily achieved,Furrow or sprinkler irrigation; AWD or weekly irrigation; good drainage natural
Corn,Mangkasuy,November,2022,DS 2022-2023,Planting,2.22,26.38,19.97,31.80,83.62,98.40,17.64,Type I – Tropical Monsoon (PAGASA),Dry (Cool),Sandy Loam,Flat / Lowland,30,Tagamusing River,802.20,,,92.38,,,,Direct Seeding (Hill Planting / Furrow Method),Conventional Tillage: 1 deep plow (20–25 cm) + 1 harrowing; good tilth easily achieved,Furrow or sprinkler irrigation; AWD or weekly irrigation; good drainage natural
Corn,Mangkasuy,March,2023,DS 2022-2023,Harvest,0.16,26.48,17.91,36.41,67.71,98.55,22.69,Type I – Tropical Monsoon (PAGASA),Dry (Hot),Sandy Loam,Flat / Lowland,30,Tagamusing River,802.20,,,,92.38,695.78,7.53,Direct Seeding (Hill Planting / Furrow Method),Conventional Tillage: 1 deep plow (20–25 cm) + 1 harrowing; good tilth easily achieved,Furrow or sprinkler irrigation; AWD or weekly irrigation; good drainage natural
Corn,San Pablo,November,2022,DS 2022-2023,Planting,2.22,26.38,19.97,31.80,83.62,98.40,17.64,Type I – Tropical Monsoon (PAGASA),Dry (Cool),Sandy Loam,Flat / Lowland,30,San Pablo Creek,215.04,,,53.23,,,,Direct Seeding (Hill Planting / Furrow Method),Conventional Tillage: 1 deep plow (20–25 cm) + 1 harrowing; good tilth easily achieved,Furrow or sprinkler irrigation; AWD or weekly irrigation; good drainage natural
Corn,San Pablo,March,2023,DS 2022-2023,Harvest,0.16,26.48,17.91,36.41,67.71,98.55,22.69,Type I – Tropical Monsoon (PAGASA),Dry (Hot),Sandy Loam,Flat / Lowland,30,San Pablo Creek,215.04,,,,53.23,400.89,7.53,Direct Seeding (Hill Planting / Furrow Method),Conventional Tillage: 1 deep plow (20–25 cm) + 1 harrowing; good tilth easily achieved,Furrow or sprinkler irrigation; AWD or weekly irrigation; good drainage natural
Corn,Balangobong,November,2022,DS 2022-2023,Planting,2.22,26.38,19.97,31.80,83.62,98.40,17.64,Type I – Tropical Monsoon (PAGASA),Dry (Cool),Silty Clay Loam,Flat / Lowland,30,—,281.40,,,53.25,,,,Direct Seeding (Furrow Method on Raised Beds),Deep Tillage (25 cm): 1–2 plowings; form raised beds 20–25 cm high to prevent waterlogging,Furrow irrigation only (not flood); ensure bed drainage; drain excess after rain
Corn,Balangobong,March,2023,DS 2022-2023,Harvest,0.16,26.48,17.91,36.41,67.71,98.55,22.69,Type I – Tropical Monsoon (PAGASA),Dry (Hot),Silty Clay Loam,Flat / Lowland,30,—,281.40,,,,53.26,401.09,7.53,Direct Seeding (Furrow Method on Raised Beds),Deep Tillage (25 cm): 1–2 plowings; form raised beds 20–25 cm high to prevent waterlogging,Furrow irrigation only (not flood); ensure bed drainage; drain excess after rain
Corn,San Felipe Central,November,2022,DS 2022-2023,Planting,2.22,26.38,19.97,31.80,83.62,98.40,17.64,Type I – Tropical Monsoon (PAGASA),Dry (Cool),Sandy Loam,Flat / Lowland,30,—,452.76,,,66.39,,,,Direct Seeding (Hill Planting / Furrow Method),Conventional Tillage: 1 deep plow (20–25 cm) + 1 harrowing; good tilth easily achieved,Furrow or sprinkler irrigation; AWD or weekly irrigation; good drainage natural
Corn,San Felipe Central,March,2023,DS 2022-2023,Harvest,0.16,26.48,17.91,36.41,67.71,98.55,22.69,Type I – Tropical Monsoon (PAGASA),Dry (Hot),Sandy Loam,Flat / Lowland,30,—,452.76,,,,66.39,500.06,7.53,Direct Seeding (Hill Planting / Furrow Method),Conventional Tillage: 1 deep plow (20–25 cm) + 1 harrowing; good tilth easily achieved,Furrow or sprinkler irrigation; AWD or weekly irrigation; good drainage natural
Corn,San Felipe Sur,November,2022,DS 2022-2023,Planting,2.22,26.38,19.97,31.80,83.62,98.40,17.64,Type I – Tropical Monsoon (PAGASA),Dry (Cool),Sandy Loam,Flat / Lowland,30,Tagamusing River,504.00,,,68.83,,,,Direct Seeding (Hill Planting / Furrow Method),Conventional Tillage: 1 deep plow (20–25 cm) + 1 harrowing; good tilth easily achieved,Furrow or sprinkler irrigation; AWD or weekly irrigation; good drainage natural
Corn,San Felipe Sur,March,2023,DS 2022-2023,Harvest,0.16,26.48,17.91,36.41,67.71,98.55,22.69,Type I – Tropical Monsoon (PAGASA),Dry (Hot),Sandy Loam,Flat / Lowland,30,Tagamusing River,504.00,,,,68.83,518.43,7.53,Direct Seeding (Hill Planting / Furrow Method),Conventional Tillage: 1 deep plow (20–25 cm) + 1 harrowing; good tilth easily achieved,Furrow or sprinkler irrigation; AWD or weekly irrigation; good drainage natural
Corn,Pasileng Sur,November,2022,DS 2022-2023,Planting,2.22,26.38,19.97,31.80,83.62,98.40,17.64,Type I – Tropical Monsoon (PAGASA),Dry (Cool),Sandy Loam,Flat / Lowland,30,Tagamusing River,414.96,,,69.82,,,,Direct Seeding (Hill Planting / Furrow Method),Conventional Tillage: 1 deep plow (20–25 cm) + 1 harrowing; good tilth easily achieved,Furrow or sprinkler irrigation; AWD or weekly irrigation; good drainage natural
Corn,Pasileng Sur,March,2023,DS 2022-2023,Harvest,0.16,26.48,17.91,36.41,67.71,98.55,22.69,Type I – Tropical Monsoon (PAGASA),Dry (Hot),Sandy Loam,Flat / Lowland,30,Tagamusing River,414.96,,,,69.82,525.89,7.53,Direct Seeding (Hill Planting / Furrow Method),Conventional Tillage: 1 deep plow (20–25 cm) + 1 harrowing; good tilth easily achieved,Furrow or sprinkler irrigation; AWD or weekly irrigation; good drainage natural
Corn,Sta. Maria Norte,November,2022,DS 2022-2023,Planting,2.22,26.38,19.97,31.80,83.62,98.40,17.64,Type I – Tropical Monsoon (PAGASA),Dry (Cool),Sandy Loam,Flat / Lowland,30,Tagamusing River,157.08,,,23.69,,,,Direct Seeding (Hill Planting / Furrow Method),Conventional Tillage: 1 deep plow (20–25 cm) + 1 harrowing; good tilth easily achieved,Furrow or sprinkler irrigation; AWD or weekly irrigation; good drainage natural
Corn,Sta. Maria Norte,March,2023,DS 2022-2023,Harvest,0.16,26.48,17.91,36.41,67.71,98.55,22.69,Type I – Tropical Monsoon (PAGASA),Dry (Hot),Sandy Loam,Flat / Lowland,30,Tagamusing River,157.08,,,,23.69,178.42,7.53,Direct Seeding (Hill Planting / Furrow Method),Conventional Tillage: 1 deep plow (20–25 cm) + 1 harrowing; good tilth easily achieved,Furrow or sprinkler irrigation; AWD or weekly irrigation; good drainage natural
Corn,Bugayong,November,2022,DS 2022-2023,Planting,2.22,26.38,19.97,31.80,83.62,98.40,17.64,Type I – Tropical Monsoon (PAGASA),Dry (Cool),Sandy Loam / Silty Clay Loam,Flat / Lowland,30,Aloragat River,346.08,,,21.30,,,,Direct Seeding (Furrow or Hill Method),Conventional Tillage: 1 deep plow + harrowing; ensure good drainage channels,Furrow irrigation; avoid waterlogging — clay fraction retains excess moisture
Corn,Bugayong,March,2023,DS 2022-2023,Harvest,0.16,26.48,17.91,36.41,67.71,98.55,22.69,Type I – Tropical Monsoon (PAGASA),Dry (Hot),Sandy Loam / Silty Clay Loam,Flat / Lowland,30,Aloragat River,346.08,,,,21.30,160.42,7.53,Direct Seeding (Furrow or Hill Method),Conventional Tillage: 1 deep plow + harrowing; ensure good drainage channels,Furrow irrigation; avoid waterlogging — clay fraction retains excess moisture
Corn,Santiago,November,2022,DS 2022-2023,Planting,2.22,26.38,19.97,31.80,83.62,98.40,17.64,Type I – Tropical Monsoon (PAGASA),Dry (Cool),Silty Clay Loam,Flat / Lowland,30,—,283.08,,,70.65,,,,Direct Seeding (Furrow Method on Raised Beds),Deep Tillage (25 cm): 1–2 plowings; form raised beds 20–25 cm high to prevent waterlogging,Furrow irrigation only (not flood); ensure bed drainage; drain excess after rain
Corn,Santiago,March,2023,DS 2022-2023,Harvest,0.16,26.48,17.91,36.41,67.71,98.55,22.69,Type I – Tropical Monsoon (PAGASA),Dry (Hot),Silty Clay Loam,Flat / Lowland,30,—,283.08,,,,70.65,531.99,7.53,Direct Seeding (Furrow Method on Raised Beds),Deep Tillage (25 cm): 1–2 plowings; form raised beds 20–25 cm high to prevent waterlogging,Furrow irrigation only (not flood); ensure bed drainage; drain excess after rain
Corn,Pasileng Norte,November,2023,DS 2023-2024,Planting,1.34,26.50,19.59,32.04,81.69,98.49,17.20,Type I – Tropical Monsoon (PAGASA),Dry (Cool),Sandy Loam,Flat / Lowland,30,Tagamusing River,140.28,,,42.70,,,,Direct Seeding (Hill Planting / Furrow Method),Conventional Tillage: 1 deep plow (20–25 cm) + 1 harrowing; good tilth easily achieved,Furrow or sprinkler irrigation; AWD or weekly irrigation; good drainage natural
Corn,Pasileng Norte,March,2024,DS 2023-2024,Harvest,45.00,26.50,22.10,31.60,70.00,,,Type I – Tropical Monsoon (PAGASA),Dry (Hot),Sandy Loam,Flat / Lowland,30,Tagamusing River,140.28,,,,41.22,297.46,7.22,Direct Seeding (Hill Planting / Furrow Method),Conventional Tillage: 1 deep plow (20–25 cm) + 1 harrowing; good tilth easily achieved,Furrow or sprinkler irrigation; AWD or weekly irrigation; good drainage natural
Corn,Tabuyoc,November,2023,DS 2023-2024,Planting,1.34,26.50,19.59,32.04,81.69,98.49,17.20,Type I – Tropical Monsoon (PAGASA),Dry (Cool),Silty Clay Loam,Flat / Lowland,30,—,277.20,,,66.12,,,,Direct Seeding (Furrow Method on Raised Beds),Deep Tillage (25 cm): 1–2 plowings; form raised beds 20–25 cm high to prevent waterlogging,Furrow irrigation only (not flood); ensure bed drainage; drain excess after rain
Corn,Tabuyoc,March,2024,DS 2023-2024,Harvest,45.00,26.50,22.10,31.60,70.00,,,Type I – Tropical Monsoon (PAGASA),Dry (Hot),Silty Clay Loam,Flat / Lowland,30,—,277.20,,,,63.83,460.63,7.22,Direct Seeding (Furrow Method on Raised Beds),Deep Tillage (25 cm): 1–2 plowings; form raised beds 20–25 cm high to prevent waterlogging,Furrow irrigation only (not flood); ensure bed drainage; drain excess after rain
Corn,Bued,November,2023,DS 2023-2024,Planting,1.34,26.50,19.59,32.04,81.69,98.49,17.20,Type I – Tropical Monsoon (PAGASA),Dry (Cool),Silty Clay Loam,Flat / Lowland,30,Tagamusing River,210.84,,,49.95,,,,Direct Seeding (Furrow Method on Raised Beds),Deep Tillage (25 cm): 1–2 plowings; form raised beds 20–25 cm high to prevent waterlogging,Furrow irrigation only (not flood); ensure bed drainage; drain excess after rain
Corn,Bued,March,2024,DS 2023-2024,Harvest,45.00,26.50,22.10,31.60,70.00,,,Type I – Tropical Monsoon (PAGASA),Dry (Hot),Silty Clay Loam,Flat / Lowland,30,Tagamusing River,210.84,,,,48.22,347.95,7.22,Direct Seeding (Furrow Method on Raised Beds),Deep Tillage (25 cm): 1–2 plowings; form raised beds 20–25 cm high to prevent waterlogging,Furrow irrigation only (not flood); ensure bed drainage; drain excess after rain
Corn,Dumayat,November,2023,DS 2023-2024,Planting,1.34,26.50,19.59,32.04,81.69,98.49,17.20,Type I – Tropical Monsoon (PAGASA),Dry (Cool),Silty Clay Loam,Flat / Lowland,30,—,266.28,,,38.99,,,,Direct Seeding (Furrow Method on Raised Beds),Deep Tillage (25 cm): 1–2 plowings; form raised beds 20–25 cm high to prevent waterlogging,Furrow irrigation only (not flood); ensure bed drainage; drain excess after rain
Corn,Dumayat,March,2024,DS 2023-2024,Harvest,45.00,26.50,22.10,31.60,70.00,,,Type I – Tropical Monsoon (PAGASA),Dry (Hot),Silty Clay Loam,Flat / Lowland,30,—,266.28,,,,37.64,271.61,7.22,Direct Seeding (Furrow Method on Raised Beds),Deep Tillage (25 cm): 1–2 plowings; form raised beds 20–25 cm high to prevent waterlogging,Furrow irrigation only (not flood); ensure bed drainage; drain excess after rain
Corn,Camanggaan,November,2023,DS 2023-2024,Planting,1.34,26.50,19.59,32.04,81.69,98.49,17.20,Type I – Tropical Monsoon (PAGASA),Dry (Cool),Sandy Loam,Flat / Lowland,30,—,244.44,,,28.86,,,,Direct Seeding (Hill Planting / Furrow Method),Conventional Tillage: 1 deep plow (20–25 cm) + 1 harrowing; good tilth easily achieved,Furrow or sprinkler irrigation; AWD or weekly irrigation; good drainage natural
Corn,Camanggaan,March,2024,DS 2023-2024,Harvest,45.00,26.50,22.10,31.60,70.00,,,Type I – Tropical Monsoon (PAGASA),Dry (Hot),Sandy Loam,Flat / Lowland,30,—,244.44,,,,27.86,201.05,7.22,Direct Seeding (Hill Planting / Furrow Method),Conventional Tillage: 1 deep plow (20–25 cm) + 1 harrowing; good tilth easily achieved,Furrow or sprinkler irrigation; AWD or weekly irrigation; good drainage natural
Corn,Vacante,November,2023,DS 2023-2024,Planting,1.34,26.50,19.59,32.04,81.69,98.49,17.20,Type I – Tropical Monsoon (PAGASA),Dry (Cool),Silty Clay Loam,Flat / Lowland,30,Aloragat River,484.68,,,55.68,,,,Direct Seeding (Furrow Method on Raised Beds),Deep Tillage (25 cm): 1–2 plowings; form raised beds 20–25 cm high to prevent waterlogging,Furrow irrigation only (not flood); ensure bed drainage; drain excess after rain
Corn,Vacante,March,2024,DS 2023-2024,Harvest,45.00,26.50,22.10,31.60,70.00,,,Type I – Tropical Monsoon (PAGASA),Dry (Hot),Silty Clay Loam,Flat / Lowland,30,Aloragat River,484.68,,,,53.75,387.86,7.22,Direct Seeding (Furrow Method on Raised Beds),Deep Tillage (25 cm): 1–2 plowings; form raised beds 20–25 cm high to prevent waterlogging,Furrow irrigation only (not flood); ensure bed drainage; drain excess after rain
Corn,Sta. Catalina,November,2023,DS 2023-2024,Planting,1.34,26.50,19.59,32.04,81.69,98.49,17.20,Type I – Tropical Monsoon (PAGASA),Dry (Cool),Fine Sand / Sandy Loam,Moderately Sloping / Highland,90,—,709.80,,,94.73,,,,Direct Seeding (Hills or Furrow Method),Minimum Tillage; deep ripping to break hardpan; avoid over-disturbance,Furrow irrigation; frequent light watering; mulch to retain soil moisture
Corn,Sta. Catalina,March,2024,DS 2023-2024,Harvest,45.00,26.50,22.10,31.60,70.00,,,Type I – Tropical Monsoon (PAGASA),Dry (Hot),Fine Sand / Sandy Loam,Moderately Sloping / Highland,90,—,709.80,,,,91.45,659.95,7.22,Direct Seeding (Hills or Furrow Method),Minimum Tillage; deep ripping to break hardpan; avoid over-disturbance,Furrow irrigation; frequent light watering; mulch to retain soil moisture
Corn,Moreno,November,2023,DS 2023-2024,Planting,1.34,26.50,19.59,32.04,81.69,98.49,17.20,Type I – Tropical Monsoon (PAGASA),Dry (Cool),Sandy Loam,Moderately Sloping / Highland,90,Alibeng River,641.76,,,67.87,,,,Direct Seeding (Hill Planting / Furrow Method),Conventional Tillage: 1 deep plow (20–25 cm) + 1 harrowing; good tilth easily achieved,Furrow or sprinkler irrigation; AWD or weekly irrigation; good drainage natural
Corn,Moreno,March,2024,DS 2023-2024,Harvest,45.00,26.50,22.10,31.60,70.00,,,Type I – Tropical Monsoon (PAGASA),Dry (Hot),Sandy Loam,Moderately Sloping / Highland,90,Alibeng River,641.76,,,,65.51,472.78,7.22,Direct Seeding (Hill Planting / Furrow Method),Conventional Tillage: 1 deep plow (20–25 cm) + 1 harrowing; good tilth easily achieved,Furrow or sprinkler irrigation; AWD or weekly irrigation; good drainage natural
Corn,Cili,November,2023,DS 2023-2024,Planting,1.34,26.50,19.59,32.04,81.69,98.49,17.20,Type I – Tropical Monsoon (PAGASA),Dry (Cool),Silty Clay Loam,Flat / Lowland,30,Alibeng River,264.60,,,63.36,,,,Direct Seeding (Furrow Method on Raised Beds),Deep Tillage (25 cm): 1–2 plowings; form raised beds 20–25 cm high to prevent waterlogging,Furrow irrigation only (not flood); ensure bed drainage; drain excess after rain
Corn,Cili,March,2024,DS 2023-2024,Harvest,45.00,26.50,22.10,31.60,70.00,,,Type I – Tropical Monsoon (PAGASA),Dry (Hot),Silty Clay Loam,Flat / Lowland,30,Alibeng River,264.60,,,,61.17,441.41,7.22,Direct Seeding (Furrow Method on Raised Beds),Deep Tillage (25 cm): 1–2 plowings; form raised beds 20–25 cm high to prevent waterlogging,Furrow irrigation only (not flood); ensure bed drainage; drain excess after rain
Corn,Linmansangan,November,2023,DS 2023-2024,Planting,1.34,26.50,19.59,32.04,81.69,98.49,17.20,Type I – Tropical Monsoon (PAGASA),Dry (Cool),Silty Clay Loam,Flat / Lowland,30,—,492.24,,,95.16,,,,Direct Seeding (Furrow Method on Raised Beds),Deep Tillage (25 cm): 1–2 plowings; form raised beds 20–25 cm high to prevent waterlogging,Furrow irrigation only (not flood); ensure bed drainage; drain excess after rain
Corn,Linmansangan,March,2024,DS 2023-2024,Harvest,45.00,26.50,22.10,31.60,70.00,,,Type I – Tropical Monsoon (PAGASA),Dry (Hot),Silty Clay Loam,Flat / Lowland,30,—,492.24,,,,91.87,662.96,7.22,Direct Seeding (Furrow Method on Raised Beds),Deep Tillage (25 cm): 1–2 plowings; form raised beds 20–25 cm high to prevent waterlogging,Furrow irrigation only (not flood); ensure bed drainage; drain excess after rain
Corn,Sumabnit,November,2023,DS 2023-2024,Planting,1.34,26.50,19.59,32.04,81.69,98.49,17.20,Type I – Tropical Monsoon (PAGASA),Dry (Cool),Silty Clay Loam / Fine Sandy Loam,Flat / Lowland,30,Tagamusing River,406.56,,,85.69,,,,Direct Seeding (Hills or Furrow Method),Minimum Tillage; deep ripping to break hardpan; avoid over-disturbance,Furrow irrigation; frequent light watering; mulch to retain soil moisture
Corn,Sumabnit,March,2024,DS 2023-2024,Harvest,45.00,26.50,22.10,31.60,70.00,,,Type I – Tropical Monsoon (PAGASA),Dry (Hot),Silty Clay Loam / Fine Sandy Loam,Flat / Lowland,30,Tagamusing River,406.56,,,,82.72,596.95,7.22,Direct Seeding (Hills or Furrow Method),Minimum Tillage; deep ripping to break hardpan; avoid over-disturbance,Furrow irrigation; frequent light watering; mulch to retain soil moisture
Corn,Capas,November,2023,DS 2023-2024,Planting,1.34,26.50,19.59,32.04,81.69,98.49,17.20,Type I – Tropical Monsoon (PAGASA),Dry (Cool),Sandy Loam,Flat / Lowland,30,—,377.16,,,120.51,,,,Direct Seeding (Hill Planting / Furrow Method),Conventional Tillage: 1 deep plow (20–25 cm) + 1 harrowing; good tilth easily achieved,Furrow or sprinkler irrigation; AWD or weekly irrigation; good drainage natural
Corn,Capas,March,2024,DS 2023-2024,Harvest,45.00,26.50,22.10,31.60,70.00,,,Type I – Tropical Monsoon (PAGASA),Dry (Hot),Sandy Loam,Flat / Lowland,30,—,377.16,,,,116.34,839.54,7.22,Direct Seeding (Hill Planting / Furrow Method),Conventional Tillage: 1 deep plow (20–25 cm) + 1 harrowing; good tilth easily achieved,Furrow or sprinkler irrigation; AWD or weekly irrigation; good drainage natural
Corn,Mangkasuy,November,2023,DS 2023-2024,Planting,1.34,26.50,19.59,32.04,81.69,98.49,17.20,Type I – Tropical Monsoon (PAGASA),Dry (Cool),Sandy Loam,Flat / Lowland,30,Tagamusing River,802.20,,,108.36,,,,Direct Seeding (Hill Planting / Furrow Method),Conventional Tillage: 1 deep plow (20–25 cm) + 1 harrowing; good tilth easily achieved,Furrow or sprinkler irrigation; AWD or weekly irrigation; good drainage natural
Corn,Mangkasuy,March,2024,DS 2023-2024,Harvest,45.00,26.50,22.10,31.60,70.00,,,Type I – Tropical Monsoon (PAGASA),Dry (Hot),Sandy Loam,Flat / Lowland,30,Tagamusing River,802.20,,,,104.60,754.86,7.22,Direct Seeding (Hill Planting / Furrow Method),Conventional Tillage: 1 deep plow (20–25 cm) + 1 harrowing; good tilth easily achieved,Furrow or sprinkler irrigation; AWD or weekly irrigation; good drainage natural
Corn,San Pablo,November,2023,DS 2023-2024,Planting,1.34,26.50,19.59,32.04,81.69,98.49,17.20,Type I – Tropical Monsoon (PAGASA),Dry (Cool),Sandy Loam,Flat / Lowland,30,San Pablo Creek,215.04,,,62.43,,,,Direct Seeding (Hill Planting / Furrow Method),Conventional Tillage: 1 deep plow (20–25 cm) + 1 harrowing; good tilth easily achieved,Furrow or sprinkler irrigation; AWD or weekly irrigation; good drainage natural
Corn,San Pablo,March,2024,DS 2023-2024,Harvest,45.00,26.50,22.10,31.60,70.00,,,Type I – Tropical Monsoon (PAGASA),Dry (Hot),Sandy Loam,Flat / Lowland,30,San Pablo Creek,215.04,,,,60.27,434.93,7.22,Direct Seeding (Hill Planting / Furrow Method),Conventional Tillage: 1 deep plow (20–25 cm) + 1 harrowing; good tilth easily achieved,Furrow or sprinkler irrigation; AWD or weekly irrigation; good drainage natural
Corn,Balangobong,November,2023,DS 2023-2024,Planting,1.34,26.50,19.59,32.04,81.69,98.49,17.20,Type I – Tropical Monsoon (PAGASA),Dry (Cool),Silty Clay Loam,Flat / Lowland,30,—,281.40,,,62.46,,,,Direct Seeding (Furrow Method on Raised Beds),Deep Tillage (25 cm): 1–2 plowings; form raised beds 20–25 cm high to prevent waterlogging,Furrow irrigation only (not flood); ensure bed drainage; drain excess after rain
Corn,Balangobong,March,2024,DS 2023-2024,Harvest,45.00,26.50,22.10,31.60,70.00,,,Type I – Tropical Monsoon (PAGASA),Dry (Hot),Silty Clay Loam,Flat / Lowland,30,—,281.40,,,,60.30,435.16,7.22,Direct Seeding (Furrow Method on Raised Beds),Deep Tillage (25 cm): 1–2 plowings; form raised beds 20–25 cm high to prevent waterlogging,Furrow irrigation only (not flood); ensure bed drainage; drain excess after rain
Corn,San Felipe Central,November,2023,DS 2023-2024,Planting,1.34,26.50,19.59,32.04,81.69,98.49,17.20,Type I – Tropical Monsoon (PAGASA),Dry (Cool),Sandy Loam,Flat / Lowland,30,—,452.76,,,77.88,,,,Direct Seeding (Hill Planting / Furrow Method),Conventional Tillage: 1 deep plow (20–25 cm) + 1 harrowing; good tilth easily achieved,Furrow or sprinkler irrigation; AWD or weekly irrigation; good drainage natural
Corn,San Felipe Central,March,2024,DS 2023-2024,Harvest,45.00,26.50,22.10,31.60,70.00,,,Type I – Tropical Monsoon (PAGASA),Dry (Hot),Sandy Loam,Flat / Lowland,30,—,452.76,,,,75.18,542.52,7.22,Direct Seeding (Hill Planting / Furrow Method),Conventional Tillage: 1 deep plow (20–25 cm) + 1 harrowing; good tilth easily achieved,Furrow or sprinkler irrigation; AWD or weekly irrigation; good drainage natural
Corn,San Felipe Sur,November,2023,DS 2023-2024,Planting,1.34,26.50,19.59,32.04,81.69,98.49,17.20,Type I – Tropical Monsoon (PAGASA),Dry (Cool),Sandy Loam,Flat / Lowland,30,Tagamusing River,504.00,,,80.74,,,,Direct Seeding (Hill Planting / Furrow Method),Conventional Tillage: 1 deep plow (20–25 cm) + 1 harrowing; good tilth easily achieved,Furrow or sprinkler irrigation; AWD or weekly irrigation; good drainage natural
Corn,San Felipe Sur,March,2024,DS 2023-2024,Harvest,45.00,26.50,22.10,31.60,70.00,,,Type I – Tropical Monsoon (PAGASA),Dry (Hot),Sandy Loam,Flat / Lowland,30,Tagamusing River,504.00,,,,77.94,562.46,7.22,Direct Seeding (Hill Planting / Furrow Method),Conventional Tillage: 1 deep plow (20–25 cm) + 1 harrowing; good tilth easily achieved,Furrow or sprinkler irrigation; AWD or weekly irrigation; good drainage natural
Corn,Pasileng Sur,November,2023,DS 2023-2024,Planting,1.34,26.50,19.59,32.04,81.69,98.49,17.20,Type I – Tropical Monsoon (PAGASA),Dry (Cool),Sandy Loam,Flat / Lowland,30,Tagamusing River,414.96,,,81.90,,,,Direct Seeding (Hill Planting / Furrow Method),Conventional Tillage: 1 deep plow (20–25 cm) + 1 harrowing; good tilth easily achieved,Furrow or sprinkler irrigation; AWD or weekly irrigation; good drainage natural
Corn,Pasileng Sur,March,2024,DS 2023-2024,Harvest,45.00,26.50,22.10,31.60,70.00,,,Type I – Tropical Monsoon (PAGASA),Dry (Hot),Sandy Loam,Flat / Lowland,30,Tagamusing River,414.96,,,,79.06,570.55,7.22,Direct Seeding (Hill Planting / Furrow Method),Conventional Tillage: 1 deep plow (20–25 cm) + 1 harrowing; good tilth easily achieved,Furrow or sprinkler irrigation; AWD or weekly irrigation; good drainage natural
Corn,Sta. Maria Norte,November,2023,DS 2023-2024,Planting,1.34,26.50,19.59,32.04,81.69,98.49,17.20,Type I – Tropical Monsoon (PAGASA),Dry (Cool),Sandy Loam,Flat / Lowland,30,Tagamusing River,157.08,,,27.79,,,,Direct Seeding (Hill Planting / Furrow Method),Conventional Tillage: 1 deep plow (20–25 cm) + 1 harrowing; good tilth easily achieved,Furrow or sprinkler irrigation; AWD or weekly irrigation; good drainage natural
Corn,Sta. Maria Norte,March,2024,DS 2023-2024,Harvest,45.00,26.50,22.10,31.60,70.00,,,Type I – Tropical Monsoon (PAGASA),Dry (Hot),Sandy Loam,Flat / Lowland,30,Tagamusing River,157.08,,,,26.82,193.57,7.22,Direct Seeding (Hill Planting / Furrow Method),Conventional Tillage: 1 deep plow (20–25 cm) + 1 harrowing; good tilth easily achieved,Furrow or sprinkler irrigation; AWD or weekly irrigation; good drainage natural
Corn,Bugayong,November,2023,DS 2023-2024,Planting,1.34,26.50,19.59,32.04,81.69,98.49,17.20,Type I – Tropical Monsoon (PAGASA),Dry (Cool),Sandy Loam / Silty Clay Loam,Flat / Lowland,30,Aloragat River,346.08,,,24.98,,,,Direct Seeding (Furrow or Hill Method),Conventional Tillage: 1 deep plow + harrowing; ensure good drainage channels,Furrow irrigation; avoid waterlogging — clay fraction retains excess moisture
Corn,Bugayong,March,2024,DS 2023-2024,Harvest,45.00,26.50,22.10,31.60,70.00,,,Type I – Tropical Monsoon (PAGASA),Dry (Hot),Sandy Loam / Silty Clay Loam,Flat / Lowland,30,Aloragat River,346.08,,,,24.12,174.04,7.22,Direct Seeding (Furrow or Hill Method),Conventional Tillage: 1 deep plow + harrowing; ensure good drainage channels,Furrow irrigation; avoid waterlogging — clay fraction retains excess moisture
Corn,Santiago,November,2023,DS 2023-2024,Planting,1.34,26.50,19.59,32.04,81.69,98.49,17.20,Type I – Tropical Monsoon (PAGASA),Dry (Cool),Silty Clay Loam,Flat / Lowland,30,—,283.08,,,82.84,,,,Direct Seeding (Furrow Method on Raised Beds),Deep Tillage (25 cm): 1–2 plowings; form raised beds 20–25 cm high to prevent waterlogging,Furrow irrigation only (not flood); ensure bed drainage; drain excess after rain
Corn,Santiago,March,2024,DS 2023-2024,Harvest,45.00,26.50,22.10,31.60,70.00,,,Type I – Tropical Monsoon (PAGASA),Dry (Hot),Silty Clay Loam,Flat / Lowland,30,—,283.08,,,,79.98,577.14,7.22,Direct Seeding (Furrow Method on Raised Beds),Deep Tillage (25 cm): 1–2 plowings; form raised beds 20–25 cm high to prevent waterlogging,Furrow irrigation only (not flood); ensure bed drainage; drain excess after rain
Corn,Pasileng Norte,November,2024,DS 2024-2025,Planting,88.00,25.80,22.20,30.20,79.00,,,Type I – Tropical Monsoon (PAGASA),Dry (Cool),Sandy Loam,Flat / Lowland,30,Tagamusing River,140.28,,,44.51,,,,Direct Seeding (Hill Planting / Furrow Method),Conventional Tillage: 1 deep plow (20–25 cm) + 1 harrowing; good tilth easily achieved,Furrow or sprinkler irrigation; AWD or weekly irrigation; good drainage natural
Corn,Pasileng Norte,March,2025,DS 2024-2025,Harvest,45.00,26.50,22.10,31.60,70.00,,,Type I – Tropical Monsoon (PAGASA),Dry (Hot),Sandy Loam,Flat / Lowland,30,Tagamusing River,140.28,,,,44.51,347.20,7.80,Direct Seeding (Hill Planting / Furrow Method),Conventional Tillage: 1 deep plow (20–25 cm) + 1 harrowing; good tilth easily achieved,Furrow or sprinkler irrigation; AWD or weekly irrigation; good drainage natural
Corn,Tabuyoc,November,2024,DS 2024-2025,Planting,88.00,25.80,22.20,30.20,79.00,,,Type I – Tropical Monsoon (PAGASA),Dry (Cool),Silty Clay Loam,Flat / Lowland,30,—,277.20,,,68.93,,,,Direct Seeding (Furrow Method on Raised Beds),Deep Tillage (25 cm): 1–2 plowings; form raised beds 20–25 cm high to prevent waterlogging,Furrow irrigation only (not flood); ensure bed drainage; drain excess after rain
Corn,Tabuyoc,March,2025,DS 2024-2025,Harvest,45.00,26.50,22.10,31.60,70.00,,,Type I – Tropical Monsoon (PAGASA),Dry (Hot),Silty Clay Loam,Flat / Lowland,30,—,277.20,,,,68.93,537.67,7.80,Direct Seeding (Furrow Method on Raised Beds),Deep Tillage (25 cm): 1–2 plowings; form raised beds 20–25 cm high to prevent waterlogging,Furrow irrigation only (not flood); ensure bed drainage; drain excess after rain
Corn,Bued,November,2024,DS 2024-2025,Planting,88.00,25.80,22.20,30.20,79.00,,,Type I – Tropical Monsoon (PAGASA),Dry (Cool),Silty Clay Loam,Flat / Lowland,30,Tagamusing River,210.84,,,52.07,,,,Direct Seeding (Furrow Method on Raised Beds),Deep Tillage (25 cm): 1–2 plowings; form raised beds 20–25 cm high to prevent waterlogging,Furrow irrigation only (not flood); ensure bed drainage; drain excess after rain
Corn,Bued,March,2025,DS 2024-2025,Harvest,45.00,26.50,22.10,31.60,70.00,,,Type I – Tropical Monsoon (PAGASA),Dry (Hot),Silty Clay Loam,Flat / Lowland,30,Tagamusing River,210.84,,,,52.07,406.14,7.80,Direct Seeding (Furrow Method on Raised Beds),Deep Tillage (25 cm): 1–2 plowings; form raised beds 20–25 cm high to prevent waterlogging,Furrow irrigation only (not flood); ensure bed drainage; drain excess after rain
Corn,Dumayat,November,2024,DS 2024-2025,Planting,88.00,25.80,22.20,30.20,79.00,,,Type I – Tropical Monsoon (PAGASA),Dry (Cool),Silty Clay Loam,Flat / Lowland,30,—,266.28,,,40.64,,,,Direct Seeding (Furrow Method on Raised Beds),Deep Tillage (25 cm): 1–2 plowings; form raised beds 20–25 cm high to prevent waterlogging,Furrow irrigation only (not flood); ensure bed drainage; drain excess after rain
Corn,Dumayat,March,2025,DS 2024-2025,Harvest,45.00,26.50,22.10,31.60,70.00,,,Type I – Tropical Monsoon (PAGASA),Dry (Hot),Silty Clay Loam,Flat / Lowland,30,—,266.28,,,,40.64,317.03,7.80,Direct Seeding (Furrow Method on Raised Beds),Deep Tillage (25 cm): 1–2 plowings; form raised beds 20–25 cm high to prevent waterlogging,Furrow irrigation only (not flood); ensure bed drainage; drain excess after rain
Corn,Camanggaan,November,2024,DS 2024-2025,Planting,88.00,25.80,22.20,30.20,79.00,,,Type I – Tropical Monsoon (PAGASA),Dry (Cool),Sandy Loam,Flat / Lowland,30,—,244.44,,,30.09,,,,Direct Seeding (Hill Planting / Furrow Method),Conventional Tillage: 1 deep plow (20–25 cm) + 1 harrowing; good tilth easily achieved,Furrow or sprinkler irrigation; AWD or weekly irrigation; good drainage natural
Corn,Camanggaan,March,2025,DS 2024-2025,Harvest,45.00,26.50,22.10,31.60,70.00,,,Type I – Tropical Monsoon (PAGASA),Dry (Hot),Sandy Loam,Flat / Lowland,30,—,244.44,,,,30.09,234.67,7.80,Direct Seeding (Hill Planting / Furrow Method),Conventional Tillage: 1 deep plow (20–25 cm) + 1 harrowing; good tilth easily achieved,Furrow or sprinkler irrigation; AWD or weekly irrigation; good drainage natural
Corn,Vacante,November,2024,DS 2024-2025,Planting,88.00,25.80,22.20,30.20,79.00,,,Type I – Tropical Monsoon (PAGASA),Dry (Cool),Silty Clay Loam,Flat / Lowland,30,Aloragat River,484.68,,,58.04,,,,Direct Seeding (Furrow Method on Raised Beds),Deep Tillage (25 cm): 1–2 plowings; form raised beds 20–25 cm high to prevent waterlogging,Furrow irrigation only (not flood); ensure bed drainage; drain excess after rain
Corn,Vacante,March,2025,DS 2024-2025,Harvest,45.00,26.50,22.10,31.60,70.00,,,Type I – Tropical Monsoon (PAGASA),Dry (Hot),Silty Clay Loam,Flat / Lowland,30,Aloragat River,484.68,,,,58.04,452.73,7.80,Direct Seeding (Furrow Method on Raised Beds),Deep Tillage (25 cm): 1–2 plowings; form raised beds 20–25 cm high to prevent waterlogging,Furrow irrigation only (not flood); ensure bed drainage; drain excess after rain
Corn,Sta. Catalina,November,2024,DS 2024-2025,Planting,88.00,25.80,22.20,30.20,79.00,,,Type I – Tropical Monsoon (PAGASA),Dry (Cool),Fine Sand / Sandy Loam,Moderately Sloping / Highland,90,—,709.80,,,98.76,,,,Direct Seeding (Hills or Furrow Method),Minimum Tillage; deep ripping to break hardpan; avoid over-disturbance,Furrow irrigation; frequent light watering; mulch to retain soil moisture
Corn,Sta. Catalina,March,2025,DS 2024-2025,Harvest,45.00,26.50,22.10,31.60,70.00,,,Type I – Tropical Monsoon (PAGASA),Dry (Hot),Fine Sand / Sandy Loam,Moderately Sloping / Highland,90,—,709.80,,,,98.76,770.31,7.80,Direct Seeding (Hills or Furrow Method),Minimum Tillage; deep ripping to break hardpan; avoid over-disturbance,Furrow irrigation; frequent light watering; mulch to retain soil moisture
Corn,Moreno,November,2024,DS 2024-2025,Planting,88.00,25.80,22.20,30.20,79.00,,,Type I – Tropical Monsoon (PAGASA),Dry (Cool),Sandy Loam,Moderately Sloping / Highland,90,Alibeng River,641.76,,,70.75,,,,Direct Seeding (Hill Planting / Furrow Method),Conventional Tillage: 1 deep plow (20–25 cm) + 1 harrowing; good tilth easily achieved,Furrow or sprinkler irrigation; AWD or weekly irrigation; good drainage natural
Corn,Moreno,March,2025,DS 2024-2025,Harvest,45.00,26.50,22.10,31.60,70.00,,,Type I – Tropical Monsoon (PAGASA),Dry (Hot),Sandy Loam,Moderately Sloping / Highland,90,Alibeng River,641.76,,,,70.75,551.84,7.80,Direct Seeding (Hill Planting / Furrow Method),Conventional Tillage: 1 deep plow (20–25 cm) + 1 harrowing; good tilth easily achieved,Furrow or sprinkler irrigation; AWD or weekly irrigation; good drainage natural
Corn,Cili,November,2024,DS 2024-2025,Planting,88.00,25.80,22.20,30.20,79.00,,,Type I – Tropical Monsoon (PAGASA),Dry (Cool),Silty Clay Loam,Flat / Lowland,30,Alibeng River,264.60,,,66.05,,,,Direct Seeding (Furrow Method on Raised Beds),Deep Tillage (25 cm): 1–2 plowings; form raised beds 20–25 cm high to prevent waterlogging,Furrow irrigation only (not flood); ensure bed drainage; drain excess after rain
Corn,Cili,March,2025,DS 2024-2025,Harvest,45.00,26.50,22.10,31.60,70.00,,,Type I – Tropical Monsoon (PAGASA),Dry (Hot),Silty Clay Loam,Flat / Lowland,30,Alibeng River,264.60,,,,66.05,515.23,7.80,Direct Seeding (Furrow Method on Raised Beds),Deep Tillage (25 cm): 1–2 plowings; form raised beds 20–25 cm high to prevent waterlogging,Furrow irrigation only (not flood); ensure bed drainage; drain excess after rain
Corn,Linmansangan,November,2024,DS 2024-2025,Planting,88.00,25.80,22.20,30.20,79.00,,,Type I – Tropical Monsoon (PAGASA),Dry (Cool),Silty Clay Loam,Flat / Lowland,30,—,492.24,,,99.21,,,,Direct Seeding (Furrow Method on Raised Beds),Deep Tillage (25 cm): 1–2 plowings; form raised beds 20–25 cm high to prevent waterlogging,Furrow irrigation only (not flood); ensure bed drainage; drain excess after rain
Corn,Linmansangan,March,2025,DS 2024-2025,Harvest,45.00,26.50,22.10,31.60,70.00,,,Type I – Tropical Monsoon (PAGASA),Dry (Hot),Silty Clay Loam,Flat / Lowland,30,—,492.24,,,,99.21,773.83,7.80,Direct Seeding (Furrow Method on Raised Beds),Deep Tillage (25 cm): 1–2 plowings; form raised beds 20–25 cm high to prevent waterlogging,Furrow irrigation only (not flood); ensure bed drainage; drain excess after rain
Corn,Sumabnit,November,2024,DS 2024-2025,Planting,88.00,25.80,22.20,30.20,79.00,,,Type I – Tropical Monsoon (PAGASA),Dry (Cool),Silty Clay Loam / Fine Sandy Loam,Flat / Lowland,30,Tagamusing River,406.56,,,89.33,,,,Direct Seeding (Hills or Furrow Method),Minimum Tillage; deep ripping to break hardpan; avoid over-disturbance,Furrow irrigation; frequent light watering; mulch to retain soil moisture
Corn,Sumabnit,March,2025,DS 2024-2025,Harvest,45.00,26.50,22.10,31.60,70.00,,,Type I – Tropical Monsoon (PAGASA),Dry (Hot),Silty Clay Loam / Fine Sandy Loam,Flat / Lowland,30,Tagamusing River,406.56,,,,89.33,696.78,7.80,Direct Seeding (Hills or Furrow Method),Minimum Tillage; deep ripping to break hardpan; avoid over-disturbance,Furrow irrigation; frequent light watering; mulch to retain soil moisture
Corn,Capas,November,2024,DS 2024-2025,Planting,88.00,25.80,22.20,30.20,79.00,,,Type I – Tropical Monsoon (PAGASA),Dry (Cool),Sandy Loam,Flat / Lowland,30,—,377.16,,,125.63,,,,Direct Seeding (Hill Planting / Furrow Method),Conventional Tillage: 1 deep plow (20–25 cm) + 1 harrowing; good tilth easily achieved,Furrow or sprinkler irrigation; AWD or weekly irrigation; good drainage natural
Corn,Capas,March,2025,DS 2024-2025,Harvest,45.00,26.50,22.10,31.60,70.00,,,Type I – Tropical Monsoon (PAGASA),Dry (Hot),Sandy Loam,Flat / Lowland,30,—,377.16,,,,125.63,979.94,7.80,Direct Seeding (Hill Planting / Furrow Method),Conventional Tillage: 1 deep plow (20–25 cm) + 1 harrowing; good tilth easily achieved,Furrow or sprinkler irrigation; AWD or weekly irrigation; good drainage natural
Corn,Mangkasuy,November,2024,DS 2024-2025,Planting,88.00,25.80,22.20,30.20,79.00,,,Type I – Tropical Monsoon (PAGASA),Dry (Cool),Sandy Loam,Flat / Lowland,30,Tagamusing River,802.20,,,112.96,,,,Direct Seeding (Hill Planting / Furrow Method),Conventional Tillage: 1 deep plow (20–25 cm) + 1 harrowing; good tilth easily achieved,Furrow or sprinkler irrigation; AWD or weekly irrigation; good drainage natural
Corn,Mangkasuy,March,2025,DS 2024-2025,Harvest,45.00,26.50,22.10,31.60,70.00,,,Type I – Tropical Monsoon (PAGASA),Dry (Hot),Sandy Loam,Flat / Lowland,30,Tagamusing River,802.20,,,,112.96,881.10,7.80,Direct Seeding (Hill Planting / Furrow Method),Conventional Tillage: 1 deep plow (20–25 cm) + 1 harrowing; good tilth easily achieved,Furrow or sprinkler irrigation; AWD or weekly irrigation; good drainage natural
Corn,San Pablo,November,2024,DS 2024-2025,Planting,88.00,25.80,22.20,30.20,79.00,,,Type I – Tropical Monsoon (PAGASA),Dry (Cool),Sandy Loam,Flat / Lowland,30,San Pablo Creek,215.04,,,65.08,,,,Direct Seeding (Hill Planting / Furrow Method),Conventional Tillage: 1 deep plow (20–25 cm) + 1 harrowing; good tilth easily achieved,Furrow or sprinkler irrigation; AWD or weekly irrigation; good drainage natural
Corn,San Pablo,March,2025,DS 2024-2025,Harvest,45.00,26.50,22.10,31.60,70.00,,,Type I – Tropical Monsoon (PAGASA),Dry (Hot),Sandy Loam,Flat / Lowland,30,San Pablo Creek,215.04,,,,65.08,507.66,7.80,Direct Seeding (Hill Planting / Furrow Method),Conventional Tillage: 1 deep plow (20–25 cm) + 1 harrowing; good tilth easily achieved,Furrow or sprinkler irrigation; AWD or weekly irrigation; good drainage natural
Corn,Balangobong,November,2024,DS 2024-2025,Planting,88.00,25.80,22.20,30.20,79.00,,,Type I – Tropical Monsoon (PAGASA),Dry (Cool),Silty Clay Loam,Flat / Lowland,30,—,281.40,,,65.12,,,,Direct Seeding (Furrow Method on Raised Beds),Deep Tillage (25 cm): 1–2 plowings; form raised beds 20–25 cm high to prevent waterlogging,Furrow irrigation only (not flood); ensure bed drainage; drain excess after rain
Corn,Balangobong,March,2025,DS 2024-2025,Harvest,45.00,26.50,22.10,31.60,70.00,,,Type I – Tropical Monsoon (PAGASA),Dry (Hot),Silty Clay Loam,Flat / Lowland,30,—,281.40,,,,65.12,507.93,7.80,Direct Seeding (Furrow Method on Raised Beds),Deep Tillage (25 cm): 1–2 plowings; form raised beds 20–25 cm high to prevent waterlogging,Furrow irrigation only (not flood); ensure bed drainage; drain excess after rain
Corn,San Felipe Central,November,2024,DS 2024-2025,Planting,88.00,25.80,22.20,30.20,79.00,,,Type I – Tropical Monsoon (PAGASA),Dry (Cool),Sandy Loam,Flat / Lowland,30,—,452.76,,,81.19,,,,Direct Seeding (Hill Planting / Furrow Method),Conventional Tillage: 1 deep plow (20–25 cm) + 1 harrowing; good tilth easily achieved,Furrow or sprinkler irrigation; AWD or weekly irrigation; good drainage natural
Corn,San Felipe Central,March,2025,DS 2024-2025,Harvest,45.00,26.50,22.10,31.60,70.00,,,Type I – Tropical Monsoon (PAGASA),Dry (Hot),Sandy Loam,Flat / Lowland,30,—,452.76,,,,81.19,633.25,7.80,Direct Seeding (Hill Planting / Furrow Method),Conventional Tillage: 1 deep plow (20–25 cm) + 1 harrowing; good tilth easily achieved,Furrow or sprinkler irrigation; AWD or weekly irrigation; good drainage natural
Corn,San Felipe Sur,November,2024,DS 2024-2025,Planting,88.00,25.80,22.20,30.20,79.00,,,Type I – Tropical Monsoon (PAGASA),Dry (Cool),Sandy Loam,Flat / Lowland,30,Tagamusing River,504.00,,,84.17,,,,Direct Seeding (Hill Planting / Furrow Method),Conventional Tillage: 1 deep plow (20–25 cm) + 1 harrowing; good tilth easily achieved,Furrow or sprinkler irrigation; AWD or weekly irrigation; good drainage natural
Corn,San Felipe Sur,March,2025,DS 2024-2025,Harvest,45.00,26.50,22.10,31.60,70.00,,,Type I – Tropical Monsoon (PAGASA),Dry (Hot),Sandy Loam,Flat / Lowland,30,Tagamusing River,504.00,,,,84.17,656.52,7.80,Direct Seeding (Hill Planting / Furrow Method),Conventional Tillage: 1 deep plow (20–25 cm) + 1 harrowing; good tilth easily achieved,Furrow or sprinkler irrigation; AWD or weekly irrigation; good drainage natural
Corn,Pasileng Sur,November,2024,DS 2024-2025,Planting,88.00,25.80,22.20,30.20,79.00,,,Type I – Tropical Monsoon (PAGASA),Dry (Cool),Sandy Loam,Flat / Lowland,30,Tagamusing River,414.96,,,85.38,,,,Direct Seeding (Hill Planting / Furrow Method),Conventional Tillage: 1 deep plow (20–25 cm) + 1 harrowing; good tilth easily achieved,Furrow or sprinkler irrigation; AWD or weekly irrigation; good drainage natural
Corn,Pasileng Sur,March,2025,DS 2024-2025,Harvest,45.00,26.50,22.10,31.60,70.00,,,Type I – Tropical Monsoon (PAGASA),Dry (Hot),Sandy Loam,Flat / Lowland,30,Tagamusing River,414.96,,,,85.38,665.96,7.80,Direct Seeding (Hill Planting / Furrow Method),Conventional Tillage: 1 deep plow (20–25 cm) + 1 harrowing; good tilth easily achieved,Furrow or sprinkler irrigation; AWD or weekly irrigation; good drainage natural
Corn,Sta. Maria Norte,November,2024,DS 2024-2025,Planting,88.00,25.80,22.20,30.20,79.00,,,Type I – Tropical Monsoon (PAGASA),Dry (Cool),Sandy Loam,Flat / Lowland,30,Tagamusing River,157.08,,,28.97,,,,Direct Seeding (Hill Planting / Furrow Method),Conventional Tillage: 1 deep plow (20–25 cm) + 1 harrowing; good tilth easily achieved,Furrow or sprinkler irrigation; AWD or weekly irrigation; good drainage natural
Corn,Sta. Maria Norte,March,2025,DS 2024-2025,Harvest,45.00,26.50,22.10,31.60,70.00,,,Type I – Tropical Monsoon (PAGASA),Dry (Hot),Sandy Loam,Flat / Lowland,30,Tagamusing River,157.08,,,,28.97,225.94,7.80,Direct Seeding (Hill Planting / Furrow Method),Conventional Tillage: 1 deep plow (20–25 cm) + 1 harrowing; good tilth easily achieved,Furrow or sprinkler irrigation; AWD or weekly irrigation; good drainage natural
Corn,Bugayong,November,2024,DS 2024-2025,Planting,88.00,25.80,22.20,30.20,79.00,,,Type I – Tropical Monsoon (PAGASA),Dry (Cool),Sandy Loam / Silty Clay Loam,Flat / Lowland,30,Aloragat River,346.08,,,26.04,,,,Direct Seeding (Furrow or Hill Method),Conventional Tillage: 1 deep plow + harrowing; ensure good drainage channels,Furrow irrigation; avoid waterlogging — clay fraction retains excess moisture
Corn,Bugayong,March,2025,DS 2024-2025,Harvest,45.00,26.50,22.10,31.60,70.00,,,Type I – Tropical Monsoon (PAGASA),Dry (Hot),Sandy Loam / Silty Clay Loam,Flat / Lowland,30,Aloragat River,346.08,,,,26.04,203.15,7.80,Direct Seeding (Furrow or Hill Method),Conventional Tillage: 1 deep plow + harrowing; ensure good drainage channels,Furrow irrigation; avoid waterlogging — clay fraction retains excess moisture
Corn,Santiago,November,2024,DS 2024-2025,Planting,88.00,25.80,22.20,30.20,79.00,,,Type I – Tropical Monsoon (PAGASA),Dry (Cool),Silty Clay Loam,Flat / Lowland,30,—,283.08,,,86.38,,,,Direct Seeding (Furrow Method on Raised Beds),Deep Tillage (25 cm): 1–2 plowings; form raised beds 20–25 cm high to prevent waterlogging,Furrow irrigation only (not flood); ensure bed drainage; drain excess after rain
Corn,Santiago,March,2025,DS 2024-2025,Harvest,45.00,26.50,22.10,31.60,70.00,,,Type I – Tropical Monsoon (PAGASA),Dry (Hot),Silty Clay Loam,Flat / Lowland,30,—,283.08,,,,86.38,673.66,7.80,Direct Seeding (Furrow Method on Raised Beds),Deep Tillage (25 cm): 1–2 plowings; form raised beds 20–25 cm high to prevent waterlogging,Furrow irrigation only (not flood); ensure bed drainage; drain excess after rain
